# date + time → timestamp
# Add a time-of-day to a date
# date '2001-09-28' + time '03:00' → 2001-09-28 03:00:00

query P
SELECT '2001-09-28'::date + '03:00'::time
----
2001-09-28T03:00:00

query P
SELECT '03:00'::time + '2001-09-28'::date
----
2001-09-28T03:00:00

query T
SELECT arrow_typeof('2001-09-28'::date + '03:00'::time)
----
Timestamp(ns)

query P
SELECT '2001-09-28'::date - '03:00'::time
----
2001-09-27T21:00:00

query P
SELECT arrow_cast('2001-09-28', 'Date32') + arrow_cast('03:00', 'Time32(Second)')
----
2001-09-28T03:00:00

query P
SELECT arrow_cast('2001-09-28', 'Date32') + arrow_cast('03:00', 'Time32(Millisecond)')
----
2001-09-28T03:00:00

query P
SELECT arrow_cast('2001-09-28', 'Date32') + arrow_cast('03:00', 'Time64(Microsecond)')
----
2001-09-28T03:00:00

query P
SELECT arrow_cast('2001-09-28', 'Date32') + arrow_cast('03:00', 'Time64(Nanosecond)')
----
2001-09-28T03:00:00

query P
SELECT arrow_cast('2001-09-28', 'Date64') + arrow_cast('03:00', 'Time32(Second)')
----
2001-09-28T03:00:00

query P
SELECT arrow_cast('2001-09-28', 'Date64') + arrow_cast('03:00:00.123', 'Time32(Millisecond)')
----
2001-09-28T03:00:00.123

query P
SELECT arrow_cast('2001-09-28', 'Date64') + arrow_cast('03:00:00.123456', 'Time64(Microsecond)')
----
2001-09-28T03:00:00.123456

query P
SELECT arrow_cast('2001-09-28', 'Date64') + arrow_cast('03:00:00.001234567', 'Time64(Nanosecond)')
----
2001-09-28T03:00:00.001234567

query P
SELECT arrow_cast('03:00', 'Time32(Second)') + arrow_cast('2001-09-28', 'Date32')
----
2001-09-28T03:00:00

query P
SELECT arrow_cast('03:00', 'Time32(Millisecond)') + arrow_cast('2001-09-28', 'Date32')
----
2001-09-28T03:00:00

query P
SELECT arrow_cast('03:00', 'Time64(Microsecond)') + arrow_cast('2001-09-28', 'Date32')
----
2001-09-28T03:00:00

query P
SELECT arrow_cast('03:00', 'Time64(Nanosecond)') + arrow_cast('2001-09-28', 'Date32')
----
2001-09-28T03:00:00

query P
SELECT arrow_cast('03:00', 'Time32(Second)') + arrow_cast('2001-09-28', 'Date64')
----
2001-09-28T03:00:00

query P
SELECT arrow_cast('03:00:00.123', 'Time32(Millisecond)') + arrow_cast('2001-09-28', 'Date64')
----
2001-09-28T03:00:00.123

query P
SELECT arrow_cast('03:00:00.123456', 'Time64(Microsecond)') + arrow_cast('2001-09-28', 'Date64')
----
2001-09-28T03:00:00.123456

query P
SELECT arrow_cast('03:00:00.001234567', 'Time64(Nanosecond)') + arrow_cast('2001-09-28', 'Date64')
----
2001-09-28T03:00:00.001234567

query error Invalid arithmetic operation
SELECT '03:00'::time - '2001-09-28'::date

query error Invalid timestamp arithmetic operation
SELECT '2001-09-28'::date * '03:00'::time

query error Invalid timestamp arithmetic operation
SELECT '2001-09-28'::date / '03:00'::time

query error Invalid timestamp arithmetic operation
SELECT '2001-09-28'::date % '03:00'::time
