# Licensed to the Apache Software Foundation (ASF) under one
# or more contributor license agreements.  See the NOTICE file
# distributed with this work for additional information
# regarding copyright ownership.  The ASF licenses this file
# to you under the Apache License, Version 2.0 (the
# "License"); you may not use this file except in compliance
# with the License.  You may obtain a copy of the License at

#   http://www.apache.org/licenses/LICENSE-2.0

# Unless required by applicable law or agreed to in writing,
# software distributed under the License is distributed on an
# "AS IS" BASIS, WITHOUT WARRANTIES OR CONDITIONS OF ANY
# KIND, either express or implied.  See the License for the
# specific language governing permissions and limitations
# under the License.

query T
SELECT concat('Spark', 'SQL');
----
SparkSQL

query T
SELECT concat('Spark', 'SQL', NULL);
----
NULL

query T
SELECT concat('', '1', '', '2');
----
12

query T
SELECT concat();
----
(empty)

query T
SELECT concat('');
----
(empty)


query T
SELECT concat(a, b, c) from (select 'a' a, 'b' b, 'c' c union all select null a, 'b', 'c') order by 1 nulls last;
----
abc
NULL

# Test array concatenation
query ?
SELECT concat([1, 2], [3, 4]);
----
[1, 2, 3, 4]

query ?
SELECT concat([1, 2], [3, 4], [5, 6]);
----
[1, 2, 3, 4, 5, 6]

# Test array concatenation with nulls
query ?
SELECT concat([1, 2], NULL, [3, 4]);
----
[1, 2, 3, 4]

# Test array concatenation with empty arrays
query ?
SELECT concat([], [1, 2]);
----
[1, 2]

query ?
SELECT concat([1, 2], []);
----
[1, 2]

# Test concatenation of all null arrays should return empty array
query ?
SELECT concat(CAST(NULL AS INT[]), CAST(NULL AS INT[]));
----
[]

# Test string arrays
query ?
SELECT concat(['a', 'b'], ['c', 'd']);
----
[a, b, c, d]
