# Licensed to the Apache Software Foundation (ASF) under one
# or more contributor license agreements.  See the NOTICE file
# distributed with this work for additional information
# regarding copyright ownership.  The ASF licenses this file
# to you under the Apache License, Version 2.0 (the
# "License"); you may not use this file except in compliance
# with the License.  You may obtain a copy of the License at

#   http://www.apache.org/licenses/LICENSE-2.0

# Unless required by applicable law or agreed to in writing,
# software distributed under the License is distributed on an
# "AS IS" BASIS, WITHOUT WARRANTIES OR CONDITIONS OF ANY
# KIND, either express or implied.  See the License for the
# specific language governing permissions and limitations
# under the License.

##########
## Date/Time Handling Tests
##########

# Reproducer for https://github.com/apache/datafusion/issues/3944
statement ok
CREATE TABLE test(
  i_item_desc VARCHAR,
  d1_date DATE,
  d2_date DATE,
  d3_date DATE
) as VALUES
  ('a','2022-12-12','2022-12-12','2022-12-12'),
  ('b','2022-12-12','2022-12-11','2022-12-12'),
  ('c','2022-12-12','2022-12-10','2022-12-12'),
  ('d','2022-12-12','2022-12-9','2022-12-12'),
  ('e','2022-12-12','2022-12-8','2022-12-12'),
  ('f','2022-12-12','2022-12-7','2022-12-12'),
  ('g','2022-12-12','2022-12-6','2022-12-12'),
  ('h','2022-12-12','2022-12-5','2022-12-12')
;


query T rowsort
select i_item_desc
from test
where d3_date > d2_date + INTERVAL '1 days';
----
c
d
e
f
g
h

query T rowsort
select i_item_desc
from test
where d3_date > d2_date + INTERVAL '5 days';
----
g
h

# date and other predicate
query T rowsort
select i_item_desc
from test
where d3_date > d2_date + INTERVAL '5 days' AND i_item_desc != 'g';
----
h

# swap predicate order
query T rowsort
select i_item_desc
from test
where i_item_desc != 'g' AND d3_date > d2_date + INTERVAL '5 days';
----
h

## Use OR
query T rowsort
select i_item_desc from test
where d3_date > d2_date + INTERVAL '5 days'
   OR d3_date = d2_date + INTERVAL '3 days';
----
d
g
h

## Plan error when compare Utf8 and timestamp in where clause
statement error DataFusion error: type_coercion\ncaused by\nError during planning: Cannot coerce arithmetic expression Timestamp\(Nanosecond, Some\("\+00:00"\)\) \+ Utf8 to valid types
select i_item_desc from test
where d3_date > now() + '5 days';

# DATE minus DATE
# https://github.com/apache/arrow-rs/issues/4383
query ?
SELECT DATE '2023-04-09' - DATE '2023-04-02';
----
7 days 0 hours 0 mins 0 secs

# DATE minus Timestamp
query ?
SELECT DATE '2023-04-09' - '2000-01-01T00:00:00'::timestamp;
----
8499 days 0 hours 0 mins 0.000000000 secs

# Timestamp minus DATE
query ?
SELECT '2023-01-01T00:00:00'::timestamp - DATE '2021-01-01';
----
730 days 0 hours 0 mins 0.000000000 secs

# to_date_test
statement ok
create table to_date_t1(ts bigint) as VALUES
   (1235865600000),
   (1235865660000),
   (1238544000000);

# query_cast_timestamp_millis
query D
SELECT to_date(ts / 100000000) FROM to_date_t1 LIMIT 3
----
2003-11-02
2003-11-02
2003-11-29

# verify date with time zone, where the time zone date is already the next day, but result date in UTC is day before
query D
SELECT to_date('01-14-2023 01:01:30+05:30', '%q', '%d-%m-%Y %H/%M/%S', '%+', '%m-%d-%Y %H:%M:%S%#z');
----
2023-01-13

statement error DataFusion error: Execution error: to_date function unsupported data type at index 1: List
SELECT to_date('2022-08-03T14:38:50+05:30', make_array('%s', '%q', '%d-%m-%Y %H:%M:%S%#z', '%+'));

# query date with arrow_cast
query D
select to_date(arrow_cast(123, 'Int64'))
----
1970-05-04

# Parse sequence of digits which yield a valid date, e.g. "21311111" would be "2131-11-11"
query D
SELECT to_date('21311111');
----
2131-11-11

# Parse sequence of digits which do not make up a valid date
statement error DataFusion error: Arrow error:
SELECT to_date('213111111');

# verify date cast with integer input
query DDDDDD
SELECT to_date(null), to_date(0), to_date(19266320), to_date(1), to_date(-1), to_date(0-1)
----
NULL 1970-01-01 +54719-05-25 1970-01-02 1969-12-31 1969-12-31

# verify date output types
query TTT
SELECT arrow_typeof(to_date(1)), arrow_typeof(to_date(null)), arrow_typeof(to_date('2023-01-10 12:34:56.000'))
----
Date32 Date32 Date32

# verify date data with formatting options
query DDDDDD
SELECT to_date(null, '%+'), to_date(0, '%s'), to_date(192663, '%s'), to_date(1, '%+', '%s'), to_date(-1, '%c', '%+', '%s'), to_date(0-1, '%c', '%+', '%s')
----
NULL 1970-01-01 2497-06-29 1970-01-02 1969-12-31 1969-12-31

# verify date data with formatting options
query DDDDDD
SELECT to_date(null, '%+'), to_date(0, '%s'), to_date(192663, '%s'), to_date(1, '%+', '%s'), to_date(-1, '%c', '%+', '%s'), to_date(0-1, '%c', '%+', '%s')
----
NULL 1970-01-01 2497-06-29 1970-01-02 1969-12-31 1969-12-31

# verify date output types with formatting options
query TTT
SELECT arrow_typeof(to_date(1, '%c', '%s')), arrow_typeof(to_date(null, '%+', '%s')), arrow_typeof(to_date('2023-01-10 12:34:56.000', '%Y-%m-%d %H:%M:%S%.f'))
----
Date32 Date32 Date32

# to_date with invalid formatting
query error input contains invalid characters
SELECT to_date('2020-09-08 12/00/00+00:00', '%c', '%+')

# to_date with broken formatting
query error bad or unsupported format string
SELECT to_date('2020-09-08 12/00/00+00:00', '%q')

statement ok
create table ts_utf8_data(ts varchar(100), format varchar(100)) as values
  ('2020-09-08 12/00/00+00:00', '%Y-%m-%d %H/%M/%S%#z'),
  ('2031-01-19T23:33:25+05:00', '%+'),
  ('08-09-2020 12:00:00+00:00', '%d-%m-%Y %H:%M:%S%#z'),
  ('1926632005', '%s'),
  ('2000-01-01T01:01:01+07:00', '%+');

statement ok
create table ts_largeutf8_data as
select arrow_cast(ts, 'LargeUtf8') as ts, arrow_cast(format, 'LargeUtf8') as format from ts_utf8_data;

statement ok
create table ts_utf8view_data as
select arrow_cast(ts, 'Utf8View') as ts, arrow_cast(format, 'Utf8View') as format from ts_utf8_data;

# verify date data using tables with formatting options
query D
SELECT to_date(t.ts, t.format) from ts_utf8_data as t
----
2020-09-08
2031-01-19
2020-09-08
2031-01-19
1999-12-31

query D
SELECT to_date(t.ts, t.format) from ts_largeutf8_data as t
----
2020-09-08
2031-01-19
2020-09-08
2031-01-19
1999-12-31

query D
SELECT to_date(t.ts, t.format) from ts_utf8view_data as t
----
2020-09-08
2031-01-19
2020-09-08
2031-01-19
1999-12-31

# verify date data using tables with formatting options
query D
SELECT to_date(t.ts, '%Y-%m-%d %H/%M/%S%#z', '%+', '%s', '%d-%m-%Y %H:%M:%S%#z') from ts_utf8_data as t
----
2020-09-08
2031-01-19
2020-09-08
2031-01-19
1999-12-31

query D
SELECT to_date(t.ts, '%Y-%m-%d %H/%M/%S%#z', '%+', '%s', '%d-%m-%Y %H:%M:%S%#z') from ts_largeutf8_data as t
----
2020-09-08
2031-01-19
2020-09-08
2031-01-19
1999-12-31

query D
SELECT to_date(t.ts, '%Y-%m-%d %H/%M/%S%#z', '%+', '%s', '%d-%m-%Y %H:%M:%S%#z') from ts_utf8view_data as t
----
2020-09-08
2031-01-19
2020-09-08
2031-01-19
1999-12-31

# verify date data using tables with formatting options where at least one column cannot be parsed
query error Error parsing timestamp from '1926632005' using format '%d-%m-%Y %H:%M:%S%#z': input contains invalid characters
SELECT to_date(t.ts, '%Y-%m-%d %H/%M/%S%#z', '%+', '%d-%m-%Y %H:%M:%S%#z') from ts_utf8_data as t

# verify date data using tables with formatting options where one of the formats is invalid
query D
SELECT to_date(t.ts, '%Y-%m-%d %H/%M/%S%#z', '%s', '%q', '%d-%m-%Y %H:%M:%S%#z', '%+') from ts_utf8_data as t
----
2020-09-08
2031-01-19
2020-09-08
2031-01-19
1999-12-31

query D
SELECT to_date(t.ts, '%Y-%m-%d %H/%M/%S%#z', '%s', '%q', '%d-%m-%Y %H:%M:%S%#z', '%+') from ts_largeutf8_data as t
----
2020-09-08
2031-01-19
2020-09-08
2031-01-19
1999-12-31

query D
SELECT to_date(t.ts, '%Y-%m-%d %H/%M/%S%#z', '%s', '%q', '%d-%m-%Y %H:%M:%S%#z', '%+') from ts_utf8view_data as t
----
2020-09-08
2031-01-19
2020-09-08
2031-01-19
1999-12-31

# timestamp data using tables with formatting options in an array is not supported at this time
query error function unsupported data type at index 1:
SELECT to_date(t.ts, make_array('%Y-%m-%d %H/%M/%S%#z', '%s', '%q', '%d-%m-%Y %H:%M:%S%#z', '%+')) from ts_utf8_data as t

# verify to_date with format
query D
select to_date('2022-01-23', '%Y-%m-%d');
----
2022-01-23

query PPPP
select
    date_trunc('YEAR', to_date('2022-02-23', '%Y-%m-%d')),
    date_trunc('MONTH', to_date('2022-02-23', '%Y-%m-%d')),
    date_trunc('DAY', to_date('2022-02-23', '%Y-%m-%d')),
    date_trunc('WEEK', to_date('2022-02-23', '%Y-%m-%d'));
----
2022-01-01T00:00:00 2022-02-01T00:00:00 2022-02-23T00:00:00 2022-02-21T00:00:00

query PPPPP
select
    date_trunc('HOUR', to_date('2022-02-23', '%Y-%m-%d')),
    date_trunc('MINUTE', to_date('2022-02-23', '%Y-%m-%d')),
    date_trunc('SECOND', to_date('2022-02-23', '%Y-%m-%d')),
    date_trunc('MILLISECOND', to_date('2022-02-23', '%Y-%m-%d')),
    date_trunc('MICROSECOND', to_date('2022-02-23', '%Y-%m-%d'));
----
2022-02-23T00:00:00 2022-02-23T00:00:00 2022-02-23T00:00:00 2022-02-23T00:00:00 2022-02-23T00:00:00

query PPPP
select
    date_trunc('YEAR', d2_date),
    date_trunc('MONTH', d2_date),
    date_trunc('DAY', d2_date),
    date_trunc('WEEK', d2_date)
FROM test
----
2022-01-01T00:00:00 2022-12-01T00:00:00 2022-12-12T00:00:00 2022-12-12T00:00:00
2022-01-01T00:00:00 2022-12-01T00:00:00 2022-12-11T00:00:00 2022-12-05T00:00:00
2022-01-01T00:00:00 2022-12-01T00:00:00 2022-12-10T00:00:00 2022-12-05T00:00:00
2022-01-01T00:00:00 2022-12-01T00:00:00 2022-12-09T00:00:00 2022-12-05T00:00:00
2022-01-01T00:00:00 2022-12-01T00:00:00 2022-12-08T00:00:00 2022-12-05T00:00:00
2022-01-01T00:00:00 2022-12-01T00:00:00 2022-12-07T00:00:00 2022-12-05T00:00:00
2022-01-01T00:00:00 2022-12-01T00:00:00 2022-12-06T00:00:00 2022-12-05T00:00:00
2022-01-01T00:00:00 2022-12-01T00:00:00 2022-12-05T00:00:00 2022-12-05T00:00:00

statement ok
drop table ts_utf8_data
