# Licensed to the Apache Software Foundation (ASF) under one
# or more contributor license agreements.  See the NOTICE file
# distributed with this work for additional information
# regarding copyright ownership.  The ASF licenses this file
# to you under the Apache License, Version 2.0 (the
# "License"); you may not use this file except in compliance
# with the License.  You may obtain a copy of the License at

#   http://www.apache.org/licenses/LICENSE-2.0

# Unless required by applicable law or agreed to in writing,
# software distributed under the License is distributed on an
# "AS IS" BASIS, WITHOUT WARRANTIES OR CONDITIONS OF ANY
# KIND, either express or implied.  See the License for the
# specific language governing permissions and limitations
# under the License.

##########
## DDL Tests
##########

statement ok
CREATE TABLE users AS VALUES(1,2),(2,3);

query II rowsort
select * from users;
----
1 2
2 3

statement ok
drop table users

statement ok
SELECT * INTO users FROM (VALUES(1,2),(2,3));

query II rowsort
select * from users;
----
1 2
2 3

# Error if the table already exists
statement error DataFusion error: Execution error: Table 'users' already exists
SELECT * INTO users FROM (VALUES(1,2),(2,3));

statement ok
insert into users values(2, 4);

query II rowsort
select * from users;
----
1 2
2 3
2 4

statement ok
insert into users values(1 + 10, 20);

query II rowsort
select * from users;
----
1 2
11 20
2 3
2 4


# Dropping table
statement ok
DROP TABLE users;

# Table is gone
statement error Error during planning: table 'datafusion.public.users' not found
select * from users;

# Can not drop it again
statement error Table 'user' doesn't exist.
DROP TABLE user;

# Can not insert into a undefined table
statement error DataFusion error: Error during planning: table 'datafusion.public.user' not found
insert into user values(1, 20);

##########
# Multipart identifier test (CREATE/DROP TABLE)
##########

# Verify that creating tables with periods in their name works
# (note "foo.bar" is the table name, NOT table "bar" in schema "foo")
statement ok
CREATE TABLE "foo.bar" AS VALUES(1,2),(2,3);

# Should be able to select from it as well
query II rowsort
select * from "foo.bar";
----
1 2
2 3

# Can not select from non existent foo.bar table
statement error DataFusion error: Error during planning: table 'datafusion.foo.bar' not found
select * from foo.bar;

# Error if wrong capitalization to select
statement error table 'datafusion.public.Foo.bar' not found
select * from "Foo.bar";

# Should be able to drop the table
statement ok
drop table "foo.bar";

# Verify that creating tables with three periods also works
statement ok
CREATE TABLE "foo.bar.baz" AS VALUES(8,9);

# Should be able to select from it as well
query II rowsort
select * from "foo.bar.baz";
----
8 9

# And drop
statement ok
drop table "foo.bar.baz"

##########
# Multipart identifier test (CREATE/DROP VIEW)
##########

# Verify that creating views with periods in their name works
# (note "foo.bar" is the table name, NOT table "bar" in schema "foo")
statement ok
CREATE VIEW "foo.bar" AS VALUES(1,2),(2,3);

# Should be able to select from it as well
query II rowsort
select * from "foo.bar";
----
1 2
2 3

# Can not select from non existent foo.bar view
statement error DataFusion error: Error during planning: table 'datafusion.foo.bar' not found
select * from foo.bar;

# Error if wrong capitalization to select
statement error table 'datafusion.public.Foo.bar' not found
select * from "Foo.bar";

# Should be able to drop the view
statement ok
drop view "foo.bar";

# Verify that creating views with three periods also works
statement ok
CREATE VIEW "foo.bar.baz" AS VALUES(8,9);

# Should be able to select from it as well
query II rowsort
select * from "foo.bar.baz";
----
8 9

# And drop
statement ok
drop view "foo.bar.baz"

##########
# Query views in other schemas.
##########

statement ok
CREATE SCHEMA foo_schema;

# Should be able to create view in "foo_schema".
statement ok
CREATE VIEW foo_schema.bar AS (SELECT 1 as a, 2 as b);

# And be able to query it.
query II
SELECT * FROM foo_schema.bar;
----
1 2

# Make sure we can query individual columns with various qualifications.

query I
SELECT a FROM foo_schema.bar;
----
1

query I
SELECT bar.a FROM foo_schema.bar;
----
1

query I
SELECT foo_schema.bar.a FROM foo_schema.bar;
----
1

# TODO: Drop schema for cleanup, see #6027
# statement ok
# DROP SCHEMA foo_schema;

##########
# Drop view error tests
##########

statement ok
CREATE VIEW foo AS VALUES(1,2),(2,3);

statement ok
CREATE VIEW bar AS VALUES(3,4),(4,5);

# Should be able to select from it as well
query II rowsort
select * from "foo";
----
1 2
2 3

query II rowsort
select * from "bar";
----
3 4
4 5

# multiple drops not supported
statement error Multiple objects not supported
DROP VIEW foo, bar;

# multiple drops not supported
statement ok
DROP VIEW foo;

# Ok to drop
statement ok
DROP VIEW bar;

# not ok to drop after already dropped
statement error View 'bar' doesn't exist.
DROP VIEW bar;

# ok to drop with IF EXISTS after already dropped
statement ok
DROP VIEW IF EXISTS bar;

# can't drop non existent view
statement error View 'non_existent_view' doesn't exist.
DROP VIEW non_existent_view

##########
# Create / drop views agaist tables
##########

statement ok
CREATE external table aggregate_simple(c1 real, c2 double, c3 boolean) STORED as CSV LOCATION '../core/tests/data/aggregate_simple.csv' OPTIONS ('format.has_header' 'true');

# create_table_as
statement ok
CREATE TABLE my_table AS SELECT * FROM aggregate_simple

query RRB rowsort
SELECT * FROM my_table order by c1 LIMIT 1
----
0.00001 0.000000000001 true

statement ok
drop table my_table

# select_into
statement ok
SELECT* INTO my_table FROM (SELECT * FROM aggregate_simple)

query RRB rowsort
SELECT * FROM my_table order by c1 LIMIT 1
----
0.00001 0.000000000001 true

statement ok
DROP TABLE my_table;

# not ok to drop after already dropped
statement error Table 'my_table' doesn't exist.
DROP TABLE my_table;

# ok to drop after already dropped with IF EXISTS
statement ok
DROP TABLE IF EXISTS my_table;

# Can't drop non existent table
statement error Table 'non_existent_table' doesn't exist.
DROP TABLE non_existent_table;


# create_table_with_schema_as_select
statement ok
CREATE TABLE my_table(c1 float, c2 double, c3 boolean, c4 varchar) AS SELECT *,c3 as c4_tmp FROM aggregate_simple;

query RRBT rowsort
SELECT * FROM my_table order by c1 LIMIT 1
----
0.00001 0.000000000001 true true

statement ok
DROP TABLE my_table;

statement ok
DROP TABLE aggregate_simple

# Arrow format
statement ok
CREATE external table arrow_simple STORED as ARROW LOCATION '../core/tests/data/example.arrow';

query ITB rowsort
SELECT * FROM arrow_simple order by f1 LIMIT 1
----
2 bar NULL

statement ok
DROP TABLE arrow_simple

# create_table_with_schema_as_select_mismatch
statement error table 'datafusion.public.aggregate_simple' not found
CREATE TABLE my_table(c1 float, c2 double, c3 boolean, c4 varchar) AS SELECT * FROM aggregate_simple;


# create_table_with_schema_as_values
statement ok
CREATE TABLE my_table(c1 int, c2 float, c3 varchar) AS VALUES(1, 2, 'hello')

query IRT rowsort
SELECT * FROM my_table;
----
1 2 hello

# Preserving data types with select into
statement ok
SELECT * INTO new_table FROM my_table

query IRT rowsort
SELECT * FROM new_table;
----
1 2 hello

statement ok
DROP TABLE new_table

statement ok
DROP TABLE my_table;

# create_table_with_schema_as_multiple_values
statement ok
CREATE TABLE test_table(c1 int, c2 float, c3 varchar) AS VALUES(1, 2, 'hello'),(2, 1, 'there'),(3, 0, '!');

statement ok
SELECT * INTO new_table FROM test_table ORDER BY c1 DESC LIMIT 2

query IRT
SELECT * FROM new_table
----
3 0 !
2 1 there

statement ok
DROP TABLE new_table;

# Select into without alias names of window aggregates
statement ok
SELECT SUM(c1) OVER(ORDER BY c2), c2, c3 INTO new_table FROM test_table

query IRT
SELECT * FROM new_table
----
3 0 !
5 1 there
6 2 hello

statement ok
DROP TABLE new_table;

# Create table as without alias names of window aggregates
statement ok
CREATE TABLE new_table AS SELECT SUM(c1) OVER(ORDER BY c2), c2, c3 FROM test_table

query IRT
SELECT * FROM new_table
----
3 0 !
5 1 there
6 2 hello

statement ok
DROP TABLE new_table;

# TODO enable information schema

statement ok
CREATE TABLE y AS VALUES (1,2),(3,4);

statement ok
CREATE OR REPLACE TABLE y AS VALUES (5,6);

query II
SELECT * FROM y
----
5 6

# 'IF NOT EXISTS' cannot coexist with 'REPLACE'
statement error Execution error: 'IF NOT EXISTS' cannot coexist with 'REPLACE'
CREATE OR REPLACE TABLE if not exists y AS VALUES (7,8);

statement ok
DROP TABLE y


# drop_view_cant_drop_table
statement ok
CREATE TABLE t AS SELECT 1

statement error View 't' doesn't exist.
DROP VIEW t

statement ok
DROP TABLE t

# drop_table_cant_drop_view
statement ok
CREATE VIEW v AS SELECT 1;

statement error Table 'v' doesn't exist.
DROP TABLE v;

statement ok
DROP VIEW v;


# csv_query_create_external_table
statement ok
CREATE EXTERNAL TABLE aggregate_test_100 (
        c1  VARCHAR NOT NULL,
        c2  TINYINT NOT NULL,
        c3  SMALLINT NOT NULL,
        c4  SMALLINT NOT NULL,
        c5  INTEGER NOT NULL,
        c6  BIGINT NOT NULL,
        c7  SMALLINT NOT NULL,
        c8  INT NOT NULL,
        c9  INT UNSIGNED NOT NULL,
        c10 BIGINT UNSIGNED NOT NULL,
        c11 FLOAT NOT NULL,
        c12 DOUBLE NOT NULL,
        c13 VARCHAR NOT NULL
    )
STORED AS CSV
LOCATION '../../testing/data/csv/aggregate_test_100.csv'
OPTIONS ('format.has_header' 'true');

query TIIIIIIIIIRRT
SELECT c1, c2, c3, c4, c5, c6, c7, c8, c9, 10, c11, c12, c13 FROM aggregate_test_100 LIMIT 1;
----
c 2 1 18109 2033001162 -6513304855495910254 25 43062 1491205016 10 0.110830784 0.929409733247 6WfVFBVGJSQb7FhA7E0lBwdvjfZnSW



# create_external_table_with_timestamps
statement ok
CREATE EXTERNAL TABLE csv_with_timestamps (
name VARCHAR,
ts TIMESTAMP
) STORED AS CSV
LOCATION '../core/tests/data/timestamps.csv'
OPTIONS('format.has_header' 'false');

query TP
SELECT * from csv_with_timestamps
----
Jorge 2018-12-13T12:12:10.011
Andrew 2018-11-13T17:11:10.011

statement ok
DROP TABLE csv_with_timestamps

# create_partitioned_external_table
#
# this test covers creating a partitioned file. The input files are in this structure:
#
# tests/data/partitioned_table/c_date=2018-12-13/timestamps.csv
# tests/data/partitioned_table/c_date=2018-11-13/timestamps.csv

statement ok
CREATE EXTERNAL TABLE csv_with_timestamps (
  name VARCHAR,
  ts TIMESTAMP,
  c_date DATE,
)
STORED AS CSV
PARTITIONED BY (c_date)
LOCATION '../core/tests/data/partitioned_table'
OPTIONS('format.has_header' 'false');

query TPD
SELECT * from csv_with_timestamps where c_date='2018-11-13'
----
Jorge 2018-12-13T12:12:10.011 2018-11-13
Andrew 2018-11-13T17:11:10.011 2018-11-13

statement ok
DROP TABLE csv_with_timestamps


# sql_create_duplicate_table
# Can not recreate the same table
statement ok
CREATE TABLE y AS VALUES (1,2,3);

statement error Table 'y' already exists
CREATE TABLE y AS VALUES (1,2,3);

statement ok
DROP TABLE y;


# Can not recreate the same view
statement ok
CREATE VIEW y AS VALUES (1,2,3);

statement error Table 'y' already exists
CREATE VIEW y AS VALUES (1,2,3);

statement ok
DROP VIEW y;



# create_pipe_delimited_csv_table()

statement ok
CREATE EXTERNAL TABLE aggregate_simple STORED AS CSV LOCATION '../core/tests/data/aggregate_simple_pipe.csv' OPTIONS ('format.delimiter' '|', 'format.has_header' 'true');


query RRB
SELECT * FROM aggregate_simple order by c1 LIMIT 1;
----
0.00001 0.000000000001 true

query RRB
SELECT * FROM aggregate_simple order by c1 DESC LIMIT 1;
----
0.00005 0.000000000005 true


statement ok
DROP TABLE aggregate_simple


# sql_table_insert
statement ok
CREATE TABLE abc AS VALUES (1,2,3), (4,5,6);

statement ok
CREATE TABLE xyz AS VALUES (1,3,3), (5,5,6);

statement ok
INSERT INTO abc SELECT * FROM xyz;

query III
SELECT * FROM abc
----
1 2 3
4 5 6
1 3 3
5 5 6

# Should create an empty table
statement ok
CREATE TABLE table_without_values(field1 BIGINT NULL, field2 BIGINT NULL);


# Should skip existing table
statement ok
CREATE TABLE IF NOT EXISTS table_without_values(field1 BIGINT, field2 BIGINT);

statement ok
CREATE EXTERNAL TABLE aggregate_simple STORED AS CSV LOCATION '../core/tests/data/aggregate_simple.csv' OPTIONS ('format.has_header' 'true');

# Should not recreate the same EXTERNAL table
statement error Execution error: Table 'aggregate_simple' already exists
CREATE EXTERNAL TABLE aggregate_simple STORED AS CSV LOCATION '../core/tests/data/aggregate_simple.csv' OPTIONS ('format.has_header' 'true');

statement ok
CREATE EXTERNAL TABLE IF NOT EXISTS aggregate_simple STORED AS CSV LOCATION '../core/tests/data/aggregate_simple.csv' OPTIONS ('format.has_header' 'true');

# create bad custom table
statement error DataFusion error: Execution error: Unable to find factory for DELTATABLE
CREATE EXTERNAL TABLE dt STORED AS DELTATABLE LOCATION 's3://bucket/schema/table';


# Should not recreate the same table
statement error Table 'table_without_values' already exists
CREATE TABLE table_without_values(field1 BIGINT, field2 BIGINT);


# 'IF NOT EXISTS' cannot coexist with 'REPLACE'
statement error Execution error: 'IF NOT EXISTS' cannot coexist with 'REPLACE'
CREATE OR REPLACE TABLE IF NOT EXISTS table_without_values(field1 BIGINT, field2 BIGINT);

# Should insert into an empty table
statement ok
insert into table_without_values values (1, 2), (2, 3), (2, 4);

query II
select * from table_without_values
----
1 2
2 3
2 4


# Should recreate existing table
statement ok
CREATE OR REPLACE TABLE table_without_values(field1 BIGINT NULL, field2 BIGINT NULL);


# Should insert into a recreated table
statement ok
insert into table_without_values values (10, 20);

query II rowsort
select * from table_without_values;
----
10 20

# Enable information_schema, so we can execute show create table
statement ok
set datafusion.catalog.information_schema = true;

statement ok
CREATE OR REPLACE TABLE TABLE_WITH_NORMALIZATION(FIELD1 BIGINT, FIELD2 BIGINT);

# Check table name is in lowercase
query TTTT
show create table table_with_normalization
----
datafusion public table_with_normalization NULL

# Check column name is in uppercase
query TTT
describe table_with_normalization
----
field1 Int64 YES
field2 Int64 YES

# Disable ident normalization
statement ok
set datafusion.sql_parser.enable_ident_normalization = false;

statement ok
CREATE TABLE TABLE_WITHOUT_NORMALIZATION(FIELD1 BIGINT, FIELD2 BIGINT) AS VALUES (1,2);

# Check table name is in uppercase
query TTTT
show create table TABLE_WITHOUT_NORMALIZATION
----
datafusion public TABLE_WITHOUT_NORMALIZATION NULL

# Check column name is in uppercase
query TTT
describe TABLE_WITHOUT_NORMALIZATION
----
FIELD1 Int64 YES
FIELD2 Int64 YES

statement ok
set datafusion.sql_parser.enable_ident_normalization = true;


statement ok
create table foo(x int);

statement ok
insert into foo values (null);

query I
select * from foo;
----
NULL

statement ok
drop table foo;

# create csv table with empty csv file
statement ok
CREATE EXTERNAL TABLE empty STORED AS CSV LOCATION '../core/tests/data/empty.csv' OPTIONS ('format.has_header' 'true');

query TTI
select column_name, data_type, ordinal_position from information_schema.columns where table_name='empty';;
----
c1 Utf8 0
c2 Utf8 1
c3 Utf8 2


## should allow any type of exprs as values
statement ok
create table t (i interval, x int) as values (interval '5 days 3 nanoseconds', CASE when true then 1 else 0 end);

query ?I
select * from t;
----
5 days 0.000000003 secs 1

statement ok
drop table t;

##########
# Dropping schemas
##########

statement error DataFusion error: Execution error: Cannot drop schema foo_schema because other tables depend on it: bar
DROP SCHEMA foo_schema;

statement ok
DROP SCHEMA foo_schema CASCADE;

statement error DataFusion error: Execution error: Schema 'doesnt_exist' doesn't exist.
DROP SCHEMA doesnt_exist;

statement ok
DROP SCHEMA IF EXISTS doesnt_exist;

statement ok
CREATE SCHEMA empty_schema;

statement ok
DROP SCHEMA empty_schema;

##########
# creating external CSV tables with an infinite marking
##########

# external table with infinite source
statement ok
CREATE UNBOUNDED external table t(c1 integer, c2 integer, c3 integer)
STORED as CSV
LOCATION '../core/tests/data/empty.csv'
OPTIONS ('format.has_header' 'true');

# should see infinite_source=true in the explain
query TT
explain select c1 from t;
----
logical_plan TableScan: t projection=[c1]
physical_plan StreamingTableExec: partition_sizes=1, projection=[c1], infinite_source=true

statement ok
drop table t;


# external table without explicit non infinite source
statement ok
CREATE external table t(c1 integer, c2 integer, c3 integer)
STORED as CSV
LOCATION '../core/tests/data/empty.csv'
OPTIONS ('format.has_header' 'true');

# expect to see no infinite_source in the explain
query TT
explain select c1 from t;
----
logical_plan TableScan: t projection=[c1]
physical_plan CsvExec: file_groups={1 group: [[WORKSPACE_ROOT/datafusion/core/tests/data/empty.csv]]}, projection=[c1], has_header=true

statement ok
drop table t;
