# Licensed to the Apache Software Foundation (ASF) under one
# or more contributor license agreements.  See the NOTICE file
# distributed with this work for additional information
# regarding copyright ownership.  The ASF licenses this file
# to you under the Apache License, Version 2.0 (the
# "License"); you may not use this file except in compliance
# with the License.  You may obtain a copy of the License at

#   http://www.apache.org/licenses/LICENSE-2.0

# Unless required by applicable law or agreed to in writing,
# software distributed under the License is distributed on an
# "AS IS" BASIS, WITHOUT WARRANTIES OR CONDITIONS OF ANY
# KIND, either express or implied.  See the License for the
# specific language governing permissions and limitations
# under the License.

statement ok
CREATE EXTERNAL TABLE aggregate_test_100 (
  c1  VARCHAR NOT NULL,
  c2  TINYINT NOT NULL,
  c3  SMALLINT NOT NULL,
  c4  SMALLINT,
  c5  INT,
  c6  BIGINT NOT NULL,
  c7  SMALLINT NOT NULL,
  c8  INT NOT NULL,
  c9  BIGINT UNSIGNED NOT NULL,
  c10 VARCHAR NOT NULL,
  c11 FLOAT NOT NULL,
  c12 DOUBLE NOT NULL,
  c13 VARCHAR NOT NULL
)
STORED AS CSV
LOCATION '../../testing/data/csv/aggregate_test_100.csv'
OPTIONS ('format.has_header' 'true');

# Basic example: distinct on the first column project the second one, and
# order by the third
query TI
SELECT DISTINCT ON (c1) c1, c2 FROM aggregate_test_100 ORDER BY c1, c3, c9;
----
a 4
b 4
c 2
d 1
e 3

# Basic example + reverse order of the selected column
query TI
SELECT DISTINCT ON (c1) c1, c2 FROM aggregate_test_100 ORDER BY c1, c3 DESC, c9;
----
a 1
b 5
c 4
d 1
e 1

# Basic example + reverse order of the ON column
query TI
SELECT DISTINCT ON (c1) c1, c2 FROM aggregate_test_100 ORDER BY c1 DESC, c3, c9;
----
e 3
d 1
c 2
b 4
a 4

# Basic example + reverse order of both columns + limit
query TI
SELECT DISTINCT ON (c1) c1, c2 FROM aggregate_test_100 ORDER BY c1 DESC, c3 DESC LIMIT 3;
----
e 1
d 1
c 4

# Basic example + omit ON column from selection
query I
SELECT DISTINCT ON (c1) c2 FROM aggregate_test_100 ORDER BY c1, c3;
----
4
4
2
1
3

# Test explain makes sense
query TT
EXPLAIN SELECT DISTINCT ON (c1) c3, c2 FROM aggregate_test_100 ORDER BY c1, c3;
----
logical_plan
01)Projection: first_value(aggregate_test_100.c3) ORDER BY [aggregate_test_100.c1 ASC NULLS LAST, aggregate_test_100.c3 ASC NULLS LAST] AS c3, first_value(aggregate_test_100.c2) ORDER BY [aggregate_test_100.c1 ASC NULLS LAST, aggregate_test_100.c3 ASC NULLS LAST] AS c2
02)--Sort: aggregate_test_100.c1 ASC NULLS LAST
03)----Aggregate: groupBy=[[aggregate_test_100.c1]], aggr=[[first_value(aggregate_test_100.c3) ORDER BY [aggregate_test_100.c1 ASC NULLS LAST, aggregate_test_100.c3 ASC NULLS LAST], first_value(aggregate_test_100.c2) ORDER BY [aggregate_test_100.c1 ASC NULLS LAST, aggregate_test_100.c3 ASC NULLS LAST]]]
04)------TableScan: aggregate_test_100 projection=[c1, c2, c3]
physical_plan
01)ProjectionExec: expr=[first_value(aggregate_test_100.c3) ORDER BY [aggregate_test_100.c1 ASC NULLS LAST, aggregate_test_100.c3 ASC NULLS LAST]@1 as c3, first_value(aggregate_test_100.c2) ORDER BY [aggregate_test_100.c1 ASC NULLS LAST, aggregate_test_100.c3 ASC NULLS LAST]@2 as c2]
02)--SortPreservingMergeExec: [c1@0 ASC NULLS LAST]
03)----SortExec: expr=[c1@0 ASC NULLS LAST], preserve_partitioning=[true]
04)------AggregateExec: mode=FinalPartitioned, gby=[c1@0 as c1], aggr=[first_value(aggregate_test_100.c3) ORDER BY [aggregate_test_100.c1 ASC NULLS LAST, aggregate_test_100.c3 ASC NULLS LAST], first_value(aggregate_test_100.c2) ORDER BY [aggregate_test_100.c1 ASC NULLS LAST, aggregate_test_100.c3 ASC NULLS LAST]]
05)--------CoalesceBatchesExec: target_batch_size=8192
06)----------RepartitionExec: partitioning=Hash([c1@0], 4), input_partitions=4
07)------------AggregateExec: mode=Partial, gby=[c1@0 as c1], aggr=[first_value(aggregate_test_100.c3) ORDER BY [aggregate_test_100.c1 ASC NULLS LAST, aggregate_test_100.c3 ASC NULLS LAST], first_value(aggregate_test_100.c2) ORDER BY [aggregate_test_100.c1 ASC NULLS LAST, aggregate_test_100.c3 ASC NULLS LAST]]
08)--------------RepartitionExec: partitioning=RoundRobinBatch(4), input_partitions=1
09)----------------CsvExec: file_groups={1 group: [[WORKSPACE_ROOT/testing/data/csv/aggregate_test_100.csv]]}, projection=[c1, c2, c3], has_header=true

# ON expressions are not a sub-set of the ORDER BY expressions
query error SELECT DISTINCT ON expressions must match initial ORDER BY expressions
SELECT DISTINCT ON (c2 % 2 = 0) c2, c3 - 100 FROM aggregate_test_100 ORDER BY c2, c3;

# ON expressions are empty
query error DataFusion error: Error during planning: No `ON` expressions provided
SELECT DISTINCT ON () c1, c2 FROM aggregate_test_100 ORDER BY c1, c2;

# Use expressions in the ON and ORDER BY clauses, as well as the selection
query II
SELECT DISTINCT ON (c2 % 2 = 0) c2, c3 - 100 FROM aggregate_test_100 ORDER BY c2 % 2 = 0, c3 DESC;
----
1 25
4 23

# Multiple complex expressions
query TIB
SELECT DISTINCT ON (chr(ascii(c1) + 3), c2 % 2) chr(ascii(upper(c1)) + 3), c2 % 2, c3 > 80 AND c2 % 2 = 1
FROM aggregate_test_100
WHERE c1 IN ('a', 'b')
ORDER BY chr(ascii(c1) + 3), c2 % 2, c3 DESC;
----
D 0 false
D 1 true
E 0 false
E 1 false

# Joins using CTEs
query II
WITH t1 AS (SELECT * FROM aggregate_test_100),
t2 AS (SELECT * FROM aggregate_test_100)
SELECT DISTINCT ON (t1.c1, t2.c2) t2.c3, t1.c4
FROM t1 INNER JOIN t2 ON t1.c13 = t2.c13
ORDER BY t1.c1, t2.c2, t2.c5
LIMIT 3;
----
-25 15295
45 15673
-72 -11122

# use wildcard
query TIIIIIIIITRRT
SELECT DISTINCT ON (c1) * FROM aggregate_test_100 ORDER BY c1 LIMIT 3;
----
a 1 -85 -15154 1171968280 1919439543497968449 77 52286 774637006 12101411955859039553 0.12285209 0.686439196277 0keZ5G8BffGwgF2RwQD59TFzMStxCB
b 1 29 -18218 994303988 5983957848665088916 204 9489 3275293996 14857091259186476033 0.53840446 0.179090351188 AyYVExXK6AR2qUTxNZ7qRHQOVGMLcz
c 2 1 18109 2033001162 -6513304855495910254 25 43062 1491205016 5863949479783605708 0.110830784 0.929409733247 6WfVFBVGJSQb7FhA7E0lBwdvjfZnSW

# can't distinct on *
query error DataFusion error: SQL error: ParserError\("Expected: an expression:, found: \*"\)
SELECT DISTINCT ON (*) c1 FROM aggregate_test_100 ORDER BY c1 LIMIT 3;


# test distinct on
statement ok
create table t(a int, b int, c int) as values (1, 2, 3);

statement ok
set datafusion.explain.logical_plan_only = true;

query TT
explain select distinct on (a) b from t order by a desc, c;
----
logical_plan
01)Projection: first_value(t.b) ORDER BY [t.a DESC NULLS FIRST, t.c ASC NULLS LAST] AS b
02)--Sort: t.a DESC NULLS FIRST
03)----Aggregate: groupBy=[[t.a]], aggr=[[first_value(t.b) ORDER BY [t.a DESC NULLS FIRST, t.c ASC NULLS LAST]]]
04)------TableScan: t projection=[a, b, c]

statement ok
drop table t;

# test distinct
statement ok
create table t(a int, b int) as values (1, 2);

statement ok
set datafusion.explain.logical_plan_only = true;

query TT
explain select distinct a, b from t;
----
logical_plan
01)Aggregate: groupBy=[[t.a, t.b]], aggr=[[]]
02)--TableScan: t projection=[a, b]

statement ok
drop table t;
