# Licensed to the Apache Software Foundation (ASF) under one
# or more contributor license agreements.  See the NOTICE file
# distributed with this work for additional information
# regarding copyright ownership.  The ASF licenses this file
# to you under the Apache License, Version 2.0 (the
# "License"); you may not use this file except in compliance
# with the License.  You may obtain a copy of the License at

#   http://www.apache.org/licenses/LICENSE-2.0

# Unless required by applicable law or agreed to in writing,
# software distributed under the License is distributed on an
# "AS IS" BASIS, WITHOUT WARRANTIES OR CONDITIONS OF ANY
# KIND, either express or implied.  See the License for the
# specific language governing permissions and limitations
# under the License.

# test_boolean_expressions
query BBBB
SELECT true, false, false = false, true = false
----
true false true false

# test_mathematical_expressions_with_null
query RRRRRRRRRRRRRRRRRR?RRRRRRRIRRRRRRBB
SELECT
    sqrt(NULL),
    cbrt(NULL),
    sin(NULL),
    cos(NULL),
    tan(NULL),
    asin(NULL),
    acos(NULL),
    atan(NULL),
    sinh(NULL),
    cosh(NULL),
    tanh(NULL),
    asinh(NULL),
    acosh(NULL),
    atanh(NULL),
    floor(NULL),
    ceil(NULL),
    round(NULL),
    trunc(NULL),
    abs(NULL),
    signum(NULL),
    exp(NULL),
    ln(NULL),
    log2(NULL),
    log10(NULL),
    power(NULL, 2),
    power(NULL, NULL),
    power(2, NULL),
    atan2(NULL, NULL),
    atan2(1, NULL),
    atan2(NULL, 1),
    nanvl(NULL, NULL),
    nanvl(1, NULL),
    nanvl(NULL, 1),
    isnan(NULL),
    iszero(NULL)
----
NULL NULL NULL NULL NULL NULL NULL NULL NULL NULL NULL NULL NULL NULL NULL NULL NULL NULL NULL NULL NULL NULL NULL NULL NULL NULL NULL NULL NULL NULL NULL NULL NULL NULL NULL

# test_array_cast_invalid_timezone_will_panic
statement error Parser error: Invalid timezone "Foo": failed to parse timezone
SELECT arrow_cast('2021-01-02T03:04:00', 'Timestamp(Nanosecond, Some("Foo"))')

# test_array_index
query III??IIIIII
SELECT
    ([5,4,3,2,1])[1],
    ([5,4,3,2,1])[2],
    ([5,4,3,2,1])[5],
    ([[1, 2], [2, 3], [3,4]])[1],
    ([[1, 2], [2, 3], [3,4]])[3],
    ([[1, 2], [2, 3], [3,4]])[1][1],
    ([[1, 2], [2, 3], [3,4]])[2][2],
    ([[1, 2], [2, 3], [3,4]])[3][2],
    -- out of bounds
    ([5,4,3,2,1])[0],
    ([5,4,3,2,1])[6],
    -- ([5,4,3,2,1])[-1], -- TODO: wrong answer
    -- ([5,4,3,2,1])[null], -- TODO: not supported
    ([5,4,3,2,1])[100]
----
5 4 1 [1, 2] [3, 4] 1 3 4 NULL NULL NULL

# test_array_literals
query ?????
SELECT
    [1,2,3,4,5],
    [true, false],
    ['str1', 'str2'],
    [[1,2], [3,4]],
    []
----
[1, 2, 3, 4, 5] [true, false] [str1, str2] [[1, 2], [3, 4]] []

# test_struct_literals
query ??????
SELECT
    STRUCT(1,2,3,4,5),
    STRUCT(Null),
    STRUCT(2),
    STRUCT('1',Null),
    STRUCT(true, false),
    STRUCT('str1', 'str2')
----
{c0: 1, c1: 2, c2: 3, c3: 4, c4: 5} {c0: } {c0: 2} {c0: 1, c1: } {c0: true, c1: false} {c0: str1, c1: str2}

# test binary_bitwise_shift
query IIII
SELECT
    2 << 10,
    2048 >> 10,
    2048 << NULL,
    2048 >> NULL
----
2048 2 NULL NULL

query ?
SELECT interval '1'
----
0 years 0 mons 0 days 0 hours 0 mins 1.000000000 secs

query ?
SELECT interval '1 second'
----
0 years 0 mons 0 days 0 hours 0 mins 1.000000000 secs

query ?
SELECT interval '500 milliseconds'
----
0 years 0 mons 0 days 0 hours 0 mins 0.500000000 secs

query ?
SELECT interval '5 second'
----
0 years 0 mons 0 days 0 hours 0 mins 5.000000000 secs

query ?
SELECT interval '0.5 minute'
----
0 years 0 mons 0 days 0 hours 0 mins 30.000000000 secs

query ?
SELECT interval '.5 minute'
----
0 years 0 mons 0 days 0 hours 0 mins 30.000000000 secs

query ?
SELECT interval '5 minute'
----
0 years 0 mons 0 days 0 hours 5 mins 0.000000000 secs

query ?
SELECT interval '5 minute 1 second'
----
0 years 0 mons 0 days 0 hours 5 mins 1.000000000 secs

query ?
SELECT interval '1 hour'
----
0 years 0 mons 0 days 1 hours 0 mins 0.000000000 secs

query ?
SELECT interval '5 hour'
----
0 years 0 mons 0 days 5 hours 0 mins 0.000000000 secs

query ?
SELECT interval '1 day'
----
0 years 0 mons 1 days 0 hours 0 mins 0.000000000 secs

query ?
SELECT interval '1 week'
----
0 years 0 mons 7 days 0 hours 0 mins 0.000000000 secs

query ?
SELECT interval '2 weeks'
----
0 years 0 mons 14 days 0 hours 0 mins 0.000000000 secs

query ?
SELECT interval '1 day 1'
----
0 years 0 mons 1 days 0 hours 0 mins 1.000000000 secs

query ?
SELECT interval '0.5'
----
0 years 0 mons 0 days 0 hours 0 mins 0.500000000 secs

query ?
SELECT interval '0.5 day 1'
----
0 years 0 mons 0 days 12 hours 0 mins 1.000000000 secs

query ?
SELECT interval '0.49 day'
----
0 years 0 mons 0 days 11 hours 45 mins 36.000000000 secs

query ?
SELECT interval '0.499 day'
----
0 years 0 mons 0 days 11 hours 58 mins 33.600000000 secs

query ?
SELECT interval '0.4999 day'
----
0 years 0 mons 0 days 11 hours 59 mins 51.360000000 secs

query ?
SELECT interval '0.49999 day'
----
0 years 0 mons 0 days 11 hours 59 mins 59.136000000 secs

query ?
SELECT interval '0.49999999999 day'
----
0 years 0 mons 0 days 11 hours 59 mins 59.999999136 secs

query ?
SELECT interval '5 day'
----
0 years 0 mons 5 days 0 hours 0 mins 0.000000000 secs

# Hour is ignored, this matches PostgreSQL
query ?
SELECT interval '5 day' hour
----
0 years 0 mons 5 days 0 hours 0 mins 0.000000000 secs

query ?
SELECT interval '5 day 4 hours 3 minutes 2 seconds 100 milliseconds'
----
0 years 0 mons 5 days 4 hours 3 mins 2.100000000 secs

query ?
SELECT interval '0.5 month'
----
0 years 0 mons 15 days 0 hours 0 mins 0.000000000 secs

query ?
SELECT interval '0.5' month
----
0 years 0 mons 15 days 0 hours 0 mins 0.000000000 secs

query ?
SELECT interval '1 month'
----
0 years 1 mons 0 days 0 hours 0 mins 0.000000000 secs

query ?
SELECT interval '1' MONTH
----
0 years 1 mons 0 days 0 hours 0 mins 0.000000000 secs

query ?
SELECT interval '5 month'
----
0 years 5 mons 0 days 0 hours 0 mins 0.000000000 secs

query ?
SELECT interval '13 month'
----
0 years 13 mons 0 days 0 hours 0 mins 0.000000000 secs

query ?
SELECT interval '0.5 year'
----
0 years 6 mons 0 days 0 hours 0 mins 0.000000000 secs

query ?
SELECT interval '1 year'
----
0 years 12 mons 0 days 0 hours 0 mins 0.000000000 secs

query ?
SELECT interval '1 decade'
----
0 years 120 mons 0 days 0 hours 0 mins 0.000000000 secs

query ?
SELECT interval '2 decades'
----
0 years 240 mons 0 days 0 hours 0 mins 0.000000000 secs

query ?
SELECT interval '1 century'
----
0 years 1200 mons 0 days 0 hours 0 mins 0.000000000 secs

query ?
SELECT interval '2 year'
----
0 years 24 mons 0 days 0 hours 0 mins 0.000000000 secs

query ?
SELECT interval '1 year 1 day'
----
0 years 12 mons 1 days 0 hours 0 mins 0.000000000 secs

query ?
SELECT interval '1 year 1 day 1 hour'
----
0 years 12 mons 1 days 1 hours 0 mins 0.000000000 secs

query ?
SELECT interval '1 year 1 day 1 hour 1 minute'
----
0 years 12 mons 1 days 1 hours 1 mins 0.000000000 secs

query ?
SELECT interval '1 year 1 day 1 hour 1 minute 1 second'
----
0 years 12 mons 1 days 1 hours 1 mins 1.000000000 secs

query I
SELECT ascii('')
----
0

query I
SELECT ascii('x')
----
120

query I
SELECT ascii(NULL)
----
NULL

query I
SELECT ascii('Ã©soj')
----
233

query I
SELECT ascii('ðŸ’¯')
----
128175

query I
SELECT ascii('ðŸ’¯a')
----
128175

query I
SELECT bit_length('')
----
0

query I
SELECT bit_length('chars')
----
40

query I
SELECT bit_length('josÃ©')
----
40

query ?
SELECT bit_length(NULL)
----
NULL

query T
SELECT btrim(' xyxtrimyyx ', NULL)
----
NULL

query T
SELECT btrim(' xyxtrimyyx ')
----
xyxtrimyyx

query T
SELECT btrim('\n xyxtrimyyx \n')
----
\n xyxtrimyyx \n

query T
SELECT btrim('xyxtrimyyx', 'xyz')
----
trim

query T
SELECT btrim('\nxyxtrimyyx\n', 'xyz\n')
----
trim

query ?
SELECT btrim(NULL, 'xyz')
----
NULL

query T
SELECT chr(CAST(120 AS int))
----
x

query T
SELECT chr(CAST(128175 AS int))
----
ðŸ’¯

query T
SELECT chr(CAST(NULL AS int))
----
NULL

statement error DataFusion error: Execution error: null character not permitted.
SELECT chr(CAST(0 AS int))

statement error DataFusion error: Execution error: requested character too large for encoding.
SELECT chr(CAST(9223372036854775807 AS bigint))

query T
SELECT concat('a','b','c')
----
abc

query T
SELECT concat('abcde', 2, NULL, 22)
----
abcde222

query T
SELECT concat(NULL)
----
(empty)

query T
SELECT concat_ws(',', 'abcde', 2, NULL, 22)
----
abcde,2,22

query T
SELECT concat_ws('|','a','b','c')
----
a|b|c

query T
SELECT concat_ws('|',NULL)
----
(empty)

query T
SELECT concat_ws(NULL,'a',NULL,'b','c')
----
NULL

query T
SELECT concat_ws('|','a',NULL)
----
a

query T
SELECT concat_ws('|','a',NULL,NULL)
----
a

query T
SELECT initcap('')
----
(empty)

query T
SELECT initcap('hi THOMAS')
----
Hi Thomas

query ?
SELECT initcap(NULL)
----
NULL

query T
SELECT lower('')
----
(empty)

query T
SELECT lower('TOM')
----
tom

query ?
SELECT lower(NULL)
----
NULL

query T
SELECT ltrim(' zzzytest ', NULL)
----
NULL

query T
SELECT ltrim(' zzzytest ')
----
zzzytest 

query T
SELECT ltrim('zzzytest', 'xyz')
----
test

query ?
SELECT ltrim(NULL, 'xyz')
----
NULL

query I
SELECT octet_length('')
----
0

query I
SELECT octet_length('chars')
----
5

query I
SELECT octet_length('josÃ©')
----
5

query ?
SELECT octet_length(NULL)
----
NULL

query T
SELECT repeat('Pg', 4)
----
PgPgPgPg

query T
SELECT repeat('Pg', -1)
----
(empty)

query T
SELECT repeat('Pg', CAST(NULL AS INT))
----
NULL

query ?
SELECT repeat(NULL, 4)
----
NULL

query T
SELECT replace('abcdefabcdef', 'cd', 'XX')
----
abXXefabXXef

query T
SELECT replace('abcdefabcdef', 'cd', NULL)
----
NULL

query T
SELECT replace('abcdefabcdef', 'notmatch', 'XX')
----
abcdefabcdef

query T
SELECT replace('abcdefabcdef', NULL, 'XX')
----
NULL

query ?
SELECT replace(NULL, 'cd', 'XX')
----
NULL

query T
SELECT rtrim(' testxxzx ')
----
 testxxzx

query T
SELECT rtrim(' zzzytest ', NULL)
----
NULL

query T
SELECT rtrim('testxxzx', 'xyz')
----
test

query ?
SELECT rtrim(NULL, 'xyz')
----
NULL

query T
SELECT split_part('abc~@~def~@~ghi', '~@~', 2)
----
def

query T
SELECT split_part('abc~@~def~@~ghi', '~@~', 20)
----
(empty)

query ?
SELECT split_part(NULL, '~@~', 20)
----
NULL

query T
SELECT split_part('abc~@~def~@~ghi', NULL, 20)
----
NULL

query T
SELECT split_part('abc~@~def~@~ghi', '~@~', CAST(NULL AS INT))
----
NULL

query T
SELECT split_part('abc~@~def~@~ghi', '~@~', -1)
----
ghi

query T
SELECT split_part('abc~@~def~@~ghi', '~@~', -100)
----
(empty)

statement error DataFusion error: Execution error: field position must not be zero
SELECT split_part('abc~@~def~@~ghi', '~@~', 0)

query B
SELECT starts_with('alphabet', 'alph')
----
true

query B
SELECT starts_with('alphabet', 'blph')
----
false

query B
SELECT starts_with(NULL, 'blph')
----
NULL

query B
SELECT starts_with('alphabet', NULL)
----
NULL

query T
SELECT to_hex(2147483647)
----
7fffffff

query T
SELECT to_hex(9223372036854775807)
----
7fffffffffffffff

query T
SELECT to_hex(CAST(NULL AS int))
----
NULL

query T
SELECT trim(' tom ')
----
tom

query T
SELECT trim(LEADING ' tom ')
----
tom 

query T
SELECT trim(TRAILING ' tom ')
----
 tom

query T
SELECT trim(BOTH ' tom ')
----
tom

query T
SELECT trim(LEADING ' ' FROM ' tom ')
----
tom 

query T
SELECT trim(TRAILING ' ' FROM ' tom ')
----
 tom

query T
SELECT trim('test.com', '.com')
----
test

statement error
SELECT trim(BOTH 'tom' FROM 'tommy', 'my')

query T
SELECT trim(BOTH ' ' FROM ' tom ')
----
tom

query T
SELECT trim(' ' FROM ' tom ')
----
tom

query T
SELECT trim(LEADING 'x' FROM 'xxxtomxxx')
----
tomxxx

query T
SELECT trim(TRAILING 'x' FROM 'xxxtomxxx')
----
xxxtom

query T
SELECT trim(BOTH 'x' FROM 'xxxtomxx')
----
tom

query T
SELECT trim('x' FROM 'xxxtomxx')
----
tom


query T
SELECT trim(LEADING 'xy' FROM 'xyxabcxyzdefxyx')
----
abcxyzdefxyx

query T
SELECT trim(TRAILING 'xy' FROM 'xyxabcxyzdefxyx')
----
xyxabcxyzdef

query T
SELECT trim(BOTH 'xy' FROM 'xyxabcxyzdefxyx')
----
abcxyzdef

query T
SELECT trim('xy' FROM 'xyxabcxyzdefxyx')
----
abcxyzdef

query T
SELECT trim(' tom')
----
tom

query T
SELECT trim('')
----
(empty)

query T
SELECT trim('tom ')
----
tom

query T
SELECT upper('')
----
(empty)

query T
SELECT upper('tom')
----
TOM

query ?
SELECT upper(NULL)
----
NULL

# TODO issue: https://github.com/apache/datafusion/issues/6596
# query ??
#SELECT
#    CAST([1,2,3,4] AS INT[]) as a,
#    CAST([1,2,3,4] AS NUMERIC(10,4)[]) as b
#----
#[1, 2, 3, 4] [1.0000, 2.0000, 3.0000, 4.0000]

# test_random_expression
query BB
SELECT 
    random() BETWEEN 0.0 AND 1.0,
    random() = random()
----
true false

# test_uuid_expression
query II
SELECT octet_length(uuid()), length(uuid())
----
36 36

# test_cast_expressions
query IIII
SELECT
    CAST('0' AS INT) as a,
    CAST(NULL AS INT) as b,
    TRY_CAST('0' AS INT) as c,
    TRY_CAST('x' AS INT) as d
----
0 NULL 0 NULL

# test_extract_date_part

query error
SELECT EXTRACT("'''year'''" FROM  timestamp '2020-09-08T12:00:00+00:00')

query error
SELECT EXTRACT("'year'" FROM  timestamp '2020-09-08T12:00:00+00:00')

query R
SELECT date_part('YEAR', CAST('2000-01-01' AS DATE))
----
2000

query R
SELECT EXTRACT(year FROM  timestamp '2020-09-08T12:00:00+00:00')
----
2020

query R
SELECT EXTRACT("year" FROM  timestamp '2020-09-08T12:00:00+00:00')
----
2020

query error
SELECT EXTRACT('year' FROM  timestamp '2020-09-08T12:00:00+00:00')

query R
SELECT date_part('QUARTER', CAST('2000-01-01' AS DATE))
----
1

query R
SELECT EXTRACT(quarter FROM to_timestamp('2020-09-08T12:00:00+00:00'))
----
3

query R
SELECT EXTRACT("quarter" FROM to_timestamp('2020-09-08T12:00:00+00:00'))
----
3

query error
SELECT EXTRACT('quarter' FROM to_timestamp('2020-09-08T12:00:00+00:00'))

query R
SELECT date_part('MONTH', CAST('2000-01-01' AS DATE))
----
1

query R
SELECT EXTRACT(month FROM to_timestamp('2020-09-08T12:00:00+00:00'))
----
9

query R
SELECT EXTRACT("month" FROM to_timestamp('2020-09-08T12:00:00+00:00'))
----
9

query error
SELECT EXTRACT('month' FROM to_timestamp('2020-09-08T12:00:00+00:00'))

query R
SELECT date_part('WEEK', CAST('2003-01-01' AS DATE))
----
1

query R
SELECT EXTRACT(WEEK FROM to_timestamp('2020-09-08T12:00:00+00:00'))
----
37

query R
SELECT EXTRACT("WEEK" FROM to_timestamp('2020-09-08T12:00:00+00:00'))
----
37

query error
SELECT EXTRACT('WEEK' FROM to_timestamp('2020-09-08T12:00:00+00:00'))

query R
SELECT date_part('DAY', CAST('2000-01-01' AS DATE))
----
1

query R
SELECT EXTRACT(day FROM to_timestamp('2020-09-08T12:00:00+00:00'))
----
8

query R
SELECT EXTRACT("day" FROM to_timestamp('2020-09-08T12:00:00+00:00'))
----
8

query error
SELECT EXTRACT('day' FROM to_timestamp('2020-09-08T12:00:00+00:00'))

query R
SELECT date_part('DOY', CAST('2000-01-01' AS DATE))
----
1

query R
SELECT EXTRACT(doy FROM to_timestamp('2020-09-08T12:00:00+00:00'))
----
252

query R
SELECT EXTRACT("doy" FROM to_timestamp('2020-09-08T12:00:00+00:00'))
----
252

query error
SELECT EXTRACT('doy' FROM to_timestamp('2020-09-08T12:00:00+00:00'))

query R
SELECT date_part('DOW', CAST('2000-01-01' AS DATE))
----
6

query R
SELECT EXTRACT(dow FROM to_timestamp('2020-09-08T12:00:00+00:00'))
----
2

query R
SELECT EXTRACT("dow" FROM to_timestamp('2020-09-08T12:00:00+00:00'))
----
2

query error
SELECT EXTRACT('dow' FROM to_timestamp('2020-09-08T12:00:00+00:00'))

query R
SELECT date_part('HOUR', CAST('2000-01-01' AS DATE))
----
0

query R
SELECT EXTRACT(hour FROM to_timestamp('2020-09-08T12:03:03+00:00'))
----
12

query R
SELECT EXTRACT("hour" FROM to_timestamp('2020-09-08T12:03:03+00:00'))
----
12

query error
SELECT EXTRACT('hour' FROM to_timestamp('2020-09-08T12:03:03+00:00'))

query R
SELECT EXTRACT(minute FROM to_timestamp('2020-09-08T12:12:00+00:00'))
----
12

query R
SELECT EXTRACT("minute" FROM to_timestamp('2020-09-08T12:12:00+00:00'))
----
12

query error
SELECT EXTRACT('minute' FROM to_timestamp('2020-09-08T12:12:00+00:00'))

query R
SELECT date_part('minute', to_timestamp('2020-09-08T12:12:00+00:00'))
----
12

query R
SELECT EXTRACT(second FROM timestamp '2020-09-08T12:00:12.12345678+00:00')
----
12.12345678

query R
SELECT EXTRACT(millisecond FROM timestamp '2020-09-08T12:00:12.12345678+00:00')
----
12123.45678

query R
SELECT EXTRACT(microsecond FROM timestamp '2020-09-08T12:00:12.12345678+00:00')
----
12123456.78

query R
SELECT EXTRACT(nanosecond FROM timestamp '2020-09-08T12:00:12.12345678+00:00')
----
12123456780

query R
SELECT EXTRACT("second" FROM timestamp '2020-09-08T12:00:12.12345678+00:00')
----
12.12345678

query R
SELECT EXTRACT("millisecond" FROM timestamp '2020-09-08T12:00:12.12345678+00:00')
----
12123.45678

query R
SELECT EXTRACT("microsecond" FROM timestamp '2020-09-08T12:00:12.12345678+00:00')
----
12123456.78

query R
SELECT EXTRACT("nanosecond" FROM timestamp '2020-09-08T12:00:12.12345678+00:00')
----
12123456780

query error
SELECT EXTRACT('second' FROM timestamp '2020-09-08T12:00:12.12345678+00:00')

query error
SELECT EXTRACT('millisecond' FROM timestamp '2020-09-08T12:00:12.12345678+00:00')

query error
SELECT EXTRACT('microsecond' FROM timestamp '2020-09-08T12:00:12.12345678+00:00')

query error
SELECT EXTRACT('nanosecond' FROM timestamp '2020-09-08T12:00:12.12345678+00:00')

# Keep precision when coercing Utf8 to Timestamp
query R
SELECT date_part('second', timestamp '2020-09-08T12:00:12.12345678+00:00')
----
12.12345678

query R
SELECT date_part('millisecond', timestamp '2020-09-08T12:00:12.12345678+00:00')
----
12123.45678

query R
SELECT date_part('microsecond', timestamp '2020-09-08T12:00:12.12345678+00:00')
----
12123456.78

query R
SELECT date_part('nanosecond', timestamp '2020-09-08T12:00:12.12345678+00:00')
----
12123456780

query R
SELECT date_part('second', '2020-09-08T12:00:12.12345678+00:00')
----
12.12345678

query R
SELECT date_part('millisecond', '2020-09-08T12:00:12.12345678+00:00')
----
12123.45678

query R
SELECT date_part('microsecond', '2020-09-08T12:00:12.12345678+00:00')
----
12123456.78

query R
SELECT date_part('nanosecond', '2020-09-08T12:00:12.12345678+00:00')
----
12123456780

# test_date_part_time

## time32 seconds
query R
SELECT date_part('hour', arrow_cast('23:32:50'::time, 'Time32(Second)'))
----
23

query R
SELECT extract(hour from arrow_cast('23:32:50'::time, 'Time32(Second)'))
----
23

query R
SELECT date_part('minute', arrow_cast('23:32:50'::time, 'Time32(Second)'))
----
32

query R
SELECT extract(minute from arrow_cast('23:32:50'::time, 'Time32(Second)'))
----
32

query R
SELECT date_part('second', arrow_cast('23:32:50'::time, 'Time32(Second)'))
----
50

query R
SELECT extract(second from arrow_cast('23:32:50'::time, 'Time32(Second)'))
----
50

query R
SELECT date_part('millisecond', arrow_cast('23:32:50'::time, 'Time32(Second)'))
----
50000

query R
SELECT extract(millisecond from arrow_cast('23:32:50'::time, 'Time32(Second)'))
----
50000

query R
SELECT date_part('microsecond', arrow_cast('23:32:50'::time, 'Time32(Second)'))
----
50000000

query R
SELECT extract(microsecond from arrow_cast('23:32:50'::time, 'Time32(Second)'))
----
50000000

query R
SELECT date_part('nanosecond', arrow_cast('23:32:50'::time, 'Time32(Second)'))
----
50000000000

query R
SELECT extract(nanosecond from arrow_cast('23:32:50'::time, 'Time32(Second)'))
----
50000000000

query R
SELECT date_part('epoch', arrow_cast('23:32:50'::time, 'Time32(Second)'))
----
84770

query R
SELECT extract(epoch from arrow_cast('23:32:50'::time, 'Time32(Second)'))
----
84770

## time32 milliseconds
query R
SELECT date_part('hour', arrow_cast('23:32:50.123'::time, 'Time32(Millisecond)'))
----
23

query R
SELECT extract(hour from arrow_cast('23:32:50.123'::time, 'Time32(Millisecond)'))
----
23

query R
SELECT date_part('minute', arrow_cast('23:32:50.123'::time, 'Time32(Millisecond)'))
----
32

query R
SELECT extract(minute from arrow_cast('23:32:50.123'::time, 'Time32(Millisecond)'))
----
32

query R
SELECT date_part('second', arrow_cast('23:32:50.123'::time, 'Time32(Millisecond)'))
----
50.123

query R
SELECT extract(second from arrow_cast('23:32:50.123'::time, 'Time32(Millisecond)'))
----
50.123

query R
SELECT date_part('millisecond', arrow_cast('23:32:50.123'::time, 'Time32(Millisecond)'))
----
50123

query R
SELECT extract(millisecond from arrow_cast('23:32:50.123'::time, 'Time32(Millisecond)'))
----
50123

query R
SELECT date_part('microsecond', arrow_cast('23:32:50.123'::time, 'Time32(Millisecond)'))
----
50123000

query R
SELECT extract(microsecond from arrow_cast('23:32:50.123'::time, 'Time32(Millisecond)'))
----
50123000

query R
SELECT date_part('nanosecond', arrow_cast('23:32:50.123'::time, 'Time32(Millisecond)'))
----
50123000000

query R
SELECT extract(nanosecond from arrow_cast('23:32:50.123'::time, 'Time32(Millisecond)'))
----
50123000000

query R
SELECT date_part('epoch', arrow_cast('23:32:50.123'::time, 'Time32(Millisecond)'))
----
84770.123

query R
SELECT extract(epoch from arrow_cast('23:32:50.123'::time, 'Time32(Millisecond)'))
----
84770.123

## time64 microseconds
query R
SELECT date_part('hour', arrow_cast('23:32:50.123456'::time, 'Time64(Microsecond)'))
----
23

query R
SELECT extract(hour from arrow_cast('23:32:50.123456'::time, 'Time64(Microsecond)'))
----
23

query R
SELECT date_part('minute', arrow_cast('23:32:50.123456'::time, 'Time64(Microsecond)'))
----
32

query R
SELECT extract(minute from arrow_cast('23:32:50.123456'::time, 'Time64(Microsecond)'))
----
32

query R
SELECT date_part('second', arrow_cast('23:32:50.123456'::time, 'Time64(Microsecond)'))
----
50.123456

query R
SELECT extract(second from arrow_cast('23:32:50.123456'::time, 'Time64(Microsecond)'))
----
50.123456

query R
SELECT date_part('millisecond', arrow_cast('23:32:50.123456'::time, 'Time64(Microsecond)'))
----
50123.456

query R
SELECT extract(millisecond from arrow_cast('23:32:50.123456'::time, 'Time64(Microsecond)'))
----
50123.456

query R
SELECT date_part('microsecond', arrow_cast('23:32:50.123456'::time, 'Time64(Microsecond)'))
----
50123456

query R
SELECT extract(microsecond from arrow_cast('23:32:50.123456'::time, 'Time64(Microsecond)'))
----
50123456

query R
SELECT date_part('nanosecond', arrow_cast('23:32:50.123456'::time, 'Time64(Microsecond)'))
----
50123456000

query R
SELECT extract(nanosecond from arrow_cast('23:32:50.123456'::time, 'Time64(Microsecond)'))
----
50123456000

query R
SELECT date_part('epoch', arrow_cast('23:32:50.123456'::time, 'Time64(Microsecond)'))
----
84770.123456

query R
SELECT extract(epoch from arrow_cast('23:32:50.123456'::time, 'Time64(Microsecond)'))
----
84770.123456

## time64 nanoseconds
query R
SELECT date_part('hour', arrow_cast('23:32:50.123456789'::time, 'Time64(Nanosecond)'))
----
23

query R
SELECT extract(hour from arrow_cast('23:32:50.123456789'::time, 'Time64(Nanosecond)'))
----
23

query R
SELECT date_part('minute', arrow_cast('23:32:50.123456789'::time, 'Time64(Nanosecond)'))
----
32

query R
SELECT extract(minute from arrow_cast('23:32:50.123456789'::time, 'Time64(Nanosecond)'))
----
32

query R
SELECT date_part('second', arrow_cast('23:32:50.123456789'::time, 'Time64(Nanosecond)'))
----
50.123456789

query R
SELECT extract(second from arrow_cast('23:32:50.123456789'::time, 'Time64(Nanosecond)'))
----
50.123456789

query R
SELECT date_part('millisecond', arrow_cast('23:32:50.123456789'::time, 'Time64(Nanosecond)'))
----
50123.456789

query R
SELECT extract(millisecond from arrow_cast('23:32:50.123456789'::time, 'Time64(Nanosecond)'))
----
50123.456789

# just some floating point stuff happening in the result here
query R
SELECT date_part('microsecond', arrow_cast('23:32:50.123456789'::time, 'Time64(Nanosecond)'))
----
50123456.789000005

query R
SELECT extract(microsecond from arrow_cast('23:32:50.123456789'::time, 'Time64(Nanosecond)'))
----
50123456.789000005

query R
SELECT date_part('nanosecond', arrow_cast('23:32:50.123456789'::time, 'Time64(Nanosecond)'))
----
50123456789

query R
SELECT extract(nanosecond from arrow_cast('23:32:50.123456789'::time, 'Time64(Nanosecond)'))
----
50123456789

query R
SELECT date_part('epoch', arrow_cast('23:32:50.123456789'::time, 'Time64(Nanosecond)'))
----
84770.123456789

query R
SELECT extract(epoch from arrow_cast('23:32:50.123456789'::time, 'Time64(Nanosecond)'))
----
84770.123456789

# test_extract_epoch

query R
SELECT extract(epoch from '1870-01-01T07:29:10.256'::timestamp)
----
-3155646649.744

query R
SELECT extract(epoch from '2000-01-01T00:00:00.000'::timestamp)
----
946684800

query R
SELECT extract(epoch from to_timestamp('2000-01-01T00:00:00+00:00'))
----
946684800

query R
SELECT extract(epoch from NULL::timestamp)
----
NULL

query R
SELECT extract(epoch from arrow_cast('1970-01-01', 'Date32'))
----
0

query R
SELECT extract(epoch from arrow_cast('1970-01-02', 'Date32'))
----
86400

query R
SELECT extract(epoch from arrow_cast('1970-01-11', 'Date32'))
----
864000

query R
SELECT extract(epoch from arrow_cast('1969-12-31', 'Date32'))
----
-86400

query R
SELECT extract(epoch from arrow_cast('1970-01-01', 'Date64'))
----
0

query R
SELECT extract(epoch from arrow_cast('1970-01-02', 'Date64'))
----
86400

query R
SELECT extract(epoch from arrow_cast('1970-01-11', 'Date64'))
----
864000

query R
SELECT extract(epoch from arrow_cast('1969-12-31', 'Date64'))
----
-86400

# test_extract_date_part_func

query B
SELECT (date_part('year', now()) = EXTRACT(year FROM now()))
----
true

query B
SELECT (date_part('quarter', now()) = EXTRACT(quarter FROM now()))
----
true

query B
SELECT (date_part('month', now()) = EXTRACT(month FROM now()))
----
true

query B
SELECT (date_part('week', now()) = EXTRACT(week FROM now()))
----
true

query B
SELECT (date_part('day', now()) = EXTRACT(day FROM now()))
----
true

query B
SELECT (date_part('hour', now()) = EXTRACT(hour FROM now()))
----
true

query B
SELECT (date_part('minute', now()) = EXTRACT(minute FROM now()))
----
true

query B
SELECT (date_part('second', now()) = EXTRACT(second FROM now()))
----
true

query B
SELECT (date_part('millisecond', now()) = EXTRACT(millisecond FROM now()))
----
true

query B
SELECT (date_part('microsecond', now()) = EXTRACT(microsecond FROM now()))
----
true

query B
SELECT (date_part('nanosecond', now()) = EXTRACT(nanosecond FROM now()))
----
true

query B
SELECT 'a' IN ('a','b')
----
true

query B
SELECT 'c' IN ('a','b')
----
false

query B
SELECT 'c' NOT IN ('a','b')
----
true

query B
SELECT 'a' NOT IN ('a','b')
----
false

query B
SELECT NULL IN ('a','b')
----
NULL

query B
SELECT NULL NOT IN ('a','b')
----
NULL

query B
SELECT 'a' IN ('a','b',NULL)
----
true

query B
SELECT 'c' IN ('a','b',NULL)
----
NULL

query B
SELECT 'a' NOT IN ('a','b',NULL)
----
false

query B
SELECT 'c' NOT IN ('a','b',NULL)
----
NULL

query B
SELECT 0 IN (0,1,2)
----
true

query B
SELECT 3 IN (0,1,2)
----
false

query B
SELECT 3 NOT IN (0,1,2)
----
true

query B
SELECT 0 NOT IN (0,1,2)
----
false

query B
SELECT NULL IN (0,1,2)
----
NULL

query B
SELECT NULL NOT IN (0,1,2)
----
NULL

query B
SELECT 0 IN (0,1,2,NULL)
----
true

query B
SELECT 3 IN (0,1,2,NULL)
----
NULL

query B
SELECT 0 NOT IN (0,1,2,NULL)
----
false

query B
SELECT 3 NOT IN (0,1,2,NULL)
----
NULL

query B
SELECT 0.0 IN (0.0,0.1,0.2)
----
true

query B
SELECT 0.3 IN (0.0,0.1,0.2)
----
false

query B
SELECT 0.3 NOT IN (0.0,0.1,0.2)
----
true

query B
SELECT 0.0 NOT IN (0.0,0.1,0.2)
----
false

query B
SELECT NULL IN (0.0,0.1,0.2)
----
NULL

query B
SELECT NULL NOT IN (0.0,0.1,0.2)
----
NULL

query B
SELECT 0.0 IN (0.0,0.1,0.2,NULL)
----
true

query B
SELECT 0.3 IN (0.0,0.1,0.2,NULL)
----
NULL

query B
SELECT 0.0 NOT IN (0.0,0.1,0.2,NULL)
----
false

query B
SELECT 0.3 NOT IN (0.0,0.1,0.2,NULL)
----
NULL

query B
SELECT '1' IN ('a','b',1)
----
true

query B
SELECT '2' IN ('a','b',1)
----
false

query B
SELECT '2' NOT IN ('a','b',1)
----
true

query B
SELECT '1' NOT IN ('a','b',1)
----
false

query B
SELECT NULL IN ('a','b',1)
----
NULL

query B
SELECT NULL NOT IN ('a','b',1)
----
NULL

query B
SELECT '1' IN ('a','b',NULL,1)
----
true

query B
SELECT '2' IN ('a','b',NULL,1)
----
NULL

query B
SELECT '1' NOT IN ('a','b',NULL,1)
----
false

query B
SELECT '2' NOT IN ('a','b',NULL,1)
----
NULL

query T
SELECT encode('tom','base64');
----
dG9t

query T
SELECT arrow_cast(decode('dG9t','base64'), 'Utf8');
----
tom

query T
SELECT encode('tom','hex');
----
746f6d

query T
SELECT arrow_cast(decode('746f6d','hex'), 'Utf8');
----
tom

query T
SELECT encode(arrow_cast('tom', 'LargeUtf8'),'base64');
----
dG9t

query T
SELECT arrow_cast(decode(arrow_cast('dG9t', 'LargeUtf8'),'base64'), 'Utf8');
----
tom

query T
SELECT encode(arrow_cast('tom', 'LargeUtf8'),'hex');
----
746f6d

query T
SELECT arrow_cast(decode(arrow_cast('746f6d', 'LargeUtf8'),'hex'), 'Utf8');
----
tom

query T
SELECT encode(arrow_cast('tom', 'Binary'),'base64');
----
dG9t

query T
SELECT arrow_cast(decode(arrow_cast('dG9t', 'Binary'),'base64'), 'Utf8');
----
tom

query T
SELECT encode(arrow_cast('tom', 'Binary'),'hex');
----
746f6d

query T
SELECT arrow_cast(decode(arrow_cast('746f6d', 'Binary'),'hex'), 'Utf8');
----
tom

query T
SELECT encode(arrow_cast('tom', 'LargeBinary'),'base64');
----
dG9t

query T
SELECT arrow_cast(decode(arrow_cast('dG9t', 'LargeBinary'),'base64'), 'Utf8');
----
tom

query T
SELECT encode(arrow_cast('tom', 'LargeBinary'),'hex');
----
746f6d

query T
SELECT arrow_cast(decode(arrow_cast('746f6d', 'LargeBinary'),'hex'), 'Utf8');
----
tom

query ?
SELECT encode(NULL,'base64');
----
NULL

query ?
SELECT decode(NULL,'base64');
----
NULL

query ?
SELECT encode(NULL,'hex');
----
NULL

query ?
SELECT decode(NULL,'hex');
----
NULL

query T
SELECT encode('','base64');
----
(empty)

query ?
SELECT decode('','base64');
----
    

query T
SELECT encode('','hex');
----
(empty)

query ?
SELECT decode('','hex');
----
    

query T
SELECT md5('tom');
----
34b7da764b21d298ef307d04d8152dc5

query ?
SELECT digest('tom','md5');
----
34b7da764b21d298ef307d04d8152dc5

query T
SELECT md5('');
----
d41d8cd98f00b204e9800998ecf8427e

query ?
SELECT md5(NULL);
----
NULL

query ?
SELECT digest('','md5');
----
d41d8cd98f00b204e9800998ecf8427e

query ?
SELECT digest(NULL,'md5');
----
NULL

query ?
SELECT sha224('tom');
----
0bf6cb62649c42a9ae3876ab6f6d92ad36cb5414e495f8873292be4d

query ?
SELECT digest('tom','sha224')
----
0bf6cb62649c42a9ae3876ab6f6d92ad36cb5414e495f8873292be4d

query ?
SELECT sha224('');
----
d14a028c2a3a2bc9476102bb288234c415a2b01f828ea62ac5b3e42f

query ?
SELECT digest('','sha224');
----
d14a028c2a3a2bc9476102bb288234c415a2b01f828ea62ac5b3e42f

query ?
SELECT sha224(NULL);
----
NULL

query ?
SELECT digest(NULL,'sha224');
----
NULL

query ?
SELECT sha256('tom');
----
e1608f75c5d7813f3d4031cb30bfb786507d98137538ff8e128a6ff74e84e643

query ?
SELECT digest('tom','sha256');
----
e1608f75c5d7813f3d4031cb30bfb786507d98137538ff8e128a6ff74e84e643

query ?
SELECT sha256('');
----
e3b0c44298fc1c149afbf4c8996fb92427ae41e4649b934ca495991b7852b855

query ?
SELECT digest('','sha256');
----
e3b0c44298fc1c149afbf4c8996fb92427ae41e4649b934ca495991b7852b855

query ?
SELECT sha256(NULL);
----
NULL

query ?
SELECT digest(NULL,'sha256');
----
NULL

query ?
SELECT sha384('tom');
----
096f5b68aa77848e4fdf5c1c0b350de2dbfad60ffd7c25d9ea07c6c19b8a4d55a9187eb117c557883f58c16dfac3e343

query ?
SELECT digest('tom','sha384');
----
096f5b68aa77848e4fdf5c1c0b350de2dbfad60ffd7c25d9ea07c6c19b8a4d55a9187eb117c557883f58c16dfac3e343

query ?
SELECT sha384('');
----
38b060a751ac96384cd9327eb1b1e36a21fdb71114be07434c0cc7bf63f6e1da274edebfe76f65fbd51ad2f14898b95b

query ?
SELECT digest('','sha384');
----
38b060a751ac96384cd9327eb1b1e36a21fdb71114be07434c0cc7bf63f6e1da274edebfe76f65fbd51ad2f14898b95b

query ?
SELECT sha384(NULL);
----
NULL

query ?
SELECT digest(NULL,'sha384');
----
NULL

query ?
SELECT sha512('tom');
----
6e1b9b3fe840680e37051f7ad5e959d6f39ad0f8885d855166f55c659469d3c8b78118c44a2a49c72ddb481cd6d8731034e11cc030070ba843a90b3495cb8d3e

query ?
SELECT digest('tom','sha512');
----
6e1b9b3fe840680e37051f7ad5e959d6f39ad0f8885d855166f55c659469d3c8b78118c44a2a49c72ddb481cd6d8731034e11cc030070ba843a90b3495cb8d3e

query ?
SELECT sha512('');
----
cf83e1357eefb8bdf1542850d66d8007d620e4050b5715dc83f4a921d36ce9ce47d0d13c5d85f2b0ff8318d2877eec2f63b931bd47417a81a538327af927da3e

query ?
SELECT digest('','sha512');
----
cf83e1357eefb8bdf1542850d66d8007d620e4050b5715dc83f4a921d36ce9ce47d0d13c5d85f2b0ff8318d2877eec2f63b931bd47417a81a538327af927da3e

query ?
SELECT sha512(NULL);
----
NULL

query ?
SELECT digest(NULL,'sha512');
----
NULL

query ?
SELECT digest(NULL,'blake2s');
----
NULL

query ?
SELECT digest(NULL,'blake2b');
----
NULL

query ?
SELECT digest('','blake2b');
----
786a02f742015903c6c6fd852552d272912f4740e15847618a86e217f71f5419d25e1031afee585313896444934eb04b903a685b1448b755d56f701afe9be2ce

query ?
SELECT digest('tom','blake2b');
----
482499a18da10a18d8d35ab5eb4c635551ec5b8d3ff37c3e87a632caf6680fe31566417834b4732e26e0203d1cad4f5366cb7ab57d89694e4c1fda3e26af2c23

query ?
SELECT digest('','blake2s');
----
69217a3079908094e11121d042354a7c1f55b6482ca1a51e1b250dfd1ed0eef9

query ?
SELECT digest('tom','blake2s');
----
5fc3f2b3a07cade5023c3df566e4d697d3823ba1b72bfb3e84cf7e768b2e7529

query ?
SELECT digest('','blake3');
----
af1349b9f5f9a1a6a0404dea36dcc9499bcb25c9adc112b7cc9a93cae41f3262


query T
SELECT substring('alphabet', 1)
----
alphabet

query T
SELECT substring('alphabet', 3, 2)
----
ph

query T
SELECT substring('alphabet' from 2 for 1);
----
l

query T
SELECT substring('alphabet' from 8);
----
t

query T
SELECT substring('alphabet' for 1);
----
a

# The 'from' and 'for' parameters don't support string types, because they should be treated as
# regular expressions, which we have not implemented yet.
query error
SELECT substring('alphabet' FROM '3')

query error
SELECT substring('alphabet' FROM '3' FOR '2')

query error
SELECT substring('alphabet' FROM '3' FOR 2)

query error
SELECT substring('alphabet' FROM 3 FOR '2')

query error
SELECT substring('alphabet' FOR '2')

##### csv_query_nullif_divide_by_0


statement ok
CREATE EXTERNAL TABLE aggregate_test_100_by_sql (
  c1  VARCHAR NOT NULL,
  c2  TINYINT NOT NULL,
  c3  SMALLINT NOT NULL,
  c4  SMALLINT,
  c5  INT,
  c6  BIGINT NOT NULL,
  c7  SMALLINT NOT NULL,
  c8  INT NOT NULL,
  c9  BIGINT UNSIGNED NOT NULL,
  c10 VARCHAR NOT NULL,
  c11 FLOAT NOT NULL,
  c12 DOUBLE NOT NULL,
  c13 VARCHAR NOT NULL
)
STORED AS CSV
LOCATION '../../testing/data/csv/aggregate_test_100.csv'
OPTIONS ('format.has_header' 'true');



query I
SELECT c8/nullif(c7, 0) FROM aggregate_test_100_by_sql LIMIT 9 OFFSET 81;
----
664
NULL
22
164
448
365
1640
671
203

#### nested_subquery()
statement ok
CREATE TABLE test_t1 (
    id INT,
    a INT
)

statement ok
CREATE TABLE test_t2 (
    id INT,
    a INT
)

# the purpose of this test is just to make sure the query produces a valid plan
query I
SELECT COUNT(*) as cnt FROM ((SELECT id FROM test_t1) EXCEPT (SELECT id FROM test_t2)) foo;
----
0


#### comparisons_with_null_lt

# 1. Numeric comparison with NULL
query B
select column1 < NULL from (VALUES (1, 'foo' ,2.3), (2, 'bar', 5.4)) as t;
----
NULL
NULL

query B
select column1 <= NULL from (VALUES (1, 'foo' ,2.3), (2, 'bar', 5.4)) as t;
----
NULL
NULL

query B
select column1 > NULL from (VALUES (1, 'foo' ,2.3), (2, 'bar', 5.4)) as t;
----
NULL
NULL

query B
select column1 >= NULL from (VALUES (1, 'foo' ,2.3), (2, 'bar', 5.4)) as t;
----
NULL
NULL

query B
select column1 = NULL from (VALUES (1, 'foo' ,2.3), (2, 'bar', 5.4)) as t;
----
NULL
NULL

query B
select column1 != NULL from (VALUES (1, 'foo' ,2.3), (2, 'bar', 5.4)) as t;
----
NULL
NULL

# 1.1 Float value comparison with NULL
query B
select column3 < NULL from (VALUES (1, 'foo' ,2.3), (2, 'bar', 5.4)) as t;
----
NULL
NULL

# 1.1 String comparison with NULL
query B
select column2 < NULL from (VALUES (1, 'foo' ,2.3), (2, 'bar', 5.4)) as t;
----
NULL
NULL

#####
# same queries, reversed argument order (as they go through
# a different evaluation path)
#####

# Boolean comparison with NULL
query B
select column1 < NULL from (VALUES (true), (false)) as t;
----
NULL
NULL

query B
select NULL < column1  from (VALUES (1, 'foo' ,2.3), (2, 'bar', 5.4)) as t;
----
NULL
NULL

query B
select NULL <= column1 from (VALUES (1, 'foo' ,2.3), (2, 'bar', 5.4)) as t;
----
NULL
NULL

query B
select NULL > column1 from (VALUES (1, 'foo' ,2.3), (2, 'bar', 5.4)) as t;
----
NULL
NULL

query B
select NULL >= column1 from (VALUES (1, 'foo' ,2.3), (2, 'bar', 5.4)) as t;
----
NULL
NULL

query B
select NULL = column1 from (VALUES (1, 'foo' ,2.3), (2, 'bar', 5.4)) as t;
----
NULL
NULL

query B
select NULL != column1 from (VALUES (1, 'foo' ,2.3), (2, 'bar', 5.4)) as t;
----
NULL
NULL

# 1.1 Float value comparison with NULL
query B
select NULL < column3 from (VALUES (1, 'foo' ,2.3), (2, 'bar', 5.4)) as t;
----
NULL
NULL

# String comparison with NULL
query B
select NULL < column2 from (VALUES (1, 'foo' ,2.3), (2, 'bar', 5.4)) as t;
----
NULL
NULL

# Boolean comparison with NULL
query B
select NULL < column1 from (VALUES (true), (false)) as t;
----
NULL
NULL

#### binary_mathematical_operator_with_null_lt

# 1. Integer and NULL
query I
select column1 + NULL from (VALUES (1, 2.3), (2, 5.4)) as t;
----
NULL
NULL

query I
select column1 - NULL from (VALUES (1, 2.3), (2, 5.4)) as t;
----
NULL
NULL

query I
select column1 / NULL from (VALUES (1, 2.3), (2, 5.4)) as t;
----
NULL
NULL

query I
select column1 % NULL from (VALUES (1, 2.3), (2, 5.4)) as t;
----
NULL
NULL

# 2. Float and NULL
query R
select column2 + NULL from (VALUES (1, 2.3), (2, 5.4)) as t;
----
NULL
NULL

query R
select column2 - NULL from (VALUES (1, 2.3), (2, 5.4)) as t;
----
NULL
NULL

query R
select column2 * NULL from (VALUES (1, 2.3), (2, 5.4)) as t;
----
NULL
NULL

query R
select column2 / NULL from (VALUES (1, 2.3), (2, 5.4)) as t;
----
NULL
NULL

query R
select column2 % NULL from (VALUES (1, 2.3), (2, 5.4)) as t;
----
NULL
NULL

#####
# same queries, reversed argument order (as they go through
# a different evaluation path)
#####

# 3. NULL and Integer
query I
select NULL + column1 from (VALUES (1, 2.3), (2, 5.4)) as t;
----
NULL
NULL

query I
select NULL - column1 from (VALUES (1, 2.3), (2, 5.4)) as t;
----
NULL
NULL

query I
select NULL * column1 from (VALUES (1, 2.3), (2, 5.4)) as t;
----
NULL
NULL

query I
select NULL / column1 from (VALUES (1, 2.3), (2, 5.4)) as t;
----
NULL
NULL

query I
select NULL % column1 from (VALUES (1, 2.3), (2, 5.4)) as t;
----
NULL
NULL

# 4. NULL and Float

query R
select NULL + column2 from (VALUES (1, 2.3), (2, 5.4)) as t;
----
NULL
NULL

query R
select NULL - column2 from (VALUES (1, 2.3), (2, 5.4)) as t;
----
NULL
NULL

query R
select NULL * column2 from (VALUES (1, 2.3), (2, 5.4)) as t;
----
NULL
NULL

query R
select NULL / column2 from (VALUES (1, 2.3), (2, 5.4)) as t;
----
NULL
NULL

query R
select NULL % column2 from (VALUES (1, 2.3), (2, 5.4)) as t;
----
NULL
NULL


# query_binary_eq

statement ok
CREATE TABLE t_source(
    column1 String,
    column2 String,
    column3 String,
    column4 String
) AS VALUES
('one', 'one', 'one', 'one'),
('two', 'two', '', 'two'),
(NULL, NULL, NULL, NULL),
('', '', '', ''),
('three', 'three', 'three', '');


statement ok
CREATE TABLE test as
select
  arrow_cast(column1, 'Binary') as c1,
  arrow_cast(column2, 'LargeBinary') as c2,
  arrow_cast(column3, 'Binary') as c3,
  arrow_cast(column4, 'LargeBinary') as c4
from t_source;

query BBBB
SELECT sha256(c1)=digest('one', 'sha256'), sha256(c2)=sha256('two'), digest(c1, 'blake2b')=digest(c3, 'blake2b'), c2=c4 FROM test;
----
true false true true
false true false true
NULL NULL NULL NULL
false false true true
false false true false


#############
## Common Subexpr Eliminate Tests
#############

statement ok
CREATE TABLE doubles (
    f64 DOUBLE
) as VALUES
  (10.1)
;

# common subexpr with alias
query RRR rowsort
select f64, round(1.0 / f64) as i64_1, acos(round(1.0 / f64)) from doubles;
----
10.1 0 1.570796326795

# common subexpr with coalesce (short-circuited)
query RRR
select f64, coalesce(1.0 / f64, 0.0), acos(coalesce(1.0 / f64, 0.0)) from doubles;
----
10.1 0.09900990099 1.471623942989

# common subexpr with coalesce (short-circuited) and alias
query RRR
select f64, coalesce(1.0 / f64, 0.0) as f64_1, acos(coalesce(1.0 / f64, 0.0)) from doubles;
----
10.1 0.09900990099 1.471623942989

# common subexpr with case (short-circuited)
query RRR rowsort
select f64, case when f64 > 0 then 1.0 / f64 else null end, acos(case when f64 > 0 then 1.0 / f64 else null end) from doubles;
----
10.1 0.09900990099 1.471623942989


statement ok
CREATE TABLE t1(
    time TIMESTAMP,
    load1 DOUBLE,
    load2 DOUBLE,
    host VARCHAR
) AS VALUES
  (to_timestamp_nanos(1527018806000000000), 1.1, 101, 'host1'),
  (to_timestamp_nanos(1527018806000000000), 2.2, 202, 'host2'),
  (to_timestamp_nanos(1527018806000000000), 3.3, 303, 'host3'),
  (to_timestamp_nanos(1527018806000000000), 1.1, 101, NULL)
;

# struct scalar function with columns
query ?
select struct(time,load1,load2,host) from t1;
----
{c0: 2018-05-22T19:53:26, c1: 1.1, c2: 101.0, c3: host1}
{c0: 2018-05-22T19:53:26, c1: 2.2, c2: 202.0, c3: host2}
{c0: 2018-05-22T19:53:26, c1: 3.3, c2: 303.0, c3: host3}
{c0: 2018-05-22T19:53:26, c1: 1.1, c2: 101.0, c3: }

# can have an aggregate function with an inner coalesce
query TR
select t2."struct(t1.time,t1.load1,t1.load2,t1.host)"['c3'] as host, sum(coalesce(t2."struct(t1.time,t1.load1,t1.load2,t1.host)")['c1']) from (select struct(time,load1,load2,host) from t1) t2 where t2."struct(t1.time,t1.load1,t1.load2,t1.host)"['c3'] IS NOT NULL group by t2."struct(t1.time,t1.load1,t1.load2,t1.host)"['c3'] order by host;
----
host1 1.1
host2 2.2
host3 3.3

# can have an aggregate function with an inner CASE WHEN
query TR
select 
    t2.server_host as host, 
    sum((
        case when t2.server_host is not null 
        then t2.server_load2
        end
    )) 
    from (
        select 
            struct(time,load1,load2,host)['c2'] as server_load2,
            struct(time,load1,load2,host)['c3'] as server_host
        from t1
    ) t2 
    where server_host IS NOT NULL 
    group by server_host order by host;
----
host1 101
host2 202
host3 303

# TODO: Issue tracked in https://github.com/apache/datafusion/issues/10364
query TR
select 
    t2.server['c3'] as host, 
    sum((
        case when t2.server['c3'] is not null 
        then t2.server['c2']
        end
    )) 
    from (
        select 
            struct(time,load1,load2,host) as server
        from t1
    ) t2 
    where t2.server['c3'] IS NOT NULL 
    group by t2.server['c3'] order by host;
----
host1 101
host2 202
host3 303

# can have 2 projections with aggr(short_circuited), with different short-circuited expr
query TRR
select 
    t2.server_host as host, 
    sum(coalesce(server_load1)),
    sum((
        case when t2.server_host is not null 
        then t2.server_load2
        end
    )) 
    from (
        select 
            struct(time,load1,load2,host)['c1'] as server_load1,
            struct(time,load1,load2,host)['c2'] as server_load2,
            struct(time,load1,load2,host)['c3'] as server_host
        from t1
    ) t2 
    where server_host IS NOT NULL 
    group by server_host order by host;
----
host1 1.1 101
host2 2.2 202
host3 3.3 303

# TODO: Issue tracked in https://github.com/apache/datafusion/issues/10364
query error
select 
    t2.server['c3'] as host, 
    sum(coalesce(server['c1'])),
    sum((
        case when t2.server['c3'] is not null 
        then t2.server['c2']
        end
    )) 
    from (
        select 
            struct(time,load1,load2,host) as server,
        from t1
    ) t2 
    where server_host IS NOT NULL 
    group by server_host order by host;

query TRR
select 
    t2.server_host as host, 
    sum((
        case when t2.server_host is not null 
        then server_load1 
        end
    )), 
    sum((
        case when server_host is not null 
        then server_load2 
        end
    )) 
    from (
        select 
            struct(time,load1,load2,host)['c1'] as server_load1,
            struct(time,load1,load2,host)['c2'] as server_load2,
            struct(time,load1,load2,host)['c3'] as server_host
        from t1
    ) t2 
    where server_host IS NOT NULL 
    group by server_host order by host;
----
host1 1.1 101
host2 2.2 202
host3 3.3 303

# TODO: Issue tracked in https://github.com/apache/datafusion/issues/10364
query TRR
select 
    t2.server['c3'] as host, 
    sum((
        case when t2.server['c3'] is not null 
        then t2.server['c1']
        end
    )), 
    sum((
        case when t2.server['c3'] is not null 
        then t2.server['c2']
        end
    )) 
    from (
        select 
            struct(time,load1,load2,host) as server 
        from t1
    ) t2 
    where t2.server['c3'] IS NOT NULL 
    group by t2.server['c3'] order by host;
----
host1 1.1 101
host2 2.2 202
host3 3.3 303

# can have 2 projections with aggr(short_circuited), with the same short-circuited expr (e.g. coalesce)
query TRR
select t2."struct(t1.time,t1.load1,t1.load2,t1.host)"['c3'] as host, sum(coalesce(t2."struct(t1.time,t1.load1,t1.load2,t1.host)")['c1']), sum(coalesce(t2."struct(t1.time,t1.load1,t1.load2,t1.host)")['c2']) from (select struct(time,load1,load2,host) from t1) t2 where t2."struct(t1.time,t1.load1,t1.load2,t1.host)"['c3'] IS NOT NULL group by t2."struct(t1.time,t1.load1,t1.load2,t1.host)"['c3'] order by host;
----
host1 1.1 101
host2 2.2 202
host3 3.3 303

statement ok
set datafusion.sql_parser.dialect = 'Postgres';

statement ok
create table t (a float) as values (1), (2), (3);

query TT
explain select min(a) filter (where a > 1) as x from t;
----
logical_plan
01)Projection: min(t.a) FILTER (WHERE t.a > Int64(1)) AS x
02)--Aggregate: groupBy=[[]], aggr=[[min(t.a) FILTER (WHERE t.a > Float32(1)) AS min(t.a) FILTER (WHERE t.a > Int64(1))]]
03)----TableScan: t projection=[a]
physical_plan
01)ProjectionExec: expr=[min(t.a) FILTER (WHERE t.a > Int64(1))@0 as x]
02)--AggregateExec: mode=Single, gby=[], aggr=[min(t.a) FILTER (WHERE t.a > Int64(1))]
03)----MemoryExec: partitions=1, partition_sizes=[1]


statement ok
drop table t;

statement ok
set datafusion.sql_parser.dialect = 'Generic';
