# Licensed to the Apache Software Foundation (ASF) under one
# or more contributor license agreements.  See the NOTICE file
# distributed with this work for additional information
# regarding copyright ownership.  The ASF licenses this file
# to you under the Apache License, Version 2.0 (the
# "License"); you may not use this file except in compliance
# with the License.  You may obtain a copy of the License at

#   http://www.apache.org/licenses/LICENSE-2.0

# Unless required by applicable law or agreed to in writing,
# software distributed under the License is distributed on an
# "AS IS" BASIS, WITHOUT WARRANTIES OR CONDITIONS OF ANY
# KIND, either express or implied.  See the License for the
# specific language governing permissions and limitations
# under the License.

# Basic tests Tests for Float16 Type

statement ok
create table floats as values (1.0), (2.0), (3.0), (NULL), ('Nan');

statement ok
create table float16s as select arrow_cast(column1, 'Float16') as column1 from floats;

query RT
select column1, arrow_typeof(column1) as type from float16s;
----
1 Float16
2 Float16
3 Float16
NULL Float16
NaN Float16

# Test coercions with arithmetic

query RRRRRR
SELECT
  column1 + 1::tinyint   as column1_plus_int8,
  column1 + 1::smallint  as column1_plus_int16,
  column1 + 1::int       as column1_plus_int32,
  column1 + 1::bigint    as column1_plus_int64,
  column1 + 1.0::float   as column1_plus_float32,
  column1 + 1.0          as column1_plus_float64
FROM float16s;
----
2 2 2 2 2 2
3 3 3 3 3 3
4 4 4 4 4 4
NULL NULL NULL NULL NULL NULL
NaN NaN NaN NaN NaN NaN

# Try coercing with literal NULL
query error
select column1 + NULL from float16s;
----
DataFusion error: type_coercion
caused by
Error during planning: Cannot automatically convert Null to Float16


# Test coercions with equality
query BBBBBB
SELECT
  column1 = 1::tinyint   as column1_equals_int8,
  column1 = 1::smallint  as column1_equals_int16,
  column1 = 1::int       as column1_equals_int32,
  column1 = 1::bigint    as column1_equals_int64,
  column1 = 1.0::float   as column1_equals_float32,
  column1 = 1.0          as column1_equals_float64
FROM float16s;
----
true true true true true true
false false false false false false
false false false false false false
NULL NULL NULL NULL NULL NULL
false false false false false false


# Try coercing with literal NULL
query error
select column1 = NULL from float16s;
----
DataFusion error: Error during planning: Cannot infer common argument type for comparison operation Float16 = Null


# Cleanup
statement ok
drop table floats;

statement ok
drop table float16s;
