statement ok
CREATE TABLE tab1(col0 INTEGER, col1 INTEGER, col2 INTEGER)

statement ok
INSERT INTO tab1 VALUES(51,14,96)

query R
SELECT NULL * AVG(DISTINCT 4) + SUM(col1) AS col0 FROM tab1
----
NULL

query TT
EXPLAIN SELECT NULL * AVG(DISTINCT 4) + SUM(col1) AS col0 FROM tab1
----
logical_plan
01)Projection: Float64(NULL) AS col0
02)--EmptyRelation: rows=1
physical_plan
01)ProjectionExec: expr=[NULL as col0]
02)--PlaceholderRowExec

# Similar, with a few more arithmetic operations
query R
SELECT + CAST ( NULL AS INTEGER ) * + + AVG ( DISTINCT 4 ) + - SUM ( ALL + col1 ) AS col0 FROM tab1
----
NULL

query TT
EXPLAIN SELECT + CAST ( NULL AS INTEGER ) * + + AVG ( DISTINCT 4 ) + - SUM ( ALL + col1 ) AS col0 FROM tab1
----
logical_plan
01)Projection: Float64(NULL) AS col0
02)--EmptyRelation: rows=1
physical_plan
01)ProjectionExec: expr=[NULL as col0]
02)--PlaceholderRowExec
