# Licensed to the Apache Software Foundation (ASF) under one
# or more contributor license agreements.  See the NOTICE file
# distributed with this work for additional information
# regarding copyright ownership.  The ASF licenses this file
# to you under the Apache License, Version 2.0 (the
# "License"); you may not use this file except in compliance
# with the License.  You may obtain a copy of the License at

#   http://www.apache.org/licenses/LICENSE-2.0

# Unless required by applicable law or agreed to in writing,
# software distributed under the License is distributed on an
# "AS IS" BASIS, WITHOUT WARRANTIES OR CONDITIONS OF ANY
# KIND, either express or implied.  See the License for the
# specific language governing permissions and limitations
# under the License.

##########
## Tests for tables that has both metadata on each field as well as metadata on
## the schema itself.
##########

## Note that table_with_metadata is defined using Rust code
## in the test harness as there is no way to define schema
## with metadata in SQL.

query IT
select * from table_with_metadata;
----
1 NULL
NULL bar
3 baz

query I rowsort
SELECT (
  SELECT id FROM table_with_metadata
  ) UNION (
  SELECT id FROM table_with_metadata
  );
----
1
3
NULL

query I rowsort
SELECT "data"."id"
FROM
  (
    (SELECT "id" FROM "table_with_metadata")
      UNION
    (SELECT "id" FROM "table_with_metadata")
  ) as "data",
  (
    SELECT "id" FROM "table_with_metadata"
  ) as "samples"
WHERE "data"."id" = "samples"."id";
----
1
3



# Regression test: prevent field metadata loss per https://github.com/apache/datafusion/issues/12687
query I
select count(distinct name) from table_with_metadata;
----
2

# Regression test: prevent field metadata loss per https://github.com/apache/datafusion/issues/12687
query I
select approx_median(distinct id) from table_with_metadata;
----
2

# Regression test: prevent field metadata loss per https://github.com/apache/datafusion/issues/12687
statement ok
select array_agg(distinct id) from table_with_metadata;

query I
select distinct id from table_with_metadata order by id;
----
1
3
NULL

query I
select count(id) from table_with_metadata;
----
2

query I
select count(id) cnt from table_with_metadata group by name order by cnt;
----
0
1
1


statement ok
drop table table_with_metadata;
