# Licensed to the Apache Software Foundation (ASF) under one
# or more contributor license agreements.  See the NOTICE file
# distributed with this work for additional information
# regarding copyright ownership.  The ASF licenses this file
# to you under the Apache License, Version 2.0 (the
# "License"); you may not use this file except in compliance
# with the License.  You may obtain a copy of the License at

#   http://www.apache.org/licenses/LICENSE-2.0

# Unless required by applicable law or agreed to in writing,
# software distributed under the License is distributed on an
# "AS IS" BASIS, WITHOUT WARRANTIES OR CONDITIONS OF ANY
# KIND, either express or implied.  See the License for the
# specific language governing permissions and limitations
# under the License.

statement ok
CREATE TABLE test(
  int_field  INT,
  bool_field BOOLEAN,
  text_field TEXT,
  more_ints  INT
) as VALUES
  (1,    true,  'abc',  2),
  (2,    false, 'def',  2),
  (3,    NULL,  'ghij', 3),
  (NULL, NULL,   NULL,  4),
  (4,    false, 'zxc',  5),
  (NULL, true,   NULL,  6)
;

# Arrays tests
query I rowsort
SELECT NULLIF(int_field, 2) FROM test;
----
1
3
4
NULL
NULL
NULL


query B rowsort
SELECT NULLIF(bool_field, false) FROM test;
----
NULL
NULL
NULL
NULL
true
true


query T rowsort
SELECT NULLIF(text_field, 'zxc') FROM test;
----
NULL
NULL
NULL
abc
def
ghij


query I rowsort
SELECT NULLIF(int_field, more_ints) FROM test;
----
1
4
NULL
NULL
NULL
NULL


query I rowsort
SELECT NULLIF(3, int_field) FROM test;
----
3
3
3
3
3
NULL


# Scalar values tests
query I
SELECT NULLIF(1, 1);
----
NULL

query I
SELECT NULLIF(1, 3);
----
1

query T
SELECT NULLIF(NULL, NULL);
----
NULL

query R
select nullif(1, 1.2);
----
1

query R
select nullif(1.0, 2);
----
1

query error DataFusion error: Arrow error: Cast error: Cannot cast string 'a' to value of Int64 type
select nullif(2, 'a');

query T
select nullif('2', '3');
----
2

query I
select nullif(2, '1');
----
2

query I
select nullif('2', 2);
----
NULL

query I
select nullif('1', 2);
----
1

statement ok
create table t(a varchar, b int) as values ('1', 2), ('2', 2), ('3', 2);

query I
select nullif(a, b) from t;
----
1
NULL
3

query T
SELECT NULLIF(arrow_cast('a', 'Utf8View'), 'a');
----
NULL

query T
SELECT NULLIF('a', arrow_cast('a', 'Utf8View'));
----
NULL

query T
SELECT NULLIF(arrow_cast('a', 'Utf8View'), 'b');
----
a

query T
SELECT NULLIF('a', arrow_cast('b', 'Utf8View'));
----
a

query T
SELECT NULLIF(null, arrow_cast('a', 'Utf8View'));
----
NULL

query T
SELECT NULLIF(arrow_cast('a', 'Utf8View'), null);
----
a

# Test with dictionary-encoded strings
# This tests the fix for: "Dictionary(UInt32, Utf8) and Utf8 is not comparable"
statement ok
CREATE TABLE dict_test_base(
  col1 TEXT,
  col2 TEXT
) as VALUES
  ('foo', 'bar'),
  ('bar', 'bar'),
  ('baz', 'bar')
;

# Dictionary cast with string literal
query T rowsort
SELECT NULLIF(arrow_cast(col1, 'Dictionary(Int32, Utf8)'), 'bar') FROM dict_test_base;
----
NULL
baz
foo

# String with dictionary cast
query T rowsort
SELECT NULLIF(col2, arrow_cast(col1, 'Dictionary(Int32, Utf8)')) FROM dict_test_base;
----
NULL
bar
bar

# Both as dictionaries
query T rowsort
SELECT NULLIF(arrow_cast(col1, 'Dictionary(Int32, Utf8)'), arrow_cast('bar', 'Dictionary(Int32, Utf8)')) FROM dict_test_base;
----
NULL
baz
foo
