# Licensed to the Apache Software Foundation (ASF) under one
# or more contributor license agreements.  See the NOTICE file
# distributed with this work for additional information
# regarding copyright ownership.  The ASF licenses this file
# to you under the Apache License, Version 2.0 (the
# "License"); you may not use this file except in compliance
# with the License.  You may obtain a copy of the License at

#   http://www.apache.org/licenses/LICENSE-2.0

# Unless required by applicable law or agreed to in writing,
# software distributed under the License is distributed on an
# "AS IS" BASIS, WITHOUT WARRANTIES OR CONDITIONS OF ANY
# KIND, either express or implied.  See the License for the
# specific language governing permissions and limitations
# under the License.

# Licensed to the Apache Software Foundation (ASF) under one
# or more contributor license agreements.  See the NOTICE file
# distributed with this work for additional information
# regarding copyright ownership.  The ASF licenses this file
# to you under the Apache License, Version 2.0 (the
# "License"); you may not use this file except in compliance
# with the License.  You may obtain a copy of the License at

#   http://www.apache.org/licenses/LICENSE-2.0

# Unless required by applicable law or agreed to in writing,
# software distributed under the License is distributed on an
# "AS IS" BASIS, WITHOUT WARRANTIES OR CONDITIONS OF ANY
# KIND, either express or implied.  See the License for the
# specific language governing permissions and limitations
# under the License.

statement ok
CREATE TABLE test(
  int_field  INT,
  bool_field BOOLEAN,
  text_field TEXT,
  more_ints  INT
) as VALUES
  (1,    true,  'abc',  2),
  (2,    false, 'def',  2),
  (3,    NULL,  'ghij', 3),
  (NULL, NULL,   NULL,  4),
  (4,    false, 'zxc',  5),
  (NULL, true,   NULL,  6)
;

# Arrays tests
query I
SELECT NVL(int_field, 2) FROM test;
----
1
2
3
2
4
2


query B
SELECT NVL(bool_field, false) FROM test;
----
true
false
false
false
false
true


query T
SELECT NVL(text_field, 'zxb') FROM test;
----
abc
def
ghij
zxb
zxc
zxb


query I
SELECT IFNULL(int_field, more_ints) FROM test;
----
1
2
3
4
4
6


query I
SELECT NVL(3, int_field) FROM test;
----
3
3
3
3
3
3


# Scalar values tests
query I
SELECT NVL(1, 1);
----
1

query I
SELECT NVL(1, 3);
----
1

query I
SELECT NVL(NULL, NULL);
----
NULL
