# Licensed to the Apache Software Foundation (ASF) under one
# or more contributor license agreements.  See the NOTICE file
# distributed with this work for additional information
# regarding copyright ownership.  The ASF licenses this file
# to you under the Apache License, Version 2.0 (the
# "License"); you may not use this file except in compliance
# with the License.  You may obtain a copy of the License at

#   http://www.apache.org/licenses/LICENSE-2.0

# Unless required by applicable law or agreed to in writing,
# software distributed under the License is distributed on an
# "AS IS" BASIS, WITHOUT WARRANTIES OR CONDITIONS OF ANY
# KIND, either express or implied.  See the License for the
# specific language governing permissions and limitations
# under the License.

# PIVOT tests

# Setup test table
statement ok
CREATE TABLE person (id INT, name STRING, age INT, class INT, address STRING) AS VALUES
      (100, 'John', 30, 1, 'Street 1'),
      (200, 'Mary', NULL, 1, 'Street 2'),
      (300, 'Mike', 80, 3, 'Street 3'),
      (400, 'Dan', 50, 4, 'Street 4');

# Test basic PIVOT with single column
query ITIRIR rowsort
SELECT * FROM person
    PIVOT (
        SUM(age) AS a, AVG(class) AS c
        FOR name IN ('John' AS john, 'Mike' AS mike)
    );
----
100 Street 1 30 1 NULL NULL
200 Street 2 NULL NULL NULL NULL
300 Street 3 NULL NULL 80 3
400 Street 4 NULL NULL NULL NULL

# Test PIVOT with multiple columns in FOR clause
query ITIRIR rowsort
SELECT * FROM person
    PIVOT (
        SUM(age) AS a, AVG(class) AS c
        FOR (name, age) IN (('John', 30) AS c1, ('Mike', 40) AS c2)
    );
----
100 Street 1 30 1 NULL NULL
200 Street 2 NULL NULL NULL NULL
300 Street 3 NULL NULL NULL NULL
400 Street 4 NULL NULL NULL NULL

# Cleanup
statement ok
DROP TABLE person;
