# Licensed to the Apache Software Foundation (ASF) under one
# or more contributor license agreements.  See the NOTICE file
# distributed with this work for additional information
# regarding copyright ownership.  The ASF licenses this file
# to you under the Apache License, Version 2.0 (the
# "License"); you may not use this file except in compliance
# with the License.  You may obtain a copy of the License at

#   http://www.apache.org/licenses/LICENSE-2.0

# Unless required by applicable law or agreed to in writing,
# software distributed under the License is distributed on an
# "AS IS" BASIS, WITHOUT WARRANTIES OR CONDITIONS OF ANY
# KIND, either express or implied.  See the License for the
# specific language governing permissions and limitations
# under the License.

# Contents
# Inner Join
#   `WHERE` clause
#   `ON` clause
# Left Outer Join
#   `WHERE` clause
#   `ON` clause
# Right Outer Join
#   `WHERE` clause
#   `ON` clause
# Full Outer Join
#   `WHERE` clause
#   `ON` clause

# Create table t1
statement ok
CREATE TABLE t1(t1_id INT, t1_name VARCHAR) AS VALUES
(11, 'a'),
(22, 'b'),
(33, 'c'),
(44, 'd'),
(77, 'e'),
(88, NULL),
(99, NULL)

# Create table t2
statement ok
CREATE TABLE t2(t2_id INT, t2_name VARCHAR) AS VALUES
(11, 'z'),
(22, NULL),
(44, 'x'),
(55, 'w'),
(99, 'u')

# Inner Join

## `WHERE` clause

query ITIT
SELECT * FROM t1 INNER JOIN t2 ON t1.t1_id = t2.t2_id ORDER BY t1_id, t1_name, t2_id, t2_name
----
11 a 11 z
22 b 22 NULL
44 d 44 x
99 NULL 99 u

query ITIT
SELECT * FROM t1 INNER JOIN t2 ON t1.t1_id = t2.t2_id WHERE t1.t1_name = 'a' ORDER BY t1_id, t1_name, t2_id, t2_name
----
11 a 11 z

query ITIT
SELECT * FROM t1 INNER JOIN t2 ON t1.t1_id = t2.t2_id WHERE t2.t2_name = 'z' ORDER BY t1_id, t1_name, t2_id, t2_name
----
11 a 11 z

query ITIT
SELECT * FROM t1 INNER JOIN t2 ON t1.t1_id = t2.t2_id WHERE t1.t1_name IS NULL ORDER BY t1_id, t1_name, t2_id, t2_name
----
99 NULL 99 u

query ITIT
SELECT * FROM t1 INNER JOIN t2 ON t1.t1_id = t2.t2_id WHERE t2.t2_name IS NULL ORDER BY t1_id, t1_name, t2_id, t2_name
----
22 b 22 NULL

query ITIT
SELECT * FROM t1 INNER JOIN t2 ON t1.t1_id = t2.t2_id WHERE t1.t1_id <= 22 ORDER BY t1_id, t1_name, t2_id, t2_name
----
11 a 11 z
22 b 22 NULL

query ITIT
SELECT * FROM t1 INNER JOIN t2 ON t1.t1_id = t2.t2_id WHERE t2.t2_id <= 22 ORDER BY t1_id, t1_name, t2_id, t2_name
----
11 a 11 z
22 b 22 NULL

query ITIT
SELECT * FROM t1 INNER JOIN t2 ON t1.t1_id = t2.t2_id WHERE t1.t1_id IS NULL ORDER BY t1_id, t1_name, t2_id, t2_name
----

query ITIT
SELECT * FROM t1 INNER JOIN t2 ON t1.t1_id = t2.t2_id WHERE t2.t2_id IS NULL ORDER BY t1_id, t1_name, t2_id, t2_name
----

## `ON` clause

query ITIT
SELECT * FROM t1 INNER JOIN t2 ON t1.t1_id = t2.t2_id AND t1.t1_name = 'a' ORDER BY t1_id, t1_name, t2_id, t2_name
----
11 a 11 z

query ITIT
SELECT * FROM t1 INNER JOIN t2 ON t1.t1_id = t2.t2_id AND t2.t2_name = 'z' ORDER BY t1_id, t1_name, t2_id, t2_name
----
11 a 11 z

query ITIT
SELECT * FROM t1 INNER JOIN t2 ON t1.t1_id = t2.t2_id AND t1.t1_name IS NULL ORDER BY t1_id, t1_name, t2_id, t2_name
----
99 NULL 99 u

query ITIT
SELECT * FROM t1 INNER JOIN t2 ON t1.t1_id = t2.t2_id AND t2.t2_name IS NULL ORDER BY t1_id, t1_name, t2_id, t2_name
----
22 b 22 NULL

query ITIT
SELECT * FROM t1 INNER JOIN t2 ON t1.t1_id = t2.t2_id AND t1.t1_name IS NULL ORDER BY t1_id, t1_name, t2_id, t2_name
----
99 NULL 99 u

query ITIT
SELECT * FROM t1 INNER JOIN t2 ON t1.t1_id = t2.t2_id AND t2.t2_name IS NULL ORDER BY t1_id, t1_name, t2_id, t2_name
----
22 b 22 NULL

query ITIT
SELECT * FROM t1 INNER JOIN t2 ON t1.t1_id = t2.t2_id AND t1.t1_id <= 22 ORDER BY t1_id, t1_name, t2_id, t2_name
----
11 a 11 z
22 b 22 NULL

query ITIT
SELECT * FROM t1 INNER JOIN t2 ON t1.t1_id = t2.t2_id AND t2.t2_id <= 22 ORDER BY t1_id, t1_name, t2_id, t2_name
----
11 a 11 z
22 b 22 NULL

# Left Outer Join

## `WHERE` clause

query ITIT
SELECT * FROM t1 LEFT JOIN t2 ON t1.t1_id = t2.t2_id ORDER BY t1_id, t1_name, t2_id, t2_name
----
11 a 11 z
22 b 22 NULL
33 c NULL NULL
44 d 44 x
77 e NULL NULL
88 NULL NULL NULL
99 NULL 99 u

query ITIT
SELECT * FROM t1 LEFT JOIN t2 ON t1.t1_id = t2.t2_id WHERE t1.t1_name = 'a' ORDER BY t1_id, t1_name, t2_id, t2_name
----
11 a 11 z

query ITIT
SELECT * FROM t1 LEFT JOIN t2 ON t1.t1_id = t2.t2_id WHERE t2.t2_name = 'z' ORDER BY t1_id, t1_name, t2_id, t2_name
----
11 a 11 z

query ITIT
SELECT * FROM t1 LEFT JOIN t2 ON t1.t1_id = t2.t2_id WHERE t1.t1_name IS NULL ORDER BY t1_id, t1_name, t2_id, t2_name
----
88 NULL NULL NULL
99 NULL 99 u

query ITIT
SELECT * FROM t1 LEFT JOIN t2 ON t1.t1_id = t2.t2_id WHERE t2.t2_name IS NULL ORDER BY t1_id, t1_name, t2_id, t2_name
----
22 b 22 NULL
33 c NULL NULL
77 e NULL NULL
88 NULL NULL NULL

query ITIT
SELECT * FROM t1 LEFT JOIN t2 ON t1.t1_id = t2.t2_id WHERE t1.t1_id <= 22 ORDER BY t1_id, t1_name, t2_id, t2_name
----
11 a 11 z
22 b 22 NULL

query ITIT
SELECT * FROM t1 LEFT JOIN t2 ON t1.t1_id = t2.t2_id WHERE t2.t2_id <= 22 ORDER BY t1_id, t1_name, t2_id, t2_name
----
11 a 11 z
22 b 22 NULL

query ITIT
SELECT * FROM t1 LEFT JOIN t2 ON t1.t1_id = t2.t2_id WHERE t1.t1_id IS NULL ORDER BY t1_id, t1_name, t2_id, t2_name
----

query ITIT
SELECT * FROM t1 LEFT JOIN t2 ON t1.t1_id = t2.t2_id WHERE t2.t2_id IS NULL ORDER BY t1_id, t1_name, t2_id, t2_name
----
33 c NULL NULL
77 e NULL NULL
88 NULL NULL NULL

## `ON` clause

query ITIT
SELECT * FROM t1 LEFT JOIN t2 ON t1.t1_id = t2.t2_id AND t1.t1_name = 'a' ORDER BY t1_id, t1_name, t2_id, t2_name
----
11 a 11 z
22 b NULL NULL
33 c NULL NULL
44 d NULL NULL
77 e NULL NULL
88 NULL NULL NULL
99 NULL NULL NULL

query ITIT
SELECT * FROM t1 LEFT JOIN t2 ON t1.t1_id = t2.t2_id AND t2.t2_name = 'z' ORDER BY t1_id, t1_name, t2_id, t2_name
----
11 a 11 z
22 b NULL NULL
33 c NULL NULL
44 d NULL NULL
77 e NULL NULL
88 NULL NULL NULL
99 NULL NULL NULL

query ITIT
SELECT * FROM t1 LEFT JOIN t2 ON t1.t1_id = t2.t2_id AND t1.t1_name IS NULL ORDER BY t1_id, t1_name, t2_id, t2_name
----
11 a NULL NULL
22 b NULL NULL
33 c NULL NULL
44 d NULL NULL
77 e NULL NULL
88 NULL NULL NULL
99 NULL 99 u

query ITIT
SELECT * FROM t1 LEFT JOIN t2 ON t1.t1_id = t2.t2_id AND t2.t2_name IS NULL ORDER BY t1_id, t1_name, t2_id, t2_name
----
11 a NULL NULL
22 b 22 NULL
33 c NULL NULL
44 d NULL NULL
77 e NULL NULL
88 NULL NULL NULL
99 NULL NULL NULL

query ITIT
SELECT * FROM t1 LEFT JOIN t2 ON t1.t1_id = t2.t2_id AND t1.t1_name IS NULL ORDER BY t1_id, t1_name, t2_id, t2_name
----
11 a NULL NULL
22 b NULL NULL
33 c NULL NULL
44 d NULL NULL
77 e NULL NULL
88 NULL NULL NULL
99 NULL 99 u

query ITIT
SELECT * FROM t1 LEFT JOIN t2 ON t1.t1_id = t2.t2_id AND t2.t2_name IS NULL ORDER BY t1_id, t1_name, t2_id, t2_name
----
11 a NULL NULL
22 b 22 NULL
33 c NULL NULL
44 d NULL NULL
77 e NULL NULL
88 NULL NULL NULL
99 NULL NULL NULL

query ITIT
SELECT * FROM t1 LEFT JOIN t2 ON t1.t1_id = t2.t2_id AND t1.t1_id <= 22 ORDER BY t1_id, t1_name, t2_id, t2_name
----
11 a 11 z
22 b 22 NULL
33 c NULL NULL
44 d NULL NULL
77 e NULL NULL
88 NULL NULL NULL
99 NULL NULL NULL

query ITIT
SELECT * FROM t1 LEFT JOIN t2 ON t1.t1_id = t2.t2_id AND t2.t2_id <= 22 ORDER BY t1_id, t1_name, t2_id, t2_name
----
11 a 11 z
22 b 22 NULL
33 c NULL NULL
44 d NULL NULL
77 e NULL NULL
88 NULL NULL NULL
99 NULL NULL NULL

# Right Outer Join

## `WHERE` clause

query ITIT
SELECT * FROM t1 RIGHT JOIN t2 ON t1.t1_id = t2.t2_id ORDER BY t1_id, t1_name, t2_id, t2_name
----
11 a 11 z
22 b 22 NULL
44 d 44 x
99 NULL 99 u
NULL NULL 55 w

query ITIT
SELECT * FROM t1 RIGHT JOIN t2 ON t1.t1_id = t2.t2_id WHERE t1.t1_name = 'a' ORDER BY t1_id, t1_name, t2_id, t2_name
----
11 a 11 z

query ITIT
SELECT * FROM t1 RIGHT JOIN t2 ON t1.t1_id = t2.t2_id WHERE t2.t2_name = 'z' ORDER BY t1_id, t1_name, t2_id, t2_name
----
11 a 11 z

query ITIT
SELECT * FROM t1 RIGHT JOIN t2 ON t1.t1_id = t2.t2_id WHERE t1.t1_name IS NULL ORDER BY t1_id, t1_name, t2_id, t2_name
----
99 NULL 99 u
NULL NULL 55 w

query ITIT
SELECT * FROM t1 RIGHT JOIN t2 ON t1.t1_id = t2.t2_id WHERE t2.t2_name IS NULL ORDER BY t1_id, t1_name, t2_id, t2_name
----
22 b 22 NULL

query ITIT
SELECT * FROM t1 RIGHT JOIN t2 ON t1.t1_id = t2.t2_id WHERE t1.t1_id <= 22 ORDER BY t1_id, t1_name, t2_id, t2_name
----
11 a 11 z
22 b 22 NULL

query ITIT
SELECT * FROM t1 RIGHT JOIN t2 ON t1.t1_id = t2.t2_id WHERE t2.t2_id <= 22 ORDER BY t1_id, t1_name, t2_id, t2_name
----
11 a 11 z
22 b 22 NULL

query ITIT
SELECT * FROM t1 RIGHT JOIN t2 ON t1.t1_id = t2.t2_id WHERE t1.t1_id IS NULL ORDER BY t1_id, t1_name, t2_id, t2_name
----
NULL NULL 55 w

query ITIT
SELECT * FROM t1 RIGHT JOIN t2 ON t1.t1_id = t2.t2_id WHERE t2.t2_id IS NULL ORDER BY t1_id, t1_name, t2_id, t2_name
----

## `ON` clause

query ITIT
SELECT * FROM t1 RIGHT JOIN t2 ON t1.t1_id = t2.t2_id AND t1.t1_name = 'a' ORDER BY t1_id, t1_name, t2_id, t2_name
----
11 a 11 z
NULL NULL 22 NULL
NULL NULL 44 x
NULL NULL 55 w
NULL NULL 99 u

query ITIT
SELECT * FROM t1 RIGHT JOIN t2 ON t1.t1_id = t2.t2_id AND t2.t2_name = 'z' ORDER BY t1_id, t1_name, t2_id, t2_name
----
11 a 11 z
NULL NULL 22 NULL
NULL NULL 44 x
NULL NULL 55 w
NULL NULL 99 u

query ITIT
SELECT * FROM t1 RIGHT JOIN t2 ON t1.t1_id = t2.t2_id AND t1.t1_name IS NULL ORDER BY t1_id, t1_name, t2_id, t2_name
----
99 NULL 99 u
NULL NULL 11 z
NULL NULL 22 NULL
NULL NULL 44 x
NULL NULL 55 w

query ITIT
SELECT * FROM t1 RIGHT JOIN t2 ON t1.t1_id = t2.t2_id AND t2.t2_name IS NULL ORDER BY t1_id, t1_name, t2_id, t2_name
----
22 b 22 NULL
NULL NULL 11 z
NULL NULL 44 x
NULL NULL 55 w
NULL NULL 99 u

query ITIT
SELECT * FROM t1 RIGHT JOIN t2 ON t1.t1_id = t2.t2_id AND t1.t1_name IS NULL ORDER BY t1_id, t1_name, t2_id, t2_name
----
99 NULL 99 u
NULL NULL 11 z
NULL NULL 22 NULL
NULL NULL 44 x
NULL NULL 55 w

query ITIT
SELECT * FROM t1 RIGHT JOIN t2 ON t1.t1_id = t2.t2_id AND t2.t2_name IS NULL ORDER BY t1_id, t1_name, t2_id, t2_name
----
22 b 22 NULL
NULL NULL 11 z
NULL NULL 44 x
NULL NULL 55 w
NULL NULL 99 u

query ITIT
SELECT * FROM t1 RIGHT JOIN t2 ON t1.t1_id = t2.t2_id AND t1.t1_id <= 22 ORDER BY t1_id, t1_name, t2_id, t2_name
----
11 a 11 z
22 b 22 NULL
NULL NULL 44 x
NULL NULL 55 w
NULL NULL 99 u

query ITIT
SELECT * FROM t1 RIGHT JOIN t2 ON t1.t1_id = t2.t2_id AND t2.t2_id <= 22 ORDER BY t1_id, t1_name, t2_id, t2_name
----
11 a 11 z
22 b 22 NULL
NULL NULL 44 x
NULL NULL 55 w
NULL NULL 99 u

# Full Outer Join

## `WHERE` clause

query ITIT
SELECT * FROM t1 FULL JOIN t2 ON t1.t1_id = t2.t2_id ORDER BY t1_id, t1_name, t2_id, t2_name
----
11 a 11 z
22 b 22 NULL
33 c NULL NULL
44 d 44 x
77 e NULL NULL
88 NULL NULL NULL
99 NULL 99 u
NULL NULL 55 w

query ITIT
SELECT * FROM t1 FULL JOIN t2 ON t1.t1_id = t2.t2_id WHERE t1.t1_name = 'a' ORDER BY t1_id, t1_name, t2_id, t2_name
----
11 a 11 z

query ITIT
SELECT * FROM t1 FULL JOIN t2 ON t1.t1_id = t2.t2_id WHERE t2.t2_name = 'z' ORDER BY t1_id, t1_name, t2_id, t2_name
----
11 a 11 z

query ITIT
SELECT * FROM t1 FULL JOIN t2 ON t1.t1_id = t2.t2_id WHERE t1.t1_name IS NULL ORDER BY t1_id, t1_name, t2_id, t2_name
----
88 NULL NULL NULL
99 NULL 99 u
NULL NULL 55 w

query ITIT
SELECT * FROM t1 FULL JOIN t2 ON t1.t1_id = t2.t2_id WHERE t2.t2_name IS NULL ORDER BY t1_id, t1_name, t2_id, t2_name
----
22 b 22 NULL
33 c NULL NULL
77 e NULL NULL
88 NULL NULL NULL

query ITIT
SELECT * FROM t1 FULL JOIN t2 ON t1.t1_id = t2.t2_id WHERE t1.t1_id <= 22 ORDER BY t1_id, t1_name, t2_id, t2_name
----
11 a 11 z
22 b 22 NULL

query ITIT
SELECT * FROM t1 FULL JOIN t2 ON t1.t1_id = t2.t2_id WHERE t2.t2_id <= 22 ORDER BY t1_id, t1_name, t2_id, t2_name
----
11 a 11 z
22 b 22 NULL

query ITIT
SELECT * FROM t1 FULL JOIN t2 ON t1.t1_id = t2.t2_id WHERE t1.t1_id IS NULL ORDER BY t1_id, t1_name, t2_id, t2_name
----
NULL NULL 55 w

query ITIT
SELECT * FROM t1 FULL JOIN t2 ON t1.t1_id = t2.t2_id WHERE t2.t2_id IS NULL ORDER BY t1_id, t1_name, t2_id, t2_name
----
33 c NULL NULL
77 e NULL NULL
88 NULL NULL NULL

## `ON` clause

query ITIT
SELECT * FROM t1 FULL JOIN t2 ON t1.t1_id = t2.t2_id AND t1.t1_name = 'a' ORDER BY t1_id, t1_name, t2_id, t2_name
----
11 a 11 z
22 b NULL NULL
33 c NULL NULL
44 d NULL NULL
77 e NULL NULL
88 NULL NULL NULL
99 NULL NULL NULL
NULL NULL 22 NULL
NULL NULL 44 x
NULL NULL 55 w
NULL NULL 99 u

query ITIT
SELECT * FROM t1 FULL JOIN t2 ON t1.t1_id = t2.t2_id AND t2.t2_name = 'z' ORDER BY t1_id, t1_name, t2_id, t2_name
----
11 a 11 z
22 b NULL NULL
33 c NULL NULL
44 d NULL NULL
77 e NULL NULL
88 NULL NULL NULL
99 NULL NULL NULL
NULL NULL 22 NULL
NULL NULL 44 x
NULL NULL 55 w
NULL NULL 99 u

query ITIT
SELECT * FROM t1 FULL JOIN t2 ON t1.t1_id = t2.t2_id AND t1.t1_name IS NULL ORDER BY t1_id, t1_name, t2_id, t2_name
----
11 a NULL NULL
22 b NULL NULL
33 c NULL NULL
44 d NULL NULL
77 e NULL NULL
88 NULL NULL NULL
99 NULL 99 u
NULL NULL 11 z
NULL NULL 22 NULL
NULL NULL 44 x
NULL NULL 55 w

query ITIT
SELECT * FROM t1 FULL JOIN t2 ON t1.t1_id = t2.t2_id AND t2.t2_name IS NULL ORDER BY t1_id, t1_name, t2_id, t2_name
----
11 a NULL NULL
22 b 22 NULL
33 c NULL NULL
44 d NULL NULL
77 e NULL NULL
88 NULL NULL NULL
99 NULL NULL NULL
NULL NULL 11 z
NULL NULL 44 x
NULL NULL 55 w
NULL NULL 99 u

query ITIT
SELECT * FROM t1 FULL JOIN t2 ON t1.t1_id = t2.t2_id AND t1.t1_name IS NULL ORDER BY t1_id, t1_name, t2_id, t2_name
----
11 a NULL NULL
22 b NULL NULL
33 c NULL NULL
44 d NULL NULL
77 e NULL NULL
88 NULL NULL NULL
99 NULL 99 u
NULL NULL 11 z
NULL NULL 22 NULL
NULL NULL 44 x
NULL NULL 55 w

query ITIT
SELECT * FROM t1 FULL JOIN t2 ON t1.t1_id = t2.t2_id AND t2.t2_name IS NULL ORDER BY t1_id, t1_name, t2_id, t2_name
----
11 a NULL NULL
22 b 22 NULL
33 c NULL NULL
44 d NULL NULL
77 e NULL NULL
88 NULL NULL NULL
99 NULL NULL NULL
NULL NULL 11 z
NULL NULL 44 x
NULL NULL 55 w
NULL NULL 99 u

query ITIT
SELECT * FROM t1 FULL JOIN t2 ON t1.t1_id = t2.t2_id AND t1.t1_id <= 22 ORDER BY t1_id, t1_name, t2_id, t2_name
----
11 a 11 z
22 b 22 NULL
33 c NULL NULL
44 d NULL NULL
77 e NULL NULL
88 NULL NULL NULL
99 NULL NULL NULL
NULL NULL 44 x
NULL NULL 55 w
NULL NULL 99 u

query ITIT
SELECT * FROM t1 FULL JOIN t2 ON t1.t1_id = t2.t2_id AND t2.t2_id <= 22 ORDER BY t1_id, t1_name, t2_id, t2_name
----
11 a 11 z
22 b 22 NULL
33 c NULL NULL
44 d NULL NULL
77 e NULL NULL
88 NULL NULL NULL
99 NULL NULL NULL
NULL NULL 44 x
NULL NULL 55 w
NULL NULL 99 u
