# Licensed to the Apache Software Foundation (ASF) under one
# or more contributor license agreements.  See the NOTICE file
# distributed with this work for additional information
# regarding copyright ownership.  The ASF licenses this file
# to you under the Apache License, Version 2.0 (the
# "License"); you may not use this file except in compliance
# with the License.  You may obtain a copy of the License at

#   http://www.apache.org/licenses/LICENSE-2.0

# Unless required by applicable law or agreed to in writing,
# software distributed under the License is distributed on an
# "AS IS" BASIS, WITHOUT WARRANTIES OR CONDITIONS OF ANY
# KIND, either express or implied.  See the License for the
# specific language governing permissions and limitations
# under the License.

##########
## Sort Merge Join Tests
##########

statement ok
set datafusion.optimizer.prefer_hash_join = false;

statement ok
CREATE TABLE t1(a text, b int) AS VALUES ('Alice', 50), ('Alice', 100), ('Bob', 1);

statement ok
CREATE TABLE t2(a text, b int) AS VALUES ('Alice', 2), ('Alice', 1);

# inner join query plan with join filter
query TT
EXPLAIN SELECT t1.a, t1.b, t2.a, t2.b FROM t1 JOIN t2 ON t1.a = t2.a AND t2.b * 50 <= t1.b
----
logical_plan
01)Inner Join: t1.a = t2.a Filter: CAST(t2.b AS Int64) * Int64(50) <= CAST(t1.b AS Int64)
02)--TableScan: t1 projection=[a, b]
03)--TableScan: t2 projection=[a, b]
physical_plan
01)SortMergeJoin: join_type=Inner, on=[(a@0, a@0)], filter=CAST(b@1 AS Int64) * 50 <= CAST(b@0 AS Int64)
02)--SortExec: expr=[a@0 ASC], preserve_partitioning=[false]
03)----MemoryExec: partitions=1, partition_sizes=[1]
04)--SortExec: expr=[a@0 ASC], preserve_partitioning=[false]
05)----MemoryExec: partitions=1, partition_sizes=[1]

# inner join with join filter
query TITI rowsort
SELECT t1.a, t1.b, t2.a, t2.b FROM t1 JOIN t2 ON t1.a = t2.a AND t2.b * 50 <= t1.b
----
Alice 100 Alice 1
Alice 100 Alice 2
Alice 50 Alice 1

query TITI rowsort
SELECT t1.a, t1.b, t2.a, t2.b FROM t1 JOIN t2 ON t1.a = t2.a AND t2.b < t1.b
----
Alice 100 Alice 1
Alice 100 Alice 2
Alice 50 Alice 1
Alice 50 Alice 2

query TITI rowsort
SELECT t1.a, t1.b, t2.a, t2.b FROM t1 JOIN t2 ON t1.a = t2.a AND t2.b > t1.b
----

# left join without join filter
query TITI rowsort
SELECT * FROM t1 LEFT JOIN t2 ON t1.a = t2.a
----
Alice 100 Alice 1
Alice 100 Alice 2
Alice 50 Alice 1
Alice 50 Alice 2
Bob 1 NULL NULL

# left join with join filter
query TITI rowsort
SELECT * FROM t1 LEFT JOIN t2 ON t1.a = t2.a AND t2.b * 50 <= t1.b
----
Alice 100 Alice 1
Alice 100 Alice 2
Alice 50 Alice 1
Bob 1 NULL NULL

query TITI rowsort
SELECT * FROM t1 LEFT JOIN t2 ON t1.a = t2.a AND t2.b < t1.b
----
Alice 100 Alice 1
Alice 100 Alice 2
Alice 50 Alice 1
Alice 50 Alice 2
Bob 1 NULL NULL

# right join without join filter
query TITI rowsort
SELECT * FROM t1 RIGHT JOIN t2 ON t1.a = t2.a
----
Alice 100 Alice 1
Alice 100 Alice 2
Alice 50 Alice 1
Alice 50 Alice 2

# right join with join filter
query TITI rowsort
SELECT * FROM t1 RIGHT JOIN t2 ON t1.a = t2.a AND t2.b * 50 <= t1.b
----
Alice 100 Alice 1
Alice 100 Alice 2
Alice 50 Alice 1

query TITI rowsort
SELECT * FROM t1 RIGHT JOIN t2 ON t1.a = t2.a AND t1.b > t2.b
----
Alice 100 Alice 1
Alice 100 Alice 2
Alice 50 Alice 1
Alice 50 Alice 2

# full join without join filter
query TITI rowsort
SELECT * FROM t1 FULL JOIN t2 ON t1.a = t2.a
----
Alice 100 Alice 1
Alice 100 Alice 2
Alice 50 Alice 1
Alice 50 Alice 2
Bob 1 NULL NULL

# full join with join filter
query TITI rowsort
SELECT * FROM t1 FULL JOIN t2 ON t1.a = t2.a AND t2.b * 50 > t1.b
----
Alice 100 NULL NULL
Alice 50 Alice 2
Bob 1 NULL NULL
NULL NULL Alice 1

query TITI rowsort
SELECT * FROM t1 FULL JOIN t2 ON t1.a = t2.a AND t1.b > t2.b + 50
----
Alice 100 Alice 1
Alice 100 Alice 2
Alice 50 NULL NULL
Bob 1 NULL NULL

statement ok
DROP TABLE t1;

statement ok
DROP TABLE t2;

statement ok
CREATE TABLE IF NOT EXISTS t1(t1_id INT, t1_name TEXT, t1_int INT) AS VALUES
(11, 'a', 1),
(22, 'b', 2),
(33, 'c', 3),
(44, 'd', 4);

statement ok
CREATE TABLE IF NOT EXISTS t2(t2_id INT, t2_name TEXT, t2_int INT) AS VALUES
(11, 'z', 3),
(22, 'y', 1),
(44, 'x', 3),
(55, 'w', 3);

# inner join with join filter
query III rowsort
SELECT t1_id, t1_int, t2_int FROM t1 JOIN t2 ON t1_id = t2_id AND t1_int >= t2_int
----
22 2 1
44 4 3

# equijoin_multiple_condition_ordering
query ITT rowsort
SELECT t1_id, t1_name, t2_name FROM t1 JOIN t2 ON t1_id = t2_id AND t1_name <> t2_name
----
11 a z
22 b y
44 d x

# equijoin_right_and_condition_from_left
query ITT rowsort
SELECT t1_id, t1_name, t2_name FROM t1 RIGHT JOIN t2 ON t1_id = t2_id AND t1_id >= 22
----
22 b y
44 d x
NULL NULL w
NULL NULL z

# equijoin_left_and_condition_from_left
query ITT rowsort
SELECT t1_id, t1_name, t2_name FROM t1 LEFT JOIN t2 ON t1_id = t2_id AND t1_id >= 44
----
11 a NULL
22 b NULL
33 c NULL
44 d x

# equijoin_left_and_condition_from_both
query III rowsort
SELECT t1_id, t1_int, t2_int FROM t1 LEFT JOIN t2 ON t1_id = t2_id AND t1_int >= t2_int
----
11 1 NULL
22 2 1
33 3 NULL
44 4 3

# equijoin_right_and_condition_from_right
query ITT rowsort
SELECT t1_id, t1_name, t2_name FROM t1 RIGHT JOIN t2 ON t1_id = t2_id AND t2_id >= 22
----
22 b y
44 d x
NULL NULL w
NULL NULL z

# equijoin_right_and_condition_from_both
query III rowsort
SELECT t1_int, t2_int, t2_id FROM t1 RIGHT JOIN t2 ON t1_id = t2_id AND t2_int <= t1_int
----
2 1 22
4 3 44
NULL 3 11
NULL 3 55

# equijoin_full
query ITIITI rowsort
SELECT * FROM t1 FULL JOIN t2 ON t1_id = t2_id
----
11 a 1 11 z 3
22 b 2 22 y 1
33 c 3 NULL NULL NULL
44 d 4 44 x 3
NULL NULL NULL 55 w 3

# equijoin_full_and_condition_from_both
query ITIITI rowsort
SELECT * FROM t1 FULL JOIN t2 ON t1_id = t2_id AND t2_int <= t1_int
----
11 a 1 NULL NULL NULL
22 b 2 22 y 1
33 c 3 NULL NULL NULL
44 d 4 44 x 3
NULL NULL NULL 11 z 3
NULL NULL NULL 55 w 3

statement ok
DROP TABLE t1;

statement ok
DROP TABLE t2;

# LEFTSEMI join tests

query II
select * from (
with
t1 as (
    select 11 a, 12 b union all
    select 11 a, 13 b),
t2 as (
    select 11 a, 12 b union all
    select 11 a, 13 b
    )
    select t1.* from t1 where exists (select 1 from t2 where t2.a = t1.a and t2.b = t1.b)
) order by 1, 2
----
11 12
11 13

query II
select * from (
with
t1 as (
    select 11 a, 12 b union all
    select 11 a, 13 b),
t2 as (
    select 11 a, 12 b union all
    select 11 a, 13 b
    )
    select t1.* from t1 where exists (select 1 from t2 where t2.a = t1.a and t2.b != t1.b)
) order by 1, 2;
----
11 12
11 13

query II
select * from (
with
t1 as (
    select null a, 12 b union all
    select 11 a, 13 b),
t2 as (
    select 11 a, 12 b union all
    select 11 a, 13 b
    )
    select t1.* from t1 where exists (select 1 from t2 where t2.a = t1.a and t2.b != t1.b)
) order by 1, 2;
----
11 13

query II
select * from (
with
t1 as (
    select 11 a, 12 b union all
    select 11 a, 13 b)
    select t1.* from t1 where exists (select 1 from t1 t2 where t2.a = t1.a and t2.b = t1.b)
) order by 1, 2;
----
11 12
11 13

query II
select * from (
with
t1 as (
    select 11 a, 12 b union all
    select 11 a, 13 b)
    select t1.* from t1 where exists (select 1 from t1 t2 where t2.a = t1.a and t2.b != t1.b)
) order by 1, 2;
----
11 12
11 13

query II
select * from (
with
t1 as (
    select null a, 12 b union all
    select 11 a, 13 b)
    select t1.* from t1 where exists (select 1 from t1 t2 where t2.a = t1.a and t2.b != t1.b)
) order by 1, 2;
----

query II
select * from (
with
t1 as (
    select 11 a, 12 b union all
    select 11 a, 13 b),
t2 as (
    select 11 a, 12 b union all
    select 11 a, 14 b
    )
select t1.* from t1 where exists (select 1 from t2 where t2.a = t1.a and t2.b != t1.b)
) order by 1, 2;
----
11 12
11 13

query II
select * from (
with
t1 as (
    select 11 a, 12 b union all
    select 11 a, 13 b),
t2 as (
    select 11 a, 12 b union all
    select 11 a, 12 b union all
    select 11 a, 14 b
    )
select t1.* from t1 where exists (select 1 from t2 where t2.a = t1.a and t2.b != t1.b)
) order by 1, 2;
----
11 12
11 13

# Set batch size to 1 for sort merge join to test scenario when data spread across multiple batches
statement ok
set datafusion.execution.batch_size = 1;

query II
SELECT * FROM (
    WITH
        t1 AS (
            SELECT 12 a, 12 b
        ),
        t2 AS (
            SELECT 12 a, 12 b
        )
        SELECT t1.* FROM t1 JOIN t2 on t1.a = t2.b WHERE t1.a > t2.b
) ORDER BY 1, 2;
----


query II
select * from (
with
t1 as (
    select 11 a, 12 b union all
    select 11 a, 13 b),
t2 as (
    select 11 a, 12 b union all
    select 11 a, 12 b union all
    select 11 a, 14 b
    )
select t1.* from t1 where exists (select 1 from t2 where t2.a = t1.a and t2.b != t1.b)
) order by 1, 2;
----
11 12
11 13

#LEFTANTI tests
statement ok
set datafusion.execution.batch_size = 10;

query II
select * from (
with
t1 as (
    select 11 a, 12 b),
t2 as (
    select 11 a, 13 c union all
    select 11 a, 14 c
    )
select t1.* from t1 where not exists (select 1 from t2 where t2.a = t1.a and t1.b > t2.c)
) order by 1, 2
----
11 12

query III
select * from (
with
t1 as (
    select 11 a, 12 b, 1 c union all
    select 11 a, 13 b, 2 c),
t2 as (
    select 11 a, 12 b, 3 c union all
    select 11 a, 14 b, 4 c
    )
select t1.* from t1 where not exists (select 1 from t2 where t2.a = t1.a and t2.b != t1.b and t1.c > t2.c)
) order by 1, 2;
----
11 12 1
11 13 2

query III
select * from (
with
t1 as (
    select 11 a, 12 b, 1 c union all
    select 11 a, 13 b, 2 c),
t2 as (
    select 11 a, 12 b, 3 c where false
    )
select t1.* from t1 where not exists (select 1 from t2 where t2.a = t1.a and t2.b != t1.b and t1.c > t2.c)
) order by 1, 2;
----
11 12 1
11 13 2

query II
select * from (
with
t1 as (
    select 11 a, 12 b),
t2 as (
    select 11 a, 13 c union all
    select 11 a, 14 c union all
    select 11 a, 15 c
    )
select t1.* from t1 where not exists (select 1 from t2 where t2.a = t1.a and t1.b > t2.c)
) order by 1, 2
----
11 12

query II
select * from (
with
t1 as (
    select 11 a, 12 b),
t2 as (
    select 11 a, 11 c union all
    select 11 a, 14 c union all
    select 11 a, 15 c
    )
select t1.* from t1 where not exists (select 1 from t2 where t2.a = t1.a and t1.b > t2.c)
) order by 1, 2
----

query II
select * from (
with
t1 as (
    select 11 a, 12 b),
t2 as (
    select 11 a, 12 c union all
    select 11 a, 11 c union all
    select 11 a, 15 c
    )
select t1.* from t1 where not exists (select 1 from t2 where t2.a = t1.a and t1.b > t2.c)
) order by 1, 2
----

query II
select * from (
with
t1 as (
    select 11 a, 12 b),
t2 as (
    select 11 a, 12 c union all
    select 11 a, 14 c union all
    select 11 a, 11 c
    )
select t1.* from t1 where not exists (select 1 from t2 where t2.a = t1.a and t1.b > t2.c)
) order by 1, 2
----


# Test LEFT ANTI with cross batch data distribution
statement ok
set datafusion.execution.batch_size = 1;

query II
select * from (
with
t1 as (
    select 11 a, 12 b),
t2 as (
    select 11 a, 13 c union all
    select 11 a, 14 c
    )
select t1.* from t1 where not exists (select 1 from t2 where t2.a = t1.a and t1.b > t2.c)
) order by 1, 2
----
11 12

query III
select * from (
with
t1 as (
    select 11 a, 12 b, 1 c union all
    select 11 a, 13 b, 2 c),
t2 as (
    select 11 a, 12 b, 3 c union all
    select 11 a, 14 b, 4 c
    )
select t1.* from t1 where not exists (select 1 from t2 where t2.a = t1.a and t2.b != t1.b and t1.c > t2.c)
) order by 1, 2;
----
11 12 1
11 13 2

query III
select * from (
with
t1 as (
    select 11 a, 12 b, 1 c union all
    select 11 a, 13 b, 2 c),
t2 as (
    select 11 a, 12 b, 3 c where false
    )
select t1.* from t1 where not exists (select 1 from t2 where t2.a = t1.a and t2.b != t1.b and t1.c > t2.c)
) order by 1, 2;
----
11 12 1
11 13 2

query II
select * from (
with
t1 as (
    select 11 a, 12 b),
t2 as (
    select 11 a, 13 c union all
    select 11 a, 14 c union all
    select 11 a, 15 c
    )
select t1.* from t1 where not exists (select 1 from t2 where t2.a = t1.a and t1.b > t2.c)
) order by 1, 2
----
11 12

query II
select * from (
with
t1 as (
    select 11 a, 12 b),
t2 as (
    select 11 a, 12 c union all
    select 11 a, 11 c union all
    select 11 a, 15 c
    )
select t1.* from t1 where not exists (select 1 from t2 where t2.a = t1.a and t1.b > t2.c)
) order by 1, 2
----

query II
select * from (
with
t1 as (
    select 11 a, 12 b),
t2 as (
    select 11 a, 12 c union all
    select 11 a, 14 c union all
    select 11 a, 11 c
    )
select t1.* from t1 where not exists (select 1 from t2 where t2.a = t1.a and t1.b > t2.c)
) order by 1, 2
----

query IIII
select * from (
with t as (
    select id, id % 5 id1 from (select unnest(range(0,10)) id)
), t1 as (
    select id % 10 id, id + 2 id1 from (select unnest(range(0,10)) id)
)
select * from t right join t1 on t.id1 = t1.id and t.id > t1.id1
) order by 1, 2, 3, 4
----
5 0 0 2
6 1 1 3
7 2 2 4
8 3 3 5
9 4 4 6
NULL NULL 5 7
NULL NULL 6 8
NULL NULL 7 9
NULL NULL 8 10
NULL NULL 9 11

query IIII
select * from (
with t as (
    select id_a id_a_1, id_a % 5 id_a_2 from (select unnest(make_array(5, 6, 7, 8, 9, 0, 1, 2, 3, 4)) id_a)
), t1 as (
    select id_b % 10 id_b_1, id_b + 2 id_b_2 from (select unnest(make_array(0, 1, 2, 3, 4, 5, 6, 7, 8, 9)) id_b)
)
select * from t full join t1 on t.id_a_2 = t1.id_b_1 and t.id_a_1 > t1.id_b_2
) order by 1, 2, 3, 4
----
0 0 NULL NULL
1 1 NULL NULL
2 2 NULL NULL
3 3 NULL NULL
4 4 NULL NULL
5 0 0 2
6 1 1 3
7 2 2 4
8 3 3 5
9 4 4 6
NULL NULL 5 7
NULL NULL 6 8
NULL NULL 7 9
NULL NULL 8 10
NULL NULL 9 11

# return sql params back to default values
statement ok
set datafusion.optimizer.prefer_hash_join = true;

statement ok
set datafusion.execution.batch_size = 8192;
