statement ok
create table t1 (a int[], b int) as values ([1,2,3], 2), ([4,5,6], 4);

query B
select array_has(a, b) from t1;
----
true
true

query II
select unnest(a), b from t1;
----
1 2
2 2
3 2
4 4
5 4
6 4
