# Licensed to the Apache Software Foundation (ASF) under one
# or more contributor license agreements.  See the NOTICE file
# distributed with this work for additional information
# regarding copyright ownership.  The ASF licenses this file
# to you under the Apache License, Version 2.0 (the
# "License"); you may not use this file except in compliance
# with the License.  You may obtain a copy of the License at

#   http://www.apache.org/licenses/LICENSE-2.0

# Unless required by applicable law or agreed to in writing,
# software distributed under the License is distributed on an
# "AS IS" BASIS, WITHOUT WARRANTIES OR CONDITIONS OF ANY
# KIND, either express or implied.  See the License for the
# specific language governing permissions and limitations
# under the License.

############################
# Unnest Expressions Tests #
############################

statement ok
CREATE TABLE unnest_table
AS VALUES
    ([1,2,3], [7], 1, [13, 14], struct(1,2)),
    ([4,5], [8,9,10], 2, [15, 16], struct(3,4)),
    ([6], [11,12], 3, null, null),
    ([12], [null, 42, null], null, null, struct(7,8)),
    -- null array to verify the `preserve_nulls` option
    (null, null, 4, [17, 18], null)
;

statement ok
CREATE TABLE nested_unnest_table
AS VALUES 
    (struct('a', 'b', struct('c')), (struct('a', 'b', [10,20])), [struct('a', 'b')]), 
    (struct('d', 'e', struct('f')), (struct('x', 'y', [30,40, 50])), null)
;

## Basic unnest expression in select list
query I
select unnest([1,2,3]);
----
1
2
3

## Basic unnest expression in select struct
query III
select unnest(struct(1,2,3));
----
1 2 3

## Basic unnest list expression in from clause
query I
select * from unnest([1,2,3]);
----
1
2
3

## Basic unnest struct expression in from clause
query III
select * from unnest(struct(1,2,3));
----
1 2 3

## Multiple unnest expression in from clause
query IIII
select * from unnest(struct(1,2,3)),unnest([4,5,6]);
----
1 2 3 4
1 2 3 5
1 2 3 6


## Unnest null in select list
query error DataFusion error: This feature is not implemented: unnest\(\) does not support null yet
select unnest(null);

## Unnest null in from clause
query error DataFusion error: This feature is not implemented: unnest\(\) does not support null yet
select * from unnest(null);


## Unnest empty array in select list
query I
select unnest([]);
----

## Unnest empty array in from clause
query I
select * from unnest([]);
----


## Unnest column non-null
query I
select unnest(column1) from unnest_table;
----
1
2
3
4
5
6
12

## Unnest column with null
query I
select unnest(column2) from unnest_table;
----
7
8
9
10
11
12
NULL
42
NULL

## Unnest single column and filter out null lists
query I
select unnest(column2) from unnest_table where column2 is not null;
----
7
8
9
10
11
12
NULL
42
NULL

## Unnest with additional column
## Issue: https://github.com/apache/datafusion/issues/9349
query II
select unnest(column1), column3 from unnest_table;
----
1 1
2 1
3 1
4 2
5 2
6 3
12 NULL

query I?
select unnest(column1), column1 from unnest_table;
----
1 [1, 2, 3]
2 [1, 2, 3]
3 [1, 2, 3]
4 [4, 5]
5 [4, 5]
6 [6]
12 [12]

query ?II
select array_remove(column1, 4), unnest(column2), column3 * 10 from unnest_table;
----
[1, 2, 3] 7 10
[5] 8 20
[5] 9 20
[5] 10 20
[6] 11 30
[6] 12 30
[12] NULL NULL
[12] 42 NULL
[12] NULL NULL


## Unnest doesn't work with untyped nulls
query error DataFusion error: This feature is not implemented: unnest\(\) does not support null yet
select unnest(null) from unnest_table;

## Multiple unnest functions in selection
query II
select unnest([]), unnest(NULL::int[]);
----

query III
select
    unnest(column1),
    unnest(arrow_cast(column2, 'LargeList(Int64)')),
    unnest(arrow_cast(column4, 'FixedSizeList(2, Int64)'))
from unnest_table where column4 is not null;
----
1 7 13
2 NULL 14
3 NULL NULL
4 8 15
5 9 16
NULL 10 NULL
NULL NULL 17
NULL NULL 18

query IIII
select 
    unnest(column1), unnest(column2) + 2, 
    column3 * 10, unnest(array_remove(column1, '4')) 
from unnest_table;
----
1 9 10 1
2 NULL 10 2
3 NULL 10 3
4 10 20 5
5 11 20 NULL
NULL 12 20 NULL
6 13 30 6
NULL 14 30 NULL
12 NULL NULL 12
NULL 44 NULL NULL
NULL NULL NULL NULL

## Unnest scalar in select list
query error DataFusion error: Error during planning: unnest\(\) can only be applied to array, struct and null
select unnest(1);

## Unnest scalar in from clause
query error DataFusion error: Error during planning: unnest\(\) can only be applied to array, struct and null
select * from unnest(1);


## Unnest empty expression in select list
query error DataFusion error: Error during planning: unnest\(\) requires exactly one argument
select unnest();

## Unnest empty expression in from clause
query error DataFusion error: SQL error: ParserError\("Expected an expression:, found: \)"\)
select * from unnest();


## Unnest multiple expressions in select list. This form is only allowed in a query's FROM clause.
query error DataFusion error: Error during planning: unnest\(\) requires exactly one argument
select unnest([1,2], [2,3]);

## Unnest multiple expressions in from clause
query ITII
select * from unnest(
    [1,2],
    arrow_cast(['a','b', 'c'], 'LargeList(Utf8)'),
    arrow_cast([4, NULL], 'FixedSizeList(2, Int64)'),
    NULL::int[]
) as t(a, b, c, d);
----
1 a 4 NULL
2 b NULL NULL
NULL c NULL NULL

query II
select * from unnest([], NULL::int[]);
----


## Unnest struct expression in select list
query ?
select unnest(struct(null));
----
NULL

## Unnest struct expression in from clause
query ?
select * from unnest(struct(null));
----
NULL


## Unnest array expression
query I
select unnest(range(1, 3));
----
1
2

query I
select * from unnest(range(1, 3));
----
1
2

query I
select unnest(arrow_cast(range(1, 3), 'LargeList(Int64)'));
----
1
2

query I
select * from unnest(arrow_cast(range(1, 3), 'LargeList(Int64)'));
----
1
2

query I
select unnest(arrow_cast(range(1, 3), 'FixedSizeList(2, Int64)'));
----
1
2

query I
select * from unnest(arrow_cast(range(1, 3), 'FixedSizeList(2, Int64)'));
----
1
2

query I
select unnest(array_remove(column1, 12)) from unnest_table;
----
1
2
3
4
5
6

## unnest struct-typed column and list-typed column at the same time
query I?II?
select unnest(column1), column1, unnest(column5), column5 from unnest_table;
----
1 [1, 2, 3] 1 2 {c0: 1, c1: 2}
2 [1, 2, 3] 1 2 {c0: 1, c1: 2}
3 [1, 2, 3] 1 2 {c0: 1, c1: 2}
4 [4, 5] 3 4 {c0: 3, c1: 4}
5 [4, 5] 3 4 {c0: 3, c1: 4}
6 [6] NULL NULL NULL
12 [12] 7 8 {c0: 7, c1: 8}


## Unnest in from clause with alias
query I
select * from unnest([1,2]) as t;
----
1
2

query I
select a from unnest([1,2]) as t(a);
----
1
2


## Unnest in from clause with offset is not supported
query error DataFusion error: This feature is not implemented: UNNEST table factor with offset is not supported yet
select * from unnest([1,2]) with offset;

query error DataFusion error: This feature is not implemented: UNNEST table factor with offset is not supported yet
select * from unnest([1,2]) with offset offset_alias;


## More complex cases
query I
select * from unnest([1,2,(select sum(column3) from unnest_table)]);
----
1
2
10

## Unnest is the sub-expression of other expression
query II
select unnest(column1) as a, column3 from unnest_table;
----
1 1
2 1
3 1
4 2
5 2
6 3
12 NULL

query BI
select unnest(column1) is not null, column3 from unnest_table;
----
true 1
true 1
true 1
true 2
true 2
true 3
true NULL

query II
select -unnest(column1) as a, column3 from unnest_table;
----
-1 1
-2 1
-3 1
-4 2
-5 2
-6 3
-12 NULL

query II
select unnest(array_remove(column1, 3)) as a, column3 from unnest_table;
----
1 1
2 1
4 2
5 2
6 3
12 NULL

query II
select unnest(array_remove(column1, 3)) as c1, column3 from unnest_table order by c1 desc, column3;
----
12 NULL
6 3
5 2
4 2
2 1
1 1

query II
select unnest(array_remove(column1, 3)) - 1 as c1, column3 from unnest_table;
----
0 1
1 1
3 2
4 2
5 3
11 NULL

## unnest on nested(list(struct))
query ?
select unnest(column3) as struct_elem from nested_unnest_table;
----
{c0: a, c1: b}

## unnest for nested struct(struct)
query TT?
select unnest(column1) from nested_unnest_table;
----
a b {c0: c}
d e {c0: f}

## unnest for nested(struct(list))
query TT?
select unnest(column2) from nested_unnest_table;
----
a b [10, 20]
x y [30, 40, 50]

query error DataFusion error: type_coercion\ncaused by\nThis feature is not implemented: Unnest should be rewritten to LogicalPlan::Unnest before type coercion
select sum(unnest(generate_series(1,10)));

## TODO: support unnest as a child expr
query error DataFusion error: Internal error: unnest on struct can ony be applied at the root level of select expression
select arrow_typeof(unnest(column5)) from unnest_table;


## unnest from a result of a logical plan with limit and offset
query I
select unnest(column1) from (select * from (values([1,2,3]), ([4,5,6])) limit 1 offset 1);
----
4
5
6

statement ok
drop table unnest_table;
