# Licensed to the Apache Software Foundation (ASF) under one
# or more contributor license agreements.  See the NOTICE file
# distributed with this work for additional information
# regarding copyright ownership.  The ASF licenses this file
# to you under the Apache License, Version 2.0 (the
# "License"); you may not use this file except in compliance
# with the License.  You may obtain a copy of the License at

#   http://www.apache.org/licenses/LICENSE-2.0

# Unless required by applicable law or agreed to in writing,
# software distributed under the License is distributed on an
# "AS IS" BASIS, WITHOUT WARRANTIES OR CONDITIONS OF ANY
# KIND, either express or implied.  See the License for the
# specific language governing permissions and limitations
# under the License.

# UNPIVOT tests

# Setup test table
statement ok
CREATE TABLE sales_quarterly (year INT, q1 INT, q2 INT, q3 INT, q4 INT) AS VALUES
    (2020, null, 1000, 2000, 2500),
    (2021, 2250, 3200, 4200, 5900),
    (2022, 4200, 3100, null, null);

# Test basic UNPIVOT (NULL values are excluded by default)
query ITI rowsort
SELECT * FROM sales_quarterly
    UNPIVOT (
        sales FOR quarter IN (q1, q2, q3, q4)
    );
----
2020 q2 1000
2020 q3 2000
2020 q4 2500
2021 q1 2250
2021 q2 3200
2021 q3 4200
2021 q4 5900
2022 q1 4200
2022 q2 3100

# Test UNPIVOT with INCLUDE NULLS
query ITI rowsort
SELECT up.* FROM sales_quarterly
    UNPIVOT INCLUDE NULLS (
        sales FOR quarter IN (q1 AS Q1, q2 AS Q2, q3 AS Q3, q4 AS Q4)
    ) AS up;
----
2020 Q1 NULL
2020 Q2 1000
2020 Q3 2000
2020 Q4 2500
2021 Q1 2250
2021 Q2 3200
2021 Q3 4200
2021 Q4 5900
2022 Q1 4200
2022 Q2 3100
2022 Q3 NULL
2022 Q4 NULL

# Test UNPIVOT with multiple value columns
query ITII rowsort
SELECT * FROM sales_quarterly
    UNPIVOT EXCLUDE NULLS (
        (first_quarter, second_quarter)
        FOR half_of_the_year IN (
            (q1, q2) AS H1,
            (q3, q4) AS H2
        )
    );
----
2020 H1 NULL 1000
2020 H2 2000 2500
2021 H1 2250 3200
2021 H2 4200 5900
2022 H1 4200 3100

# Cleanup
statement ok
DROP TABLE sales_quarterly;
