hash-threshold 8
control resultmode valuewise

statement ok
CREATE TABLE tab0(pk INTEGER PRIMARY KEY, col0 INTEGER, col1 FLOAT, col2 TEXT, col3 INTEGER, col4 FLOAT, col5 TEXT)

statement ok
INSERT INTO tab0 VALUES(0,964111,594512.41,'zejml',44799,387786.46,'yupyp')

statement ok
INSERT INTO tab0 VALUES(1,196472,925811.3,'fmrhz',592285,817993.90,'qitus')

statement ok
INSERT INTO tab0 VALUES(2,994842,530303.41,'xtufd',728942,467346.21,'nbiwm')

statement ok
INSERT INTO tab0 VALUES(3,279174,179351.65,'ncgiy',512481,694183.75,'lfprs')

statement ok
INSERT INTO tab0 VALUES(4,526031,974456.85,'ounoc',119659,499420.90,'zsqov')

statement ok
INSERT INTO tab0 VALUES(5,893676,972137.25,'cgfpm',971435,151458.26,'bjkse')

statement ok
INSERT INTO tab0 VALUES(6,347015,809051.35,'kgajy',857849,811401.77,'ttaqv')

statement ok
INSERT INTO tab0 VALUES(7,782470,326873.2,'qbivr',63110,157806.79,'rnqxf')

statement ok
INSERT INTO tab0 VALUES(8,153289,197418.65,'kmohe',490600,11932.26,'vlvnr')

statement ok
INSERT INTO tab0 VALUES(9,594238,547515.28,'lbfko',787780,962493.83,'apkxc')

statement ok
INSERT INTO tab0 VALUES(10,546722,584136.68,'cedml',471282,990905.95,'rmbep')

statement ok
INSERT INTO tab0 VALUES(11,883880,219299.53,'efijh',51910,96038.4,'jctcb')

statement ok
INSERT INTO tab0 VALUES(12,35369,695037.51,'loovi',159545,919464.58,'kbqhw')

statement ok
INSERT INTO tab0 VALUES(13,112579,208618.43,'gxwlz',668243,370208.24,'nukkj')

statement ok
INSERT INTO tab0 VALUES(14,33508,537231.36,'ceiwo',821197,250000.3,'oreet')

statement ok
INSERT INTO tab0 VALUES(15,647766,663208.77,'kvsyv',355773,878021.40,'wzxnj')

statement ok
INSERT INTO tab0 VALUES(16,861694,398986.63,'byxut',628417,716156.36,'fgdup')

statement ok
INSERT INTO tab0 VALUES(17,763153,12054.53,'afrxa',739776,993743.64,'fgosj')

statement ok
INSERT INTO tab0 VALUES(18,746734,849945.85,'agiks',659576,332824.77,'aertt')

statement ok
INSERT INTO tab0 VALUES(19,638641,965301.82,'apgav',351715,372924.25,'zslzs')

statement ok
INSERT INTO tab0 VALUES(20,821716,740875.72,'cxogc',899261,396148.62,'efvkq')

statement ok
INSERT INTO tab0 VALUES(21,360412,514465.92,'vatom',629333,952270.66,'ctmyx')

statement ok
INSERT INTO tab0 VALUES(22,125915,203918.9,'abhlu',238342,483551.44,'ilirq')

statement ok
INSERT INTO tab0 VALUES(23,920928,932189.26,'iuhoi',916656,949829.48,'ahhvg')

statement ok
INSERT INTO tab0 VALUES(24,604888,652343.98,'ziavn',473937,453613.89,'sntce')

statement ok
INSERT INTO tab0 VALUES(25,218841,772491.43,'cssqq',463897,864898.46,'tpipi')

statement ok
INSERT INTO tab0 VALUES(26,110443,780792.55,'sszwf',309448,446258.80,'ckkau')

statement ok
INSERT INTO tab0 VALUES(27,59082,870544.17,'cbrcw',427581,477935.50,'vivvo')

statement ok
INSERT INTO tab0 VALUES(28,400665,565063.13,'opgrs',354461,882659.17,'vkliz')

statement ok
INSERT INTO tab0 VALUES(29,152862,342773.39,'xjpwi',870391,850769.66,'hnutn')

statement ok
INSERT INTO tab0 VALUES(30,139862,262207.18,'htpay',124847,465148.13,'qksnh')

statement ok
INSERT INTO tab0 VALUES(31,117584,586944.13,'prspm',761383,326354.18,'ttzht')

statement ok
INSERT INTO tab0 VALUES(32,898529,410614.35,'gmrjv',42755,177429.99,'xnxyg')

statement ok
INSERT INTO tab0 VALUES(33,476928,281982.61,'tjant',975769,529022.43,'hwzyv')

statement ok
INSERT INTO tab0 VALUES(34,153533,829833.43,'hivuj',436523,284362.19,'ojmjo')

statement ok
INSERT INTO tab0 VALUES(35,660827,388092.21,'nhhos',295074,364257.93,'oedzk')

statement ok
INSERT INTO tab0 VALUES(36,287902,620697.37,'xjhan',540771,332092.36,'yzrjt')

statement ok
INSERT INTO tab0 VALUES(37,5493,146728.45,'pschu',407012,18798.39,'tjofc')

statement ok
INSERT INTO tab0 VALUES(38,590972,165283.26,'yzymj',496368,147979.26,'btneo')

statement ok
INSERT INTO tab0 VALUES(39,753326,80596.1,'eftyp',905578,960723.64,'poefq')

statement ok
INSERT INTO tab0 VALUES(40,258239,126922.38,'ybogz',350463,840728.80,'jmupr')

statement ok
INSERT INTO tab0 VALUES(41,53039,993652.72,'zwjks',291046,939270.69,'iirdr')

statement ok
INSERT INTO tab0 VALUES(42,391601,450225.13,'wwpal',56396,800201.8,'wkbdv')

statement ok
INSERT INTO tab0 VALUES(43,959503,971130.59,'idwgs',969879,984954.70,'rnnua')

statement ok
INSERT INTO tab0 VALUES(44,999023,360961.9,'fzkdw',473815,697540.33,'ddtat')

statement ok
INSERT INTO tab0 VALUES(45,433959,379425.76,'yvyqh',254821,409545.98,'anzsl')

statement ok
INSERT INTO tab0 VALUES(46,994873,366241.99,'dnbsk',368560,485137.95,'ftyzh')

statement ok
INSERT INTO tab0 VALUES(47,343841,866271.54,'fgamc',364868,806060.0,'ebcat')

statement ok
INSERT INTO tab0 VALUES(48,199676,254425.70,'dxjjh',412750,396636.47,'rrpnf')

statement ok
INSERT INTO tab0 VALUES(49,462799,360656.39,'zbkfv',425292,48797.39,'lgqot')

statement ok
INSERT INTO tab0 VALUES(50,340240,95031.29,'kbzlt',184753,946960.61,'stjul')

statement ok
INSERT INTO tab0 VALUES(51,470764,72723.94,'phbcf',467559,293212.93,'vrgsi')

statement ok
INSERT INTO tab0 VALUES(52,49652,238922.93,'pfiza',169219,932189.23,'yfvpv')

statement ok
INSERT INTO tab0 VALUES(53,953918,493988.96,'bmvwc',429412,976104.57,'rhhqk')

statement ok
INSERT INTO tab0 VALUES(54,867187,318206.99,'wcppj',756988,429748.34,'qseih')

statement ok
INSERT INTO tab0 VALUES(55,404724,397094.37,'unhcf',154876,815490.39,'alydx')

statement ok
INSERT INTO tab0 VALUES(56,238403,246185.97,'ytupd',245178,798309.13,'kknct')

statement ok
INSERT INTO tab0 VALUES(57,221801,836059.27,'sqvvk',394165,810668.66,'hxcpv')

statement ok
INSERT INTO tab0 VALUES(58,515136,217407.54,'csrzr',837188,677703.92,'pqqrg')

statement ok
INSERT INTO tab0 VALUES(59,710174,146026.91,'lppyo',803802,242095.78,'nwncc')

statement ok
INSERT INTO tab0 VALUES(60,955413,707763.53,'cwsji',642608,989135.19,'zkdmu')

statement ok
INSERT INTO tab0 VALUES(61,80932,943511.68,'zlmwn',946472,671600.30,'ixrku')

statement ok
INSERT INTO tab0 VALUES(62,723541,474304.91,'gniao',677307,934936.59,'xxmpj')

statement ok
INSERT INTO tab0 VALUES(63,451568,126190.14,'ytgrh',291229,942138.97,'szwxz')

statement ok
INSERT INTO tab0 VALUES(64,890075,555358.81,'lkoxu',863433,998809.92,'dwusc')

statement ok
INSERT INTO tab0 VALUES(65,845733,873016.0,'jkkeu',213287,178039.65,'jofrs')

statement ok
INSERT INTO tab0 VALUES(66,431854,270507.53,'zpiom',29327,945587.14,'ekafc')

statement ok
INSERT INTO tab0 VALUES(67,193389,644195.13,'yteta',994171,784790.37,'kjmje')

statement ok
INSERT INTO tab0 VALUES(68,231903,220581.52,'vrhgd',909606,821472.35,'vzxdl')

statement ok
INSERT INTO tab0 VALUES(69,330688,181182.57,'vmqmy',821594,449157.33,'nqikl')

statement ok
INSERT INTO tab0 VALUES(70,79559,287658.38,'koxxi',145172,953826.83,'pozej')

statement ok
INSERT INTO tab0 VALUES(71,61,506683.48,'ttpds',789550,139129.86,'xzett')

statement ok
INSERT INTO tab0 VALUES(72,670349,635070.87,'rokcp',283111,951293.0,'mkosb')

statement ok
INSERT INTO tab0 VALUES(73,850189,924652.21,'ydtbi',898315,104034.49,'hledi')

statement ok
INSERT INTO tab0 VALUES(74,606079,707397.91,'dltzo',776794,703765.43,'ygstt')

statement ok
INSERT INTO tab0 VALUES(75,436035,20294.26,'dnmiy',54321,874359.85,'aljxj')

statement ok
INSERT INTO tab0 VALUES(76,394805,230468.56,'vkumu',985839,382385.87,'aghxr')

statement ok
INSERT INTO tab0 VALUES(77,218750,660095.26,'rixqr',70404,261871.77,'vulze')

statement ok
INSERT INTO tab0 VALUES(78,450866,211395.6,'iybda',176147,439544.20,'iyynd')

statement ok
INSERT INTO tab0 VALUES(79,565795,991699.4,'ihbjt',665466,359619.22,'csybc')

statement ok
INSERT INTO tab0 VALUES(80,94787,938446.79,'saycx',519805,608886.48,'ygcom')

statement ok
INSERT INTO tab0 VALUES(81,750793,444091.55,'noqmi',464813,541809.32,'qxglk')

statement ok
INSERT INTO tab0 VALUES(82,553375,981231.30,'pbofe',95214,905303.92,'nmzrc')

statement ok
INSERT INTO tab0 VALUES(83,953735,727508.92,'dsfqr',999908,463989.37,'yjjbn')

statement ok
INSERT INTO tab0 VALUES(84,959716,190612.28,'euvzp',886962,624969.86,'emneh')

statement ok
INSERT INTO tab0 VALUES(85,260803,833343.41,'oubga',708496,62927.79,'wpgow')

statement ok
INSERT INTO tab0 VALUES(86,353088,698608.58,'dlmoy',785919,345214.84,'qioyn')

statement ok
INSERT INTO tab0 VALUES(87,664367,34362.46,'tchft',934600,556671.18,'wkmfu')

statement ok
INSERT INTO tab0 VALUES(88,679046,918609.22,'royua',589202,924713.52,'dqppf')

statement ok
INSERT INTO tab0 VALUES(89,63171,884490.66,'fltfc',928436,444427.30,'zdoxv')

statement ok
INSERT INTO tab0 VALUES(90,789428,545166.36,'nencs',213,503387.74,'ljzlx')

statement ok
INSERT INTO tab0 VALUES(91,262115,218902.75,'zccon',846496,506744.5,'tksgm')

statement ok
INSERT INTO tab0 VALUES(92,442260,554107.32,'zrfpw',628540,502319.49,'vxuib')

statement ok
INSERT INTO tab0 VALUES(93,972412,154113.64,'opudi',751556,805419.51,'ehxng')

statement ok
INSERT INTO tab0 VALUES(94,301849,202484.58,'xwwdk',990051,623962.89,'dzzwg')

statement ok
INSERT INTO tab0 VALUES(95,811462,87799.38,'byaqa',612579,683441.88,'wiyos')

statement ok
INSERT INTO tab0 VALUES(96,938781,28686.78,'pycbh',506896,851898.27,'rwfgb')

statement ok
INSERT INTO tab0 VALUES(97,302947,698913.18,'cpuga',304809,765045.55,'xkkzl')

statement ok
INSERT INTO tab0 VALUES(98,829803,852264.71,'yohnm',507385,451080.6,'jdxjb')

statement ok
INSERT INTO tab0 VALUES(99,876831,947662.41,'ukwyv',609771,955810.5,'aupxb')

statement ok
INSERT INTO tab0 VALUES(100,358062,774047.32,'itogy',226226,967620.88,'quiux')

statement ok
INSERT INTO tab0 VALUES(101,869232,75500.60,'vnugy',215179,442474.7,'ifrgf')

statement ok
INSERT INTO tab0 VALUES(102,812774,176116.70,'sxyru',804199,228912.50,'jfmrh')

statement ok
INSERT INTO tab0 VALUES(103,522674,605133.44,'jqyly',715026,693054.46,'ouooq')

statement ok
INSERT INTO tab0 VALUES(104,389556,721801.13,'pxcva',288482,343597.84,'cfeww')

statement ok
INSERT INTO tab0 VALUES(105,985748,340515.75,'fulkk',609588,456817.22,'zaxzz')

statement ok
INSERT INTO tab0 VALUES(106,190185,355682.1,'xzolu',632415,701568.99,'vcaxj')

statement ok
INSERT INTO tab0 VALUES(107,313446,366851.53,'qkdrx',305297,764282.50,'ivfjb')

statement ok
INSERT INTO tab0 VALUES(108,222717,303619.92,'gvqwe',695648,973968.18,'bkhyp')

statement ok
INSERT INTO tab0 VALUES(109,466918,50628.94,'jiume',114990,927215.63,'ypsep')

statement ok
INSERT INTO tab0 VALUES(110,401489,72631.59,'rkjdj',244018,113189.80,'yffti')

statement ok
INSERT INTO tab0 VALUES(111,313598,39489.27,'txupu',257568,538635.7,'qampl')

statement ok
INSERT INTO tab0 VALUES(112,547027,451080.90,'sgqyo',949645,352874.40,'zysxk')

statement ok
INSERT INTO tab0 VALUES(113,627197,262420.0,'sslqn',858337,472808.45,'ufhkk')

statement ok
INSERT INTO tab0 VALUES(114,386169,508575.89,'ogcrz',390899,207916.69,'kllkr')

statement ok
INSERT INTO tab0 VALUES(115,87615,929656.75,'owssd',948760,885253.55,'hutai')

statement ok
INSERT INTO tab0 VALUES(116,551910,595886.77,'wqcgw',52429,474456.53,'uaydz')

statement ok
INSERT INTO tab0 VALUES(117,281036,532592.28,'gvlri',466583,212738.31,'prgqf')

statement ok
INSERT INTO tab0 VALUES(118,583618,345153.88,'ucxjn',325073,229919.93,'kglnh')

statement ok
INSERT INTO tab0 VALUES(119,699920,843994.53,'hngzy',255828,173309.84,'qgyax')

statement ok
INSERT INTO tab0 VALUES(120,926818,669647.73,'btljf',505950,832885.8,'yhzro')

statement ok
INSERT INTO tab0 VALUES(121,742919,917785.59,'oeluu',66711,766174.37,'xhunk')

statement ok
INSERT INTO tab0 VALUES(122,933349,764007.0,'ybodj',798461,923278.29,'qnlht')

statement ok
INSERT INTO tab0 VALUES(123,714965,89141.71,'rofxt',555725,271911.33,'lxmis')

statement ok
INSERT INTO tab0 VALUES(124,861236,104034.50,'fyrji',312194,422271.6,'jxkvx')

statement ok
INSERT INTO tab0 VALUES(125,827270,974578.27,'qtmtt',285644,252227.27,'vtnbw')

statement ok
INSERT INTO tab0 VALUES(126,874786,446807.21,'etfhn',63018,532196.4,'irhjz')

statement ok
INSERT INTO tab0 VALUES(127,197235,471771.85,'agzlr',725433,550201.91,'cvefx')

statement ok
INSERT INTO tab0 VALUES(128,44586,830657.27,'sdgxj',973083,736755.1,'mnfpe')

statement ok
INSERT INTO tab0 VALUES(129,848541,759674.15,'yzftm',250335,290039.14,'xlovx')

statement ok
INSERT INTO tab0 VALUES(130,347412,575164.97,'dfqsi',870727,800811.94,'epfxm')

statement ok
INSERT INTO tab0 VALUES(131,711120,298492.5,'bgkce',141876,877319.98,'jmnoa')

statement ok
INSERT INTO tab0 VALUES(132,666320,281158.75,'kobby',490570,770507.93,'iiyjd')

statement ok
INSERT INTO tab0 VALUES(133,621185,829681.56,'nvqpu',587768,998779.63,'fcqvk')

statement ok
INSERT INTO tab0 VALUES(134,790618,830718.23,'ycaus',473510,973205.26,'jrzqg')

statement ok
INSERT INTO tab0 VALUES(135,321136,375946.87,'bwtxi',682006,622436.43,'qyjqg')

statement ok
INSERT INTO tab0 VALUES(136,415893,387176.15,'sermg',366638,17608.35,'gyqba')

statement ok
INSERT INTO tab0 VALUES(137,459686,241241.33,'xvkly',424865,997558.89,'jawrs')

statement ok
INSERT INTO tab0 VALUES(138,143920,395111.44,'gmbid',623321,793579.77,'owxrs')

statement ok
INSERT INTO tab0 VALUES(139,591705,10772.41,'usyhr',722778,654663.65,'rtcfc')

statement ok
INSERT INTO tab0 VALUES(140,482788,580352.17,'nfzgz',603179,472259.27,'hotdo')

statement ok
INSERT INTO tab0 VALUES(141,178466,551025.78,'axocs',388580,405517.55,'kywir')

statement ok
INSERT INTO tab0 VALUES(142,846740,949981.57,'dyzsm',572113,506042.74,'anttw')

statement ok
INSERT INTO tab0 VALUES(143,587310,9643.24,'mcggg',141174,343139.54,'vxrqt')

statement ok
INSERT INTO tab0 VALUES(144,556396,792358.2,'eqmzh',702209,628570.22,'vujmy')

statement ok
INSERT INTO tab0 VALUES(145,91979,815612.75,'mnstm',605865,841796.76,'wfvkq')

statement ok
INSERT INTO tab0 VALUES(146,838562,677001.6,'hqnvd',71868,854766.93,'jquae')

statement ok
INSERT INTO tab0 VALUES(147,872375,679168.44,'xsngp',314117,557006.48,'xzlqt')

statement ok
INSERT INTO tab0 VALUES(148,826232,454803.39,'pscuu',665649,480712.22,'vvaoz')

statement ok
INSERT INTO tab0 VALUES(149,14678,591705.57,'frzdy',703674,425567.15,'wpkym')

statement ok
INSERT INTO tab0 VALUES(150,558776,257781.87,'vbwab',374481,83831.61,'wnucr')

statement ok
INSERT INTO tab0 VALUES(151,511352,825988.59,'judit',118560,665435.37,'gyjpg')

statement ok
INSERT INTO tab0 VALUES(152,981750,499328.51,'ehiit',995483,522796.78,'tisgu')

statement ok
INSERT INTO tab0 VALUES(153,261047,935913.7,'uvxnl',808990,775909.88,'zjsmn')

statement ok
INSERT INTO tab0 VALUES(154,946899,873992.47,'kktdr',231994,937438.55,'eebgv')

statement ok
INSERT INTO tab0 VALUES(155,68695,756744.77,'oaxzh',931457,537536.60,'rltgv')

statement ok
INSERT INTO tab0 VALUES(156,212341,357574.7,'utdqt',693634,748962.92,'nlyzf')

statement ok
INSERT INTO tab0 VALUES(157,645477,404907.58,'eypqt',548736,12023.59,'hhlbr')

statement ok
INSERT INTO tab0 VALUES(158,442352,207214.79,'dfjow',896270,659698.2,'nyico')

statement ok
INSERT INTO tab0 VALUES(159,608856,278106.56,'tqedf',629791,542449.7,'mkpxp')

statement ok
INSERT INTO tab0 VALUES(160,207519,961212.27,'uyzjz',262023,653350.16,'pvusk')

statement ok
INSERT INTO tab0 VALUES(161,482482,55297.92,'xmqsd',49865,753051.42,'irsgf')

statement ok
INSERT INTO tab0 VALUES(162,984619,439147.30,'qokdb',119293,994750.79,'pswuj')

statement ok
INSERT INTO tab0 VALUES(163,696319,696685.4,'tjthb',590484,549316.16,'nkfjd')

statement ok
INSERT INTO tab0 VALUES(164,156707,741851.82,'cdvpc',702697,230102.51,'yqtwc')

statement ok
INSERT INTO tab0 VALUES(165,586517,443725.44,'zlcll',939361,118072.0,'ehfca')

statement ok
INSERT INTO tab0 VALUES(166,13092,251403.95,'bcdfe',153045,186767.11,'ozmbh')

statement ok
INSERT INTO tab0 VALUES(167,395507,819122.80,'ukalw',690490,927307.78,'blozo')

statement ok
INSERT INTO tab0 VALUES(168,749359,631134.93,'bhcah',517517,973388.50,'zowio')

statement ok
INSERT INTO tab0 VALUES(169,271972,626831.95,'xhqdy',344116,726287.49,'lkadm')

statement ok
INSERT INTO tab0 VALUES(170,467285,825622.20,'bxgrp',749450,979858.77,'epmbs')

statement ok
INSERT INTO tab0 VALUES(171,270874,952056.90,'qnucf',306762,545532.30,'acbln')

statement ok
INSERT INTO tab0 VALUES(172,174957,60729.31,'qqvqf',708497,877320.14,'rsqnn')

statement ok
INSERT INTO tab0 VALUES(173,353363,161254.79,'szgnk',891143,696807.53,'dwwkl')

statement ok
INSERT INTO tab0 VALUES(174,786651,843475.0,'toyxi',160491,618164.2,'oyoms')

statement ok
INSERT INTO tab0 VALUES(175,386901,902160.94,'nxkfd',316284,773132.63,'qkneb')

statement ok
INSERT INTO tab0 VALUES(176,122924,962219.15,'ddkdb',777557,436035.95,'ludkd')

statement ok
INSERT INTO tab0 VALUES(177,145111,103668.80,'wzotc',707397,648773.25,'xxwnf')

statement ok
INSERT INTO tab0 VALUES(178,910583,486572.80,'uexsr',138061,845825.64,'lablr')

statement ok
INSERT INTO tab0 VALUES(179,307983,976043.99,'fhshd',95977,479248.16,'uwlxu')

statement ok
INSERT INTO tab0 VALUES(180,782714,767303.16,'lawql',726654,643707.94,'hxvjf')

statement ok
INSERT INTO tab0 VALUES(181,461700,10681.29,'lhrrx',419769,701354.30,'thqlr')

statement ok
INSERT INTO tab0 VALUES(182,278594,436553.57,'hjkmq',934173,907012.89,'bdsrq')

statement ok
INSERT INTO tab0 VALUES(183,98632,980346.63,'zxaig',522796,33050.78,'tnqxv')

statement ok
INSERT INTO tab0 VALUES(184,843780,407592.55,'afpro',57739,994415.64,'pttjy')

statement ok
INSERT INTO tab0 VALUES(185,617523,938934.9,'wjdla',155273,473632.83,'hjktf')

statement ok
INSERT INTO tab0 VALUES(186,830078,875061.76,'wedcp',300750,545837.54,'cguhb')

statement ok
INSERT INTO tab0 VALUES(187,323303,221710.94,'pkeuc',973693,303649.88,'jxpau')

statement ok
INSERT INTO tab0 VALUES(188,495574,314758.2,'rbpkb',772796,482360.6,'imlvb')

statement ok
INSERT INTO tab0 VALUES(189,427093,445098.55,'fecvi',540832,84808.48,'ovtnp')

statement ok
INSERT INTO tab0 VALUES(190,4577,483764.32,'sfixl',489746,6439.85,'stcay')

statement ok
INSERT INTO tab0 VALUES(191,46386,506805.50,'icorq',325653,660186.35,'zcdot')

statement ok
INSERT INTO tab0 VALUES(192,427581,420379.78,'vjjmd',373748,601654.71,'ztyqu')

statement ok
INSERT INTO tab0 VALUES(193,204833,585784.49,'zecba',703399,154022.38,'ebwgh')

statement ok
INSERT INTO tab0 VALUES(194,741455,444244.71,'kpqtq',253143,32958.60,'ppyas')

statement ok
INSERT INTO tab0 VALUES(195,832397,142242.39,'xrzll',955596,971801.59,'jnshi')

statement ok
INSERT INTO tab0 VALUES(196,829223,156158.53,'imvyl',862548,346466.63,'lsugw')

statement ok
INSERT INTO tab0 VALUES(197,765228,917633.24,'eigxy',269958,800354.18,'ftjbb')

statement ok
INSERT INTO tab0 VALUES(198,480224,438201.87,'cxizc',842864,869567.6,'acazk')

statement ok
INSERT INTO tab0 VALUES(199,745758,934661.20,'oitdo',740478,607666.50,'xifoq')

statement ok
INSERT INTO tab0 VALUES(200,389953,453735.48,'qhkld',741149,210906.32,'fbypn')

statement ok
INSERT INTO tab0 VALUES(201,422668,497283.62,'hednk',367401,643005.3,'egllh')

statement ok
INSERT INTO tab0 VALUES(202,160308,647277.28,'lhcnf',10864,260375.98,'phqbl')

statement ok
INSERT INTO tab0 VALUES(203,350921,190704.0,'duten',57250,436889.45,'jzacg')

statement ok
INSERT INTO tab0 VALUES(204,299255,744689.34,'ocdbx',11535,189117.79,'exzbm')

statement ok
INSERT INTO tab0 VALUES(205,991668,881378.98,'jpusd',622741,801086.57,'fislv')

statement ok
INSERT INTO tab0 VALUES(206,221160,753051.88,'ogerx',9094,449523.64,'olpxw')

statement ok
INSERT INTO tab0 VALUES(207,712341,717041.37,'vihoj',782897,828613.35,'cnbfi')

statement ok
INSERT INTO tab0 VALUES(208,246551,960723.30,'ntmlx',175628,775238.58,'wxypy')

statement ok
INSERT INTO tab0 VALUES(209,786652,126586.13,'xdxsm',162933,893737.93,'wgirb')

statement ok
INSERT INTO tab0 VALUES(210,602233,937225.13,'byfip',589538,181152.81,'qpesc')

statement ok
INSERT INTO tab0 VALUES(211,394500,820281.39,'lpfvr',294342,652008.59,'xnstk')

statement ok
INSERT INTO tab0 VALUES(212,421295,533447.7,'jpist',235382,963409.70,'dghps')

statement ok
INSERT INTO tab0 VALUES(213,622070,789520.42,'wsmgf',614868,40130.77,'euzcu')

statement ok
INSERT INTO tab0 VALUES(214,743011,881408.97,'dynve',4089,699432.75,'zbcee')

statement ok
INSERT INTO tab0 VALUES(215,461822,307067.65,'ewwyk',468536,276153.6,'dywzq')

statement ok
INSERT INTO tab0 VALUES(216,512939,394500.86,'nnfls',692779,247802.65,'mpcby')

statement ok
INSERT INTO tab0 VALUES(217,812408,926818.66,'vvenp',105560,859375.22,'thuik')

statement ok
INSERT INTO tab0 VALUES(218,582916,767242.88,'jjsad',4760,748443.23,'iurln')

statement ok
INSERT INTO tab0 VALUES(219,478759,484039.21,'vvbje',682434,570251.15,'pkysp')

statement ok
INSERT INTO tab0 VALUES(220,710968,975524.37,'xwbtj',549713,622528.47,'vbxik')

statement ok
INSERT INTO tab0 VALUES(221,172088,95153.20,'tlzim',261932,470611.92,'rlkkt')

statement ok
INSERT INTO tab0 VALUES(222,561401,276397.80,'xubih',843505,572387.52,'verfd')

statement ok
INSERT INTO tab0 VALUES(223,509796,157867.67,'rrecz',813018,903411.76,'pwwgk')

statement ok
INSERT INTO tab0 VALUES(224,704772,208190.81,'ukjgx',308197,581726.67,'rirjh')

statement ok
INSERT INTO tab0 VALUES(225,15563,351135.85,'eapwd',210937,492980.3,'npyvd')

statement ok
INSERT INTO tab0 VALUES(226,617919,590484.19,'kihod',272216,915405.39,'fdjqm')

statement ok
INSERT INTO tab0 VALUES(227,119323,635162.10,'lfapj',237213,144805.27,'axzjq')

statement ok
INSERT INTO tab0 VALUES(228,683868,524108.89,'eobbz',970184,119567.27,'xpzoj')

statement ok
INSERT INTO tab0 VALUES(229,157287,251404.96,'dnawh',579559,45623.18,'hndsn')

statement ok
INSERT INTO tab0 VALUES(230,191955,391143.0,'aoocn',542907,21575.9,'rcojp')

statement ok
INSERT INTO tab0 VALUES(231,371856,722564.9,'kpyxk',831970,663513.59,'cogjl')

statement ok
INSERT INTO tab0 VALUES(232,337707,854919.80,'jdpuv',37567,730133.78,'zlvxv')

statement ok
INSERT INTO tab0 VALUES(233,911743,852600.34,'blxpi',494689,747711.51,'qnbod')

statement ok
INSERT INTO tab0 VALUES(234,222930,860015.69,'hpquy',407501,635101.41,'wxmqw')

statement ok
INSERT INTO tab0 VALUES(235,831848,726715.71,'ioumq',974243,328735.10,'siacj')

statement ok
INSERT INTO tab0 VALUES(236,855682,632263.25,'inzna',512359,407623.23,'xcutl')

statement ok
INSERT INTO tab0 VALUES(237,93353,711364.33,'athtz',583343,718353.67,'piklx')

statement ok
INSERT INTO tab0 VALUES(238,150299,678771.21,'lzsag',117950,91.61,'bbxbj')

statement ok
INSERT INTO tab0 VALUES(239,563690,454284.53,'liwhb',541015,509582.69,'egfup')

statement ok
INSERT INTO tab0 VALUES(240,927307,787811.46,'imqyu',896484,646148.12,'aevbk')

statement ok
INSERT INTO tab0 VALUES(241,16571,884368.77,'nxupo',972473,576690.80,'tgixf')

statement ok
INSERT INTO tab0 VALUES(242,913513,28991.2,'cxmpw',426239,860717.45,'xjewm')

statement ok
INSERT INTO tab0 VALUES(243,131896,211853.66,'oqbwg',909210,75225.77,'hxggq')

statement ok
INSERT INTO tab0 VALUES(244,742004,753173.11,'jlobt',191894,439880.48,'kwmgm')

statement ok
INSERT INTO tab0 VALUES(245,495849,928222.97,'oxmww',288970,441894.54,'eclzv')

statement ok
INSERT INTO tab0 VALUES(246,952056,592407.8,'jwdyt',584289,461059.21,'qizrg')

statement ok
INSERT INTO tab0 VALUES(247,600891,806152.65,'xrqdf',955780,394744.21,'kgzvr')

statement ok
INSERT INTO tab0 VALUES(248,989227,459991.43,'uffpd',900543,282928.82,'kuugv')

statement ok
INSERT INTO tab0 VALUES(249,845672,899566.78,'qeyvd',659851,933074.3,'ldxgd')

statement ok
INSERT INTO tab0 VALUES(250,205352,550567.83,'wamxh',344055,545318.65,'xurse')

statement ok
INSERT INTO tab0 VALUES(251,535125,543731.60,'genrn',57678,337341.42,'iwwhg')

statement ok
INSERT INTO tab0 VALUES(252,858459,339935.11,'lenoo',24414,169433.17,'zdhmg')

statement ok
INSERT INTO tab0 VALUES(253,880432,355072.51,'ushdg',712036,169372.93,'pcksa')

statement ok
INSERT INTO tab0 VALUES(254,112854,585144.24,'uyqvj',957489,357604.3,'yezpe')

statement ok
INSERT INTO tab0 VALUES(255,999053,231292.8,'vjzjf',91888,272125.28,'jutyn')

statement ok
INSERT INTO tab0 VALUES(256,39123,324584.35,'tczqe',65429,593536.4,'pozvy')

statement ok
INSERT INTO tab0 VALUES(257,914672,351318.1,'maccl',572479,769927.36,'giazv')

statement ok
INSERT INTO tab0 VALUES(258,614013,877807.75,'stjpm',176574,642059.14,'kkeos')

statement ok
INSERT INTO tab0 VALUES(259,557159,175415.17,'lzxtv',435333,68267.20,'jobob')

statement ok
INSERT INTO tab0 VALUES(260,720672,845642.87,'pknxs',25543,549377.44,'gfkuq')

statement ok
INSERT INTO tab0 VALUES(261,762756,445007.60,'uzlkm',868164,853912.98,'lpmbj')

statement ok
INSERT INTO tab0 VALUES(262,148315,110168.33,'vawnl',253234,642852.22,'owbgv')

statement ok
INSERT INTO tab0 VALUES(263,273864,182830.46,'hfpuk',964965,94848.5,'resmy')

statement ok
INSERT INTO tab0 VALUES(264,592559,834716.87,'jxqzh',406707,531127.90,'htogo')

statement ok
INSERT INTO tab0 VALUES(265,739166,692779.10,'edyis',725982,40405.92,'ufxma')

statement ok
INSERT INTO tab0 VALUES(266,655181,463897.43,'svwnu',939422,104095.6,'anxvz')

statement ok
INSERT INTO tab0 VALUES(267,713623,560089.2,'fuxan',57740,221069.24,'becmw')

statement ok
INSERT INTO tab0 VALUES(268,844238,723480.6,'xyhao',210906,532897.44,'tiapl')

statement ok
INSERT INTO tab0 VALUES(269,658386,651214.86,'rlqpx',772949,448608.83,'ixyjr')

statement ok
INSERT INTO tab0 VALUES(270,574066,620574.0,'nunyi',487091,269927.92,'asmye')

statement ok
INSERT INTO tab0 VALUES(271,940917,113891.43,'kyejd',590637,816040.66,'wpbvv')

statement ok
INSERT INTO tab0 VALUES(272,165191,443511.63,'qjynt',940063,48828.56,'aptvn')

statement ok
INSERT INTO tab0 VALUES(273,834838,377014.70,'tjekj',136016,697662.85,'pytfq')

statement ok
INSERT INTO tab0 VALUES(274,844451,761901.50,'xaqqn',648193,884490.56,'hjbwv')

statement ok
INSERT INTO tab0 VALUES(275,520141,150817.78,'qjfjv',940582,748931.69,'xackm')

statement ok
INSERT INTO tab0 VALUES(276,744842,426513.30,'lnnsl',596130,73089.29,'btjim')

statement ok
INSERT INTO tab0 VALUES(277,83007,426788.95,'mwpov',442077,906646.62,'tfzbu')

statement ok
INSERT INTO tab0 VALUES(278,905731,569488.88,'zcjyh',674713,191955.26,'axkey')

statement ok
INSERT INTO tab0 VALUES(279,515808,477600.64,'fikzr',984527,388854.24,'okbly')

statement ok
INSERT INTO tab0 VALUES(280,272644,604125.26,'shodw',681091,99761.15,'ikuzq')

statement ok
INSERT INTO tab0 VALUES(281,717285,857177.44,'hlngr',818145,694763.29,'hxtml')

statement ok
INSERT INTO tab0 VALUES(282,697418,224975.60,'kcktb',318572,936431.78,'vfvba')

statement ok
INSERT INTO tab0 VALUES(283,492370,400787.9,'vmose',99426,604919.69,'oiitu')

statement ok
INSERT INTO tab0 VALUES(284,938079,407928.23,'izyys',196838,123046.15,'utphq')

statement ok
INSERT INTO tab0 VALUES(285,552185,224853.50,'hbzgp',891144,181121.50,'ivtmm')

statement ok
INSERT INTO tab0 VALUES(286,658935,410034.62,'hrals',831756,362060.39,'atbga')

statement ok
INSERT INTO tab0 VALUES(287,514221,727050.72,'udamj',162261,766357.93,'gvvqd')

statement ok
INSERT INTO tab0 VALUES(288,430572,769622.41,'qkesb',645385,637054.81,'wlvds')

statement ok
INSERT INTO tab0 VALUES(289,902130,586395.96,'xeqty',788024,984863.38,'lgcrh')

statement ok
INSERT INTO tab0 VALUES(290,729766,306274.39,'hwwvr',966156,212982.86,'fjkvk')

statement ok
INSERT INTO tab0 VALUES(291,145874,763061.60,'vypwv',549957,742218.37,'nkyxo')

statement ok
INSERT INTO tab0 VALUES(292,939575,120819.50,'pzgoq',28656,635955.15,'mpzyr')

statement ok
INSERT INTO tab0 VALUES(293,581604,498504.15,'fsnmn',135772,225158.59,'rzmcq')

statement ok
INSERT INTO tab0 VALUES(294,349304,595336.86,'ngfix',973785,733367.45,'qnqoe')

statement ok
INSERT INTO tab0 VALUES(295,451751,315429.31,'fdsvo',139465,901702.89,'qdpvf')

statement ok
INSERT INTO tab0 VALUES(296,154541,393157.72,'nnodo',848632,613861.68,'dxcqr')

statement ok
INSERT INTO tab0 VALUES(297,904998,17822.91,'rggtp',61279,521118.27,'qiagz')

statement ok
INSERT INTO tab0 VALUES(298,457061,458862.49,'qatst',606567,667327.93,'abzpv')

statement ok
INSERT INTO tab0 VALUES(299,996307,690826.94,'tmcvd',307739,113922.88,'kmefr')

statement ok
INSERT INTO tab0 VALUES(300,264953,18280.75,'ijcmo',107238,564910.43,'torql')

statement ok
INSERT INTO tab0 VALUES(301,686828,700927.56,'hrxfy',191558,991882.5,'izjgc')

statement ok
INSERT INTO tab0 VALUES(302,492462,578521.23,'srrle',116455,259002.57,'mlioh')

statement ok
INSERT INTO tab0 VALUES(303,843994,695831.6,'qdevp',931762,748016.24,'fopkb')

statement ok
INSERT INTO tab0 VALUES(304,960205,927856.82,'kjjht',306396,983245.91,'ueuwg')

statement ok
INSERT INTO tab0 VALUES(305,241516,604522.92,'pmcew',653533,256591.9,'kiroj')

statement ok
INSERT INTO tab0 VALUES(306,394989,135894.55,'mjtio',255432,252532.14,'uovrc')

statement ok
INSERT INTO tab0 VALUES(307,559295,637145.76,'qvsjl',388458,673126.36,'vwfey')

statement ok
INSERT INTO tab0 VALUES(308,429809,553497.62,'qwgpv',448150,863006.13,'dxxuu')

statement ok
INSERT INTO tab0 VALUES(309,383514,285217.34,'qqwie',74188,434387.2,'wcqhq')

statement ok
INSERT INTO tab0 VALUES(310,604034,812683.39,'aqctw',275421,892089.90,'cvipf')

statement ok
INSERT INTO tab0 VALUES(311,206634,321380.61,'avclu',554779,258422.14,'okaul')

statement ok
INSERT INTO tab0 VALUES(312,363220,826843.36,'jshcy',34362,698364.63,'ikcgh')

statement ok
INSERT INTO tab0 VALUES(313,427307,799652.64,'vqvxd',580444,144439.98,'jpiah')

statement ok
INSERT INTO tab0 VALUES(314,59112,790527.21,'yqnol',928375,921752.63,'ddcnb')

statement ok
INSERT INTO tab0 VALUES(315,350463,55206.69,'puemc',807678,373016.95,'huhbe')

statement ok
INSERT INTO tab0 VALUES(316,949829,179534.75,'ohjvt',67047,483428.40,'gwwtn')

statement ok
INSERT INTO tab0 VALUES(317,187316,704498.15,'hkcqn',799255,505859.62,'xolsd')

statement ok
INSERT INTO tab0 VALUES(318,199645,751007.96,'lyedh',466247,585723.59,'bxwcr')

statement ok
INSERT INTO tab0 VALUES(319,55267,645202.59,'nagnl',24139,386047.71,'hyaif')

statement ok
INSERT INTO tab0 VALUES(320,879150,543243.98,'njakm',48126,712341.98,'kygfr')

statement ok
INSERT INTO tab0 VALUES(321,977996,56335.71,'lmevs',857574,137786.9,'cidzn')

statement ok
INSERT INTO tab0 VALUES(322,965118,875823.10,'dqvhu',641021,628143.54,'qbzmn')

statement ok
INSERT INTO tab0 VALUES(323,885437,398071.38,'rdeai',581085,166656.79,'knpie')

statement ok
INSERT INTO tab0 VALUES(324,340606,349578.77,'eifzs',979553,379272.38,'rtuzl')

statement ok
INSERT INTO tab0 VALUES(325,613800,411865.63,'jtgdk',382354,159393.2,'zrbvj')

statement ok
INSERT INTO tab0 VALUES(326,794921,846588.59,'ciqkv',704589,293090.76,'zzekp')

statement ok
INSERT INTO tab0 VALUES(327,905487,120422.65,'flhyw',355468,84014.10,'zlxlf')

statement ok
INSERT INTO tab0 VALUES(328,23651,530181.32,'xaidq',363281,978302.11,'nzlbd')

statement ok
INSERT INTO tab0 VALUES(329,409210,827728.76,'mtwvx',500579,189788.55,'dvivy')

statement ok
INSERT INTO tab0 VALUES(330,628570,844940.88,'bdikv',408966,324768.1,'voszj')

statement ok
INSERT INTO tab0 VALUES(331,679870,118927.47,'yqkvp',724243,7232.3,'uhijw')

statement ok
INSERT INTO tab0 VALUES(332,117767,516723.34,'pukaz',201293,503631.20,'yvvvl')

statement ok
INSERT INTO tab0 VALUES(333,178649,860504.42,'xlcrb',839172,348114.34,'rqpbe')

statement ok
INSERT INTO tab0 VALUES(334,905517,552551.92,'cpdot',6103,967285.56,'kgkxt')

statement ok
INSERT INTO tab0 VALUES(335,272979,200164.43,'dxxqm',564392,305450.46,'edtmg')

statement ok
INSERT INTO tab0 VALUES(336,312377,240783.2,'qnwev',995513,449371.16,'iwwfp')

statement ok
INSERT INTO tab0 VALUES(337,236572,566894.44,'bgnvc',525085,253509.51,'djcak')

statement ok
INSERT INTO tab0 VALUES(338,565155,151031.18,'vwtuy',247894,964813.18,'jzmji')

statement ok
INSERT INTO tab0 VALUES(339,249328,670837.60,'oaowc',252838,847808.79,'ylroz')

statement ok
INSERT INTO tab0 VALUES(340,796936,134063.8,'wmsuw',747894,809692.1,'qieri')

statement ok
INSERT INTO tab0 VALUES(341,397430,503509.16,'aehcv',185302,25146.72,'pujtl')

statement ok
INSERT INTO tab0 VALUES(342,46997,322021.60,'lmkkk',386352,561431.14,'xbtaa')

statement ok
INSERT INTO tab0 VALUES(343,673339,337554.56,'keumn',666534,3479.91,'mhwxe')

statement ok
INSERT INTO tab0 VALUES(344,260894,128173.72,'tojli',960388,78704.26,'jvtcw')

statement ok
INSERT INTO tab0 VALUES(345,975708,726989.39,'gsyso',946746,282104.11,'pfqwq')

statement ok
INSERT INTO tab0 VALUES(346,290435,247161.63,'npvim',173400,501342.20,'tmmbi')

statement ok
INSERT INTO tab0 VALUES(347,109466,506988.40,'nbkah',182434,641571.22,'nfvhk')

statement ok
INSERT INTO tab0 VALUES(348,893707,654785.65,'ccufu',634979,250549.94,'kncxx')

statement ok
INSERT INTO tab0 VALUES(349,785827,793975.48,'tvojb',436370,143585.31,'hjmjx')

statement ok
INSERT INTO tab0 VALUES(350,735015,608123.25,'guewd',860992,28656.63,'cqmee')

statement ok
INSERT INTO tab0 VALUES(351,622161,985717.69,'czsjj',677520,131225.61,'lfkau')

statement ok
INSERT INTO tab0 VALUES(352,384857,645507.7,'iymtl',273590,819366.56,'fchbs')

statement ok
INSERT INTO tab0 VALUES(353,142242,761138.25,'cytir',781127,228729.48,'epdvo')

statement ok
INSERT INTO tab0 VALUES(354,320098,586486.89,'fdeys',201110,887512.19,'plymc')

statement ok
INSERT INTO tab0 VALUES(355,775909,80444.52,'xoodk',528717,341583.47,'bvayx')

statement ok
INSERT INTO tab0 VALUES(356,923767,531951.68,'ikkez',878173,779296.14,'truya')

statement ok
INSERT INTO tab0 VALUES(357,859405,185089.3,'gbqic',607971,656616.25,'iqfgm')

statement ok
INSERT INTO tab0 VALUES(358,485198,863952.52,'pgcwf',445678,322082.17,'ngsrc')

statement ok
INSERT INTO tab0 VALUES(359,635131,597778.47,'gchfi',612976,641815.69,'rdphy')

statement ok
INSERT INTO tab0 VALUES(360,199890,245849.69,'mkzbo',950714,624511.20,'lzqna')

statement ok
INSERT INTO tab0 VALUES(361,251800,122467.66,'srsps',43884,46447.77,'juwfz')

statement ok
INSERT INTO tab0 VALUES(362,169738,622161.60,'afpna',346649,76477.31,'nabyo')

statement ok
INSERT INTO tab0 VALUES(363,764282,844390.61,'wgucu',307250,901031.67,'dpmxk')

statement ok
INSERT INTO tab0 VALUES(364,402709,218750.81,'rgfov',493103,349121.75,'gckem')

statement ok
INSERT INTO tab0 VALUES(365,133819,129943.46,'nsexg',715789,517333.68,'iwsuy')

statement ok
INSERT INTO tab0 VALUES(366,813171,542694.6,'ppxgb',155975,394836.90,'uetzo')

statement ok
INSERT INTO tab0 VALUES(367,227844,626861.52,'zhivt',488525,488372.29,'tipbl')

statement ok
INSERT INTO tab0 VALUES(368,221649,382354.24,'htngy',7354,447265.31,'rsbvp')

statement ok
INSERT INTO tab0 VALUES(369,820007,264129.26,'drnla',750640,688415.12,'ucyns')

statement ok
INSERT INTO tab0 VALUES(370,354949,807250.38,'yosxs',625640,21301.70,'aoaxn')

statement ok
INSERT INTO tab0 VALUES(371,590240,251892.29,'kxtwu',533691,272979.96,'jujpq')

statement ok
INSERT INTO tab0 VALUES(372,846160,168273.68,'fixgq',495422,913116.91,'ozdyd')

statement ok
INSERT INTO tab0 VALUES(373,124725,81665.39,'qnwyv',775421,678863.74,'vhfkd')

statement ok
INSERT INTO tab0 VALUES(374,234558,97442.50,'grhxy',7568,200042.97,'lqslk')

statement ok
INSERT INTO tab0 VALUES(375,915893,526092.50,'jjley',319793,624023.56,'gartd')

statement ok
INSERT INTO tab0 VALUES(376,965698,508148.35,'utvez',459197,240753.5,'kpslh')

statement ok
INSERT INTO tab0 VALUES(377,362457,639190.69,'nsvry',917053,107757.67,'btqbo')

statement ok
INSERT INTO tab0 VALUES(378,391418,594909.89,'dahbd',53710,675170.48,'tibst')

statement ok
INSERT INTO tab0 VALUES(379,769348,756134.22,'qieht',223693,410614.49,'gqxjm')

statement ok
INSERT INTO tab0 VALUES(380,769744,833618.94,'zkfds',900695,424377.75,'erhsv')

statement ok
INSERT INTO tab0 VALUES(381,347686,493347.48,'tgmjf',802490,94299.56,'lgxmw')

statement ok
INSERT INTO tab0 VALUES(382,264984,981323.49,'sfyte',16021,690826.51,'czvln')

statement ok
INSERT INTO tab0 VALUES(383,214965,748596.3,'lajdg',122406,1892.63,'soztv')

statement ok
INSERT INTO tab0 VALUES(384,947692,76354.67,'cdptz',321838,958099.54,'hwwsx')

statement ok
INSERT INTO tab0 VALUES(385,394836,700805.59,'wojgv',558685,257629.56,'radfk')

statement ok
INSERT INTO tab0 VALUES(386,794708,438293.76,'phzvo',646453,991149.81,'fniud')

statement ok
INSERT INTO tab0 VALUES(387,817260,810180.2,'pfufy',392822,266998.39,'lkhqt')

statement ok
INSERT INTO tab0 VALUES(388,689056,667968.23,'cgwdl',724578,836090.43,'sjyvi')

statement ok
INSERT INTO tab0 VALUES(389,318389,818176.36,'wrqcq',812591,716827.30,'txzja')

statement ok
INSERT INTO tab0 VALUES(390,420074,647460.66,'zypqd',196990,820312.67,'hjhlq')

statement ok
INSERT INTO tab0 VALUES(391,640655,747497.77,'jcuoy',911987,575103.65,'ueskj')

statement ok
INSERT INTO tab0 VALUES(392,683288,540100.83,'hrnwg',610870,552459.94,'xvqah')

statement ok
INSERT INTO tab0 VALUES(393,432739,902099.60,'hzwby',691192,91094.93,'heqlb')

statement ok
INSERT INTO tab0 VALUES(394,80505,790466.64,'mfncj',419555,922424.83,'blbnm')

statement ok
INSERT INTO tab0 VALUES(395,249603,867218.35,'ljgqu',56762,795318.80,'nksvh')

statement ok
INSERT INTO tab0 VALUES(396,119781,124389.17,'prmcc',982696,101348.8,'tjkrn')

statement ok
INSERT INTO tab0 VALUES(397,552398,509246.67,'codyn',821411,499542.9,'hprmj')

statement ok
INSERT INTO tab0 VALUES(398,215454,548980.65,'frynd',566131,541625.58,'qeitr')

statement ok
INSERT INTO tab0 VALUES(399,708587,975921.35,'dhljl',704162,296783.75,'zccep')

statement ok
INSERT INTO tab0 VALUES(400,688049,352508.47,'kdhld',341979,976898.37,'ushtg')

statement ok
INSERT INTO tab0 VALUES(401,991790,696228.37,'vtzyr',330200,561309.92,'kmici')

statement ok
INSERT INTO tab0 VALUES(402,764373,104614.16,'vmptw',388610,422058.67,'uklhq')

statement ok
INSERT INTO tab0 VALUES(403,582000,380310.84,'eohin',231079,948669.88,'avjgx')

statement ok
INSERT INTO tab0 VALUES(404,577514,656066.43,'qkwzb',690673,173248.84,'wyvrf')

statement ok
INSERT INTO tab0 VALUES(405,565399,19683.5,'nqpwe',844543,395568.7,'rpegt')

statement ok
INSERT INTO tab0 VALUES(406,166748,139007.12,'lesfm',139007,807891.39,'sodvk')

statement ok
INSERT INTO tab0 VALUES(407,934356,886993.41,'wkama',514556,120056.8,'xqjji')

statement ok
INSERT INTO tab0 VALUES(408,477630,966705.24,'piqiz',530731,184570.99,'nuaiq')

statement ok
INSERT INTO tab0 VALUES(409,587615,536254.53,'qqmwi',491363,621429.67,'rfkob')

statement ok
INSERT INTO tab0 VALUES(410,361999,833801.97,'swytk',569244,443206.48,'bpsmk')

statement ok
INSERT INTO tab0 VALUES(411,330078,802642.14,'xnohm',931458,680145.75,'nanil')

statement ok
INSERT INTO tab0 VALUES(412,577880,716094.62,'ffqpp',864135,4974.85,'qjkeg')

statement ok
INSERT INTO tab0 VALUES(413,872955,802581.15,'fstsx',897613,358032.38,'mdraa')

statement ok
INSERT INTO tab0 VALUES(414,789581,870635.68,'ueorn',931274,572204.23,'bwyzr')

statement ok
INSERT INTO tab0 VALUES(415,833648,933837.60,'pegsz',358795,998046.78,'dbrlj')

statement ok
INSERT INTO tab0 VALUES(416,567687,835815.78,'vyhkb',192810,128601.93,'rizdg')

statement ok
INSERT INTO tab0 VALUES(417,735839,875335.72,'tjaqf',190246,224517.32,'qqcfb')

statement ok
INSERT INTO tab0 VALUES(418,388946,431182.71,'gefxg',977081,939025.40,'kibmq')

statement ok
INSERT INTO tab0 VALUES(419,9490,587280.88,'sbwib',173461,942932.56,'pfhms')

statement ok
INSERT INTO tab0 VALUES(420,636505,757568.41,'kwowc',518707,549621.25,'qvipk')

statement ok
INSERT INTO tab0 VALUES(421,990722,311126.60,'goijb',996215,340026.16,'gmjez')

statement ok
INSERT INTO tab0 VALUES(422,599578,197052.0,'hmeto',958587,787750.26,'hiwrh')

statement ok
INSERT INTO tab0 VALUES(423,922058,569580.55,'mktbs',252502,883880.98,'goguo')

statement ok
INSERT INTO tab0 VALUES(424,473785,412963.72,'huxpu',343811,762115.33,'xploy')

statement ok
INSERT INTO tab0 VALUES(425,952087,166595.59,'fther',442504,323730.2,'wzqme')

statement ok
INSERT INTO tab0 VALUES(426,360900,349914.1,'mdddv',627746,862579.57,'kvrsd')

statement ok
INSERT INTO tab0 VALUES(427,135803,187377.71,'ryujn',972778,690093.44,'wrycn')

statement ok
INSERT INTO tab0 VALUES(428,268981,233673.42,'jdhsv',670013,760284.19,'kswjo')

statement ok
INSERT INTO tab0 VALUES(429,434356,998413.4,'rxzux',156036,294738.55,'pxmdl')

statement ok
INSERT INTO tab0 VALUES(430,112365,571350.70,'auijy',236511,407624.60,'zffgc')

statement ok
INSERT INTO tab0 VALUES(431,715179,247344.91,'owihn',211273,730682.83,'vnhtt')

statement ok
INSERT INTO tab0 VALUES(432,711578,151306.72,'areuk',999328,38238.34,'rvpyn')

statement ok
INSERT INTO tab0 VALUES(433,751983,863159.78,'dnakb',263763,872192.90,'zodsf')

statement ok
INSERT INTO tab0 VALUES(434,793426,43060.52,'molij',536865,167053.12,'rktns')

statement ok
INSERT INTO tab0 VALUES(435,224670,56091.26,'wxdhg',344970,874816.55,'xqrnu')

statement ok
INSERT INTO tab0 VALUES(436,990997,597473.31,'ctoze',333679,590148.80,'peeuo')

statement ok
INSERT INTO tab0 VALUES(437,719421,317535.12,'qnluw',392669,175262.70,'csfhh')

statement ok
INSERT INTO tab0 VALUES(438,843566,446655.43,'bzrja',780700,384948.40,'rucey')

statement ok
INSERT INTO tab0 VALUES(439,728698,420257.32,'xhpks',250793,491577.47,'lcztt')

statement ok
INSERT INTO tab0 VALUES(440,796691,503906.40,'bgvwh',175048,910125.9,'qjptw')

statement ok
INSERT INTO tab0 VALUES(441,651153,418182.92,'qlxfr',669677,823059.11,'mpxjb')

statement ok
INSERT INTO tab0 VALUES(442,202209,963775.88,'jeujh',720062,805511.20,'tinig')

statement ok
INSERT INTO tab0 VALUES(443,791717,646484.17,'jsoan',305725,450164.1,'gkqfg')

statement ok
INSERT INTO tab0 VALUES(444,318145,302154.70,'tnaok',525360,992309.23,'tolhe')

statement ok
INSERT INTO tab0 VALUES(445,361602,721679.48,'eflif',721740,934722.75,'hcuai')

statement ok
INSERT INTO tab0 VALUES(446,308807,276092.83,'nsyrb',606811,672851.80,'aiutq')

statement ok
INSERT INTO tab0 VALUES(447,478210,541442.41,'olifr',386657,119689.5,'rqoej')

statement ok
INSERT INTO tab0 VALUES(448,244781,923919.41,'nkpss',886535,330841.72,'jksjs')

statement ok
INSERT INTO tab0 VALUES(449,165222,284729.65,'sirlv',675811,129394.78,'akbtm')

statement ok
INSERT INTO tab0 VALUES(450,102844,565216.73,'eswev',192932,731109.96,'fueno')

statement ok
INSERT INTO tab0 VALUES(451,352569,411743.10,'getkr',870605,369323.97,'ngcmt')

statement ok
INSERT INTO tab0 VALUES(452,766052,800811.24,'ifmjx',260620,919860.61,'lbxig')

statement ok
INSERT INTO tab0 VALUES(453,876464,663940.76,'isqgh',158843,526245.83,'ujjrj')

statement ok
INSERT INTO tab0 VALUES(454,23712,512786.54,'luvfm',730407,224456.94,'nclkz')

statement ok
INSERT INTO tab0 VALUES(455,479309,64025.82,'rceqq',634490,568145.69,'cifkm')

statement ok
INSERT INTO tab0 VALUES(456,571411,864471.39,'nvdfc',149475,253540.38,'kfccz')

statement ok
INSERT INTO tab0 VALUES(457,809814,915954.63,'nwzzw',297821,744354.5,'efvii')

statement ok
INSERT INTO tab0 VALUES(458,10925,300445.71,'zalqk',971160,897003.52,'qexml')

statement ok
INSERT INTO tab0 VALUES(459,422851,804931.67,'pzljb',55297,585357.58,'gkgtd')

statement ok
INSERT INTO tab0 VALUES(460,850341,546539.56,'yoohz',555114,325988.8,'gaueq')

statement ok
INSERT INTO tab0 VALUES(461,779693,597442.59,'gutlk',719665,902923.8,'fudsf')

statement ok
INSERT INTO tab0 VALUES(462,503906,609863.19,'yaaun',167175,992889.96,'ujinw')

statement ok
INSERT INTO tab0 VALUES(463,247680,441131.21,'hawoa',9918,790069.54,'indww')

statement ok
INSERT INTO tab0 VALUES(464,292236,778686.98,'bhehs',979461,631347.21,'jdzll')

statement ok
INSERT INTO tab0 VALUES(465,100555,764984.48,'bxoud',551330,621093.7,'mhllk')

statement ok
INSERT INTO tab0 VALUES(466,442138,622619.45,'xvepg',70343,256256.3,'qqypt')

statement ok
INSERT INTO tab0 VALUES(467,518218,279235.53,'mzita',875366,51452.96,'beglg')

statement ok
INSERT INTO tab0 VALUES(468,86608,992523.32,'sjzgy',424468,163787.79,'trfid')

statement ok
INSERT INTO tab0 VALUES(469,586853,975280.62,'zfmvx',419799,17944.65,'bpjnt')

statement ok
INSERT INTO tab0 VALUES(470,265014,20416.44,'bcfjo',932678,931274.0,'kjomb')

statement ok
INSERT INTO tab0 VALUES(471,298919,125885.20,'madxc',528564,738616.74,'wlnxk')

statement ok
INSERT INTO tab0 VALUES(472,922912,119689.82,'gpkuw',392089,417388.34,'vinsy')

statement ok
INSERT INTO tab0 VALUES(473,553070,284973.85,'mecsy',451965,712677.98,'nycmp')

statement ok
INSERT INTO tab0 VALUES(474,912048,984893.61,'awuzu',506103,762054.64,'tmmhh')

statement ok
INSERT INTO tab0 VALUES(475,154235,287719.31,'awcnv',346496,720672.27,'nuiyx')

statement ok
INSERT INTO tab0 VALUES(476,990539,591827.16,'qjlbd',884307,386352.88,'nglcp')

statement ok
INSERT INTO tab0 VALUES(477,813598,250640.49,'ptngc',274841,824401.68,'ycglu')

statement ok
INSERT INTO tab0 VALUES(478,822662,197631.92,'xvdux',42572,992736.21,'ykksl')

statement ok
INSERT INTO tab0 VALUES(479,148620,571411.44,'iupof',206054,366851.44,'jipxw')

statement ok
INSERT INTO tab0 VALUES(480,979003,340606.55,'emnqy',403045,564788.92,'idzji')

statement ok
INSERT INTO tab0 VALUES(481,682952,928985.38,'vkiqq',15380,972259.91,'wjzxr')

statement ok
INSERT INTO tab0 VALUES(482,936340,840332.83,'jzzrh',294067,367462.48,'parxy')

statement ok
INSERT INTO tab0 VALUES(483,846557,283569.67,'fmmmv',484252,546203.64,'enspx')

statement ok
INSERT INTO tab0 VALUES(484,77728,797637.70,'viqrx',950256,946868.49,'ebrxw')

statement ok
INSERT INTO tab0 VALUES(485,975585,876617.84,'eepqj',300476,275421.31,'lnyxd')

statement ok
INSERT INTO tab0 VALUES(486,692474,594604.28,'nymzw',512512,130401.72,'ysbou')

statement ok
INSERT INTO tab0 VALUES(487,312469,230834.57,'ydbis',58013,627929.77,'imohc')

statement ok
INSERT INTO tab0 VALUES(488,976165,894561.81,'ysgsf',27923,26702.9,'muosk')

statement ok
INSERT INTO tab0 VALUES(489,5889,150177.71,'elymn',257141,352996.1,'dwhzn')

statement ok
INSERT INTO tab0 VALUES(490,30578,642089.73,'awloc',449859,25634.69,'sluwm')

statement ok
INSERT INTO tab0 VALUES(491,110809,719848.24,'fnepk',304321,481109.21,'qrovc')

statement ok
INSERT INTO tab0 VALUES(492,863800,63049.59,'jaiyo',637939,798431.75,'fjdes')

statement ok
INSERT INTO tab0 VALUES(493,588378,306335.31,'vfkxy',512298,324127.67,'dergq')

statement ok
INSERT INTO tab0 VALUES(494,390075,664459.14,'agzvv',358062,297393.67,'bpsmy')

statement ok
INSERT INTO tab0 VALUES(495,306060,557281.23,'ivdfx',100067,474975.87,'kdqlz')

statement ok
INSERT INTO tab0 VALUES(496,430053,234680.25,'obhxb',282318,756195.99,'vnkfa')

statement ok
INSERT INTO tab0 VALUES(497,37475,401672.48,'pzqcy',192901,807952.43,'xsgfx')

statement ok
INSERT INTO tab0 VALUES(498,710449,843322.97,'dhwon',989105,689727.41,'sbaos')

statement ok
INSERT INTO tab0 VALUES(499,462615,49743.65,'btwsu',822265,478576.13,'mldai')

statement ok
INSERT INTO tab0 VALUES(500,864379,841156.48,'jfdul',962982,894134.81,'hlzga')

statement ok
INSERT INTO tab0 VALUES(501,167663,992889.54,'orqwg',925933,923614.92,'phqyd')

statement ok
INSERT INTO tab0 VALUES(502,431121,860321.16,'lnheb',594879,446807.20,'vhnuu')

statement ok
INSERT INTO tab0 VALUES(503,644989,3875.7,'qppbd',347839,861114.88,'epzuh')

statement ok
INSERT INTO tab0 VALUES(504,856231,814086.50,'dhidu',181915,706420.75,'arufy')

statement ok
INSERT INTO tab0 VALUES(505,293334,136627.33,'fuckf',838287,290283.28,'seays')

statement ok
INSERT INTO tab0 VALUES(506,491516,897094.18,'rbznx',927398,312805.79,'ddnjo')

statement ok
INSERT INTO tab0 VALUES(507,417602,726318.56,'vagtk',53771,491699.53,'heook')

statement ok
INSERT INTO tab0 VALUES(508,595062,585145.1,'vrvbv',941009,187164.82,'ymkoo')

statement ok
INSERT INTO tab0 VALUES(509,229003,389465.17,'niamp',556976,27069.18,'kdbil')

statement ok
INSERT INTO tab0 VALUES(510,331176,635314.97,'ymdzy',238616,531829.46,'vbuxb')

statement ok
INSERT INTO tab0 VALUES(511,844940,23742.71,'xfdtr',816955,739471.95,'dduqv')

statement ok
INSERT INTO tab0 VALUES(512,770355,85937.20,'uecfs',742279,830505.52,'omwdc')

statement ok
INSERT INTO tab0 VALUES(513,289093,808105.90,'brahr',208953,753112.73,'emwos')

statement ok
INSERT INTO tab0 VALUES(514,889465,256591.0,'vxmjp',280426,848052.97,'pxoqt')

statement ok
INSERT INTO tab0 VALUES(515,491424,202758.60,'pzbon',14404,473571.55,'pbcve')

statement ok
INSERT INTO tab0 VALUES(516,571533,748077.80,'xebsc',587677,630615.90,'uvrlf')

statement ok
INSERT INTO tab0 VALUES(517,288055,949157.84,'txfpg',421112,587585.60,'daduj')

statement ok
INSERT INTO tab0 VALUES(518,605895,442565.22,'mxgcu',304840,505554.58,'qeqgq')

statement ok
INSERT INTO tab0 VALUES(519,421508,70007.81,'fnkey',523040,63171.22,'yzilm')

statement ok
INSERT INTO tab0 VALUES(520,688050,503295.0,'omgde',979095,81573.45,'bfvjf')

statement ok
INSERT INTO tab0 VALUES(521,540374,869262.83,'fkeqq',320465,149597.91,'vyymt')

statement ok
INSERT INTO tab0 VALUES(522,419891,374877.8,'ppczx',63781,248535.8,'qriwe')

statement ok
INSERT INTO tab0 VALUES(523,199646,932128.41,'mmzbm',719848,377380.34,'akygk')

statement ok
INSERT INTO tab0 VALUES(524,309387,783142.51,'qmopp',918548,177581.20,'jtyiu')

statement ok
INSERT INTO tab0 VALUES(525,860473,125061.20,'jezdp',533935,558288.32,'jdatt')

statement ok
INSERT INTO tab0 VALUES(526,770904,735168.54,'gpgkw',809204,321105.71,'vxiej')

statement ok
INSERT INTO tab0 VALUES(527,890289,595794.0,'redgf',481719,785339.82,'ekuob')

statement ok
INSERT INTO tab0 VALUES(528,124969,519317.54,'nynsm',907958,412750.67,'ccyhf')

statement ok
INSERT INTO tab0 VALUES(529,562805,773223.77,'trfil',188476,432800.97,'hvmbs')

statement ok
INSERT INTO tab0 VALUES(530,598388,705108.5,'cymgd',293090,467437.26,'wszir')

statement ok
INSERT INTO tab0 VALUES(531,57922,367614.64,'nhsdq',185668,156188.4,'dmhfa')

statement ok
INSERT INTO tab0 VALUES(532,324249,143432.78,'cibpp',949279,781250.86,'glkqd')

statement ok
INSERT INTO tab0 VALUES(533,461823,370361.88,'kxzzz',911071,892272.49,'ruaol')

statement ok
INSERT INTO tab0 VALUES(534,341827,966308.58,'ggyvp',767364,931610.99,'znabb')

statement ok
INSERT INTO tab0 VALUES(535,766967,54229.92,'iabvu',708618,859100.90,'irikk')

statement ok
INSERT INTO tab0 VALUES(536,596679,587127.45,'tjqva',544464,777191.31,'gljhv')

statement ok
INSERT INTO tab0 VALUES(537,872009,973114.35,'uivhl',828613,555877.3,'dissi')

statement ok
INSERT INTO tab0 VALUES(538,940643,700439.56,'jrjbr',983978,457824.66,'wftna')

statement ok
INSERT INTO tab0 VALUES(539,581878,962280.92,'vczsg',427551,763183.79,'onibu')

statement ok
INSERT INTO tab0 VALUES(540,131744,282043.24,'jnfpl',695495,394714.3,'bghrb')

statement ok
INSERT INTO tab0 VALUES(541,607788,138153.52,'yxxar',568115,542724.23,'rgfqg')

statement ok
INSERT INTO tab0 VALUES(542,834289,589080.97,'psygg',194885,290191.55,'rgyin')

statement ok
INSERT INTO tab0 VALUES(543,567138,898437.21,'guvvb',219360,237579.59,'bbejh')

statement ok
INSERT INTO tab0 VALUES(544,618835,159851.37,'jnglb',904296,127960.53,'cmhtz')

statement ok
INSERT INTO tab0 VALUES(545,983612,922088.21,'jctjx',256530,471984.24,'xutvn')

statement ok
INSERT INTO tab0 VALUES(546,962219,813934.25,'onlhu',152069,172851.42,'envtb')

statement ok
INSERT INTO tab0 VALUES(547,287139,169311.89,'ltmqt',461059,151428.72,'uuhfn')

statement ok
INSERT INTO tab0 VALUES(548,247467,652160.54,'ousnm',172821,971069.84,'ijvxj')

statement ok
INSERT INTO tab0 VALUES(549,813934,881561.77,'cxmda',520751,462738.70,'wuxjz')

statement ok
INSERT INTO tab0 VALUES(550,763916,56610.36,'jsaoe',107452,349975.54,'nlgjp')

statement ok
INSERT INTO tab0 VALUES(551,806396,581542.52,'offci',29571,873901.5,'yvnvp')

statement ok
INSERT INTO tab0 VALUES(552,707092,690612.96,'kdcky',3021,418212.46,'fnybl')

statement ok
INSERT INTO tab0 VALUES(553,413238,73211.0,'ptrmf',487792,134185.75,'flwub')

statement ok
INSERT INTO tab0 VALUES(554,178802,498748.75,'rilwv',812988,565673.68,'kwmlp')

statement ok
INSERT INTO tab0 VALUES(555,689361,441772.20,'lywuj',301879,274108.98,'kqjbc')

statement ok
INSERT INTO tab0 VALUES(556,187103,706878.32,'sxiga',396881,463500.43,'rderx')

statement ok
INSERT INTO tab0 VALUES(557,595947,53680.26,'xrlfj',784576,605438.3,'xqgdn')

statement ok
INSERT INTO tab0 VALUES(558,646331,822021.39,'pzwpr',520629,64086.10,'bhfoc')

statement ok
INSERT INTO tab0 VALUES(559,427,556671.49,'idvpx',154877,721191.40,'ngped')

statement ok
INSERT INTO tab0 VALUES(560,377014,632537.84,'yzwqz',856323,601074.25,'dunqa')

statement ok
INSERT INTO tab0 VALUES(561,676513,879638.36,'nbinr',538055,495635.69,'ppgzu')

statement ok
INSERT INTO tab0 VALUES(562,105957,208038.72,'vuaqd',982330,589355.58,'dovzn')

statement ok
INSERT INTO tab0 VALUES(563,304107,232849.48,'ynxcm',965576,84289.70,'bfsai')

statement ok
INSERT INTO tab0 VALUES(564,466247,899291.22,'yrsrl',383300,825103.94,'qtokn')

statement ok
INSERT INTO tab0 VALUES(565,469390,107696.63,'mylda',375213,923950.37,'jcmjq')

statement ok
INSERT INTO tab0 VALUES(566,997161,338439.70,'lidid',450073,385650.37,'wbaix')

statement ok
INSERT INTO tab0 VALUES(567,664825,276947.75,'ohled',610900,732574.79,'kopvt')

statement ok
INSERT INTO tab0 VALUES(568,144256,438751.66,'bvhzo',479797,629669.3,'npgwp')

statement ok
INSERT INTO tab0 VALUES(569,289062,794494.92,'gujjq',422943,509460.21,'slcvn')

statement ok
INSERT INTO tab0 VALUES(570,259368,394866.78,'csxna',675781,197082.25,'xuctq')

statement ok
INSERT INTO tab0 VALUES(571,647033,995605.38,'zehkk',467834,535156.4,'hwqla')

statement ok
INSERT INTO tab0 VALUES(572,600524,682586.87,'gvorz',147705,8972.52,'undla')

statement ok
INSERT INTO tab0 VALUES(573,949920,496704.54,'woewi',308258,371368.85,'tktkf')

statement ok
INSERT INTO tab0 VALUES(574,332031,58990.92,'xnppu',911437,267791.49,'nbvzu')

statement ok
INSERT INTO tab0 VALUES(575,315185,195495.95,'lktti',413269,861175.36,'dcsdf')

statement ok
INSERT INTO tab0 VALUES(576,524475,562377.6,'wmaiy',889038,457122.94,'xdhcz')

statement ok
INSERT INTO tab0 VALUES(577,766510,270935.32,'vrnwk',158111,128814.44,'bhprc')

statement ok
INSERT INTO tab0 VALUES(578,154602,512390.58,'ovvlv',908935,341918.85,'jwmeu')

statement ok
INSERT INTO tab0 VALUES(579,233764,183227.54,'rssrm',824218,579772.13,'sugsz')

statement ok
INSERT INTO tab0 VALUES(580,105560,509826.93,'udqdb',705718,968292.31,'uregg')

statement ok
INSERT INTO tab0 VALUES(581,553192,673828.61,'dfkep',599395,900878.62,'svhrb')

statement ok
INSERT INTO tab0 VALUES(582,166564,436767.71,'chwib',920288,663635.60,'qowzp')

statement ok
INSERT INTO tab0 VALUES(583,467193,765441.72,'zhlew',577606,60119.25,'iadml')

statement ok
INSERT INTO tab0 VALUES(584,33233,456573.68,'lqvqm',99731,36590.13,'wtwua')

statement ok
INSERT INTO tab0 VALUES(585,624450,762023.22,'jomah',759124,306762.52,'gkzxj')

statement ok
INSERT INTO tab0 VALUES(586,307342,13763.76,'gylfx',697418,977020.50,'aagpt')

statement ok
INSERT INTO tab0 VALUES(587,579925,248779.59,'bxwta',50415,171325.11,'viugd')

statement ok
INSERT INTO tab0 VALUES(588,496948,834197.2,'qjoyy',72998,656158.44,'dnwda')

statement ok
INSERT INTO tab0 VALUES(589,794769,92163.49,'lrube',264221,465576.81,'uriny')

statement ok
INSERT INTO tab0 VALUES(590,16387,924957.69,'dltkg',492279,526306.83,'ttjse')

statement ok
INSERT INTO tab0 VALUES(591,636444,439910.72,'gsgjz',119537,282531.60,'nscie')

statement ok
INSERT INTO tab0 VALUES(592,186187,574401.16,'vdisn',127441,321136.74,'zrehm')

statement ok
INSERT INTO tab0 VALUES(593,378570,720916.24,'xcypq',241638,996459.61,'walzd')

statement ok
INSERT INTO tab0 VALUES(594,233154,352050.96,'ivmtn',56854,55541.36,'mpnmj')

statement ok
INSERT INTO tab0 VALUES(595,201141,645446.18,'gmlnj',161987,262908.11,'gsmlf')

statement ok
INSERT INTO tab0 VALUES(596,290374,108795.79,'vhcay',265106,25665.5,'khjoe')

statement ok
INSERT INTO tab0 VALUES(597,190338,204895.81,'utbjk',318328,18585.56,'peaju')

statement ok
INSERT INTO tab0 VALUES(598,397125,976654.52,'asxrq',643066,808898.34,'lznoi')

statement ok
INSERT INTO tab0 VALUES(599,338531,672027.57,'jkvec',54687,481536.55,'iiuzi')

statement ok
INSERT INTO tab0 VALUES(600,498962,369018.14,'crimj',987854,263916.90,'vdlzg')

statement ok
INSERT INTO tab0 VALUES(601,544464,600738.3,'odrpu',621276,151062.82,'mlffg')

statement ok
INSERT INTO tab0 VALUES(602,447723,980407.82,'vfqza',2868,530548.56,'iuocm')

statement ok
INSERT INTO tab0 VALUES(603,613067,826293.95,'iffwv',174621,807617.29,'pemsc')

statement ok
INSERT INTO tab0 VALUES(604,1434,786712.89,'mrygm',297698,29998.30,'fhyxn')

statement ok
INSERT INTO tab0 VALUES(605,255462,465118.23,'gfwzp',777404,513031.3,'rpqpj')

statement ok
INSERT INTO tab0 VALUES(606,824401,44982.82,'wwzbp',388214,464599.27,'ilmww')

statement ok
INSERT INTO tab0 VALUES(607,89141,914916.92,'kdxon',398681,610260.24,'ifkwq')

statement ok
INSERT INTO tab0 VALUES(608,487213,293548.26,'jblwj',696563,818054.76,'alwgd')

statement ok
INSERT INTO tab0 VALUES(609,637756,854644.23,'jlhvb',913665,723632.32,'rylbn')

statement ok
INSERT INTO tab0 VALUES(610,466644,351989.98,'vwqtu',551086,355224.24,'dwnzy')

statement ok
INSERT INTO tab0 VALUES(611,331268,244476.54,'ixust',103881,758636.79,'jaajo')

statement ok
INSERT INTO tab0 VALUES(612,145751,321136.95,'qgumu',186401,622222.31,'dttnx')

statement ok
INSERT INTO tab0 VALUES(613,505828,325958.37,'yuzvb',657043,902008.34,'pfhqn')

statement ok
INSERT INTO tab0 VALUES(614,813842,583068.25,'tsulm',743377,446502.74,'ymncr')

statement ok
INSERT INTO tab0 VALUES(615,403869,621704.41,'ksein',167144,621826.82,'bpekz')

statement ok
INSERT INTO tab0 VALUES(616,666503,801116.16,'rbksw',269165,936676.46,'bwqoz')

statement ok
INSERT INTO tab0 VALUES(617,174072,935699.48,'msnfu',134460,667328.23,'atiwt')

statement ok
INSERT INTO tab0 VALUES(618,805511,919860.9,'jodzb',717102,482635.54,'mdrko')

statement ok
INSERT INTO tab0 VALUES(619,871398,353149.59,'jhyyl',965454,69030.73,'fnhvn')

statement ok
INSERT INTO tab0 VALUES(620,238952,165130.61,'kvhrg',946838,755523.23,'tyzud')

statement ok
INSERT INTO tab0 VALUES(621,457000,240509.89,'ygbtd',972869,138702.64,'zhgvb')

statement ok
INSERT INTO tab0 VALUES(622,881072,44036.44,'uyytn',724212,707733.91,'xhuoo')

statement ok
INSERT INTO tab0 VALUES(623,798309,245513.68,'mwjln',375701,469360.42,'dugyf')

statement ok
INSERT INTO tab0 VALUES(624,552490,344848.49,'dkyyd',721343,572906.13,'pqxfp')

statement ok
INSERT INTO tab0 VALUES(625,669036,297058.42,'xudqh',299224,935272.70,'cddav')

statement ok
INSERT INTO tab0 VALUES(626,980010,137176.78,'pbxog',516601,865966.61,'yvdud')

statement ok
INSERT INTO tab0 VALUES(627,749084,605377.74,'ndikg',774902,691986.27,'rxnns')

statement ok
INSERT INTO tab0 VALUES(628,796630,771881.51,'vdgqe',594635,382995.20,'pdxeb')

statement ok
INSERT INTO tab0 VALUES(629,624633,661956.41,'ijvqd',740479,176208.7,'kbsov')

statement ok
INSERT INTO tab0 VALUES(630,541717,881011.4,'zkfve',346282,201416.91,'uenti')

statement ok
INSERT INTO tab0 VALUES(631,788146,239471.37,'sjeut',39978,105987.18,'dzxxd')

statement ok
INSERT INTO tab0 VALUES(632,660828,377868.88,'vxskn',68695,679901.93,'ebzqv')

statement ok
INSERT INTO tab0 VALUES(633,638275,391845.69,'sktzx',423614,480621.88,'mkbyn')

statement ok
INSERT INTO tab0 VALUES(634,505706,457092.69,'odojq',965179,458282.58,'cgeoo')

statement ok
INSERT INTO tab0 VALUES(635,479949,454345.63,'wfrbn',547912,580566.55,'jmwva')

statement ok
INSERT INTO tab0 VALUES(636,334472,594482.30,'azhix',145416,457733.35,'hprzn')

statement ok
INSERT INTO tab0 VALUES(637,524383,43395.59,'dxyll',975555,967651.77,'kwvgr')

statement ok
INSERT INTO tab0 VALUES(638,311401,547088.68,'mufpq',625244,880676.89,'ckxzu')

statement ok
INSERT INTO tab0 VALUES(639,888977,56701.12,'ezgfp',175598,484832.25,'qmhqn')

statement ok
INSERT INTO tab0 VALUES(640,507080,353302.97,'uhlbk',326812,210723.98,'kkafl')

statement ok
INSERT INTO tab0 VALUES(641,597412,673187.93,'bicez',523254,256439.89,'stgar')

statement ok
INSERT INTO tab0 VALUES(642,898284,332672.46,'jowhp',78460,212739.60,'npyco')

statement ok
INSERT INTO tab0 VALUES(643,579620,353118.90,'listn',300048,687957.70,'vmodg')

statement ok
INSERT INTO tab0 VALUES(644,368072,86029.61,'bdeqs',614807,932922.84,'kpmri')

statement ok
INSERT INTO tab0 VALUES(645,671813,837921.6,'mqezi',693695,466156.88,'owwhk')

statement ok
INSERT INTO tab0 VALUES(646,705749,495452.0,'iytxj',576751,698638.98,'ngdqv')

statement ok
INSERT INTO tab0 VALUES(647,616394,150329.57,'xmjqj',798187,559020.77,'fopph')

statement ok
INSERT INTO tab0 VALUES(648,606903,724273.41,'diwsa',511383,118530.44,'vweij')

statement ok
INSERT INTO tab0 VALUES(649,62072,594238.79,'yiwcu',613800,215881.88,'lnyqe')

statement ok
INSERT INTO tab0 VALUES(650,673309,217102.74,'abngj',872070,82489.80,'ufsuc')

statement ok
INSERT INTO tab0 VALUES(651,563751,754882.20,'jecjq',46966,967224.86,'qfvug')

statement ok
INSERT INTO tab0 VALUES(652,413055,699707.8,'zhnka',18432,761657.80,'njpph')

statement ok
INSERT INTO tab0 VALUES(653,582611,498718.46,'liffd',910522,624816.53,'mlabv')

statement ok
INSERT INTO tab0 VALUES(654,240386,179199.65,'polrp',216369,608428.33,'oyleg')

statement ok
INSERT INTO tab0 VALUES(655,486083,973449.37,'apfyk',923370,281677.87,'klccf')

statement ok
INSERT INTO tab0 VALUES(656,475921,943908.83,'yvqhu',637969,356445.43,'auski')

statement ok
INSERT INTO tab0 VALUES(657,547882,608062.89,'meupr',710815,312103.99,'gyiet')

statement ok
INSERT INTO tab0 VALUES(658,346466,563446.17,'rmfcj',361633,20599.33,'nhqzw')

statement ok
INSERT INTO tab0 VALUES(659,947906,112701.16,'soove',804321,371551.18,'jwvgv')

statement ok
INSERT INTO tab0 VALUES(660,985046,888580.36,'xgdob',371948,897033.37,'fgdeg')

statement ok
INSERT INTO tab0 VALUES(661,772338,478881.43,'ctszf',641632,396820.88,'ttmyv')

statement ok
INSERT INTO tab0 VALUES(662,430969,51452.26,'jkbvr',559783,563171.7,'vtaxx')

statement ok
INSERT INTO tab0 VALUES(663,13641,979248.15,'qelaa',566772,605957.69,'vmxoe')

statement ok
INSERT INTO tab0 VALUES(664,629791,465362.88,'gmmsz',722259,877593.11,'okvvg')

statement ok
INSERT INTO tab0 VALUES(665,570465,167816.90,'tpppa',829956,498168.36,'qgqai')

statement ok
INSERT INTO tab0 VALUES(666,433319,824859.38,'imrtx',562774,980255.32,'fexdu')

statement ok
INSERT INTO tab0 VALUES(667,247741,879760.42,'oftzm',587678,854003.80,'quuwv')

statement ok
INSERT INTO tab0 VALUES(668,599639,105834.9,'xvqzg',690917,292236.69,'akjtb')

statement ok
INSERT INTO tab0 VALUES(669,756683,231536.62,'nqlew',902709,735260.7,'ydkje')

statement ok
INSERT INTO tab0 VALUES(670,793060,565338.48,'shgey',622558,515991.35,'wybho')

statement ok
INSERT INTO tab0 VALUES(671,714660,620819.55,'txvto',744018,484924.39,'cvikx')

statement ok
INSERT INTO tab0 VALUES(672,584075,741699.20,'edcwy',779846,635102.61,'bzsyx')

statement ok
INSERT INTO tab0 VALUES(673,645446,726623.43,'vkxzb',986846,727233.14,'ftaor')

statement ok
INSERT INTO tab0 VALUES(674,449554,454498.2,'eyobg',491088,914520.92,'nbtpr')

statement ok
INSERT INTO tab0 VALUES(675,978881,509124.62,'yymtw',412719,367767.85,'aexab')

statement ok
INSERT INTO tab0 VALUES(676,772521,804565.90,'atunv',990997,900360.90,'pfltm')

statement ok
INSERT INTO tab0 VALUES(677,51208,209777.66,'tubsl',709350,593261.22,'pwcrs')

statement ok
INSERT INTO tab0 VALUES(678,842315,173980.95,'tztst',420349,420013.31,'hvurc')

statement ok
INSERT INTO tab0 VALUES(679,104827,351287.22,'moabj',470733,871734.9,'swlai')

statement ok
INSERT INTO tab0 VALUES(680,854431,226074.42,'umepa',826324,582122.7,'ctoec')

statement ok
INSERT INTO tab0 VALUES(681,288452,737640.14,'uimqf',197143,952453.46,'pstfq')

statement ok
INSERT INTO tab0 VALUES(682,910766,905426.73,'enpyu',162262,776550.27,'yfkth')

statement ok
INSERT INTO tab0 VALUES(683,656951,453979.42,'anibq',295013,865905.49,'ajjdj')

statement ok
INSERT INTO tab0 VALUES(684,19287,437866.45,'ktgef',287811,674499.14,'mvppl')

statement ok
INSERT INTO tab0 VALUES(685,171569,866790.20,'yzhmg',77178,923951.49,'idqgh')

statement ok
INSERT INTO tab0 VALUES(686,94360,330474.31,'nfgfj',968811,228363.8,'rqjmh')

statement ok
INSERT INTO tab0 VALUES(687,699737,623779.79,'wytus',762542,719512.94,'htotf')

statement ok
INSERT INTO tab0 VALUES(688,956512,371612.19,'ejmvn',877380,671722.64,'fbpxs')

statement ok
INSERT INTO tab0 VALUES(689,15075,653930.66,'seamu',476409,126892.46,'ikzja')

statement ok
INSERT INTO tab0 VALUES(690,332550,630798.14,'mbmiw',591888,519500.51,'ezzao')

statement ok
INSERT INTO tab0 VALUES(691,797576,167388.43,'vrcsd',250244,301605.84,'iolpo')

statement ok
INSERT INTO tab0 VALUES(692,855560,458923.36,'bqtsq',596984,567840.56,'fpbpr')

statement ok
INSERT INTO tab0 VALUES(693,633422,655670.87,'dxujp',21789,680419.1,'rgios')

statement ok
INSERT INTO tab0 VALUES(694,64819,488006.19,'dtmqe',283508,894135.82,'pqbba')

statement ok
INSERT INTO tab0 VALUES(695,14984,891418.91,'bvswz',635070,981384.8,'kvwal')

statement ok
INSERT INTO tab0 VALUES(696,405883,631439.15,'klqlt',948577,857055.45,'zdaoo')

statement ok
INSERT INTO tab0 VALUES(697,341003,928649.65,'rrfjb',840301,203704.29,'zaxjr')

statement ok
INSERT INTO tab0 VALUES(698,230590,83770.90,'dhybt',795593,96435.78,'rnuug')

statement ok
INSERT INTO tab0 VALUES(699,916412,102539.31,'kelrs',293975,627960.5,'lbgtm')

statement ok
INSERT INTO tab0 VALUES(700,796966,320800.27,'cezcn',934143,533477.30,'ltzfb')

statement ok
INSERT INTO tab0 VALUES(701,952331,29541.32,'jkifx',558868,815856.93,'hnixv')

statement ok
INSERT INTO tab0 VALUES(702,269317,99670.24,'qjcxm',380096,370513.65,'pczvd')

statement ok
INSERT INTO tab0 VALUES(703,566253,607330.22,'cxpdl',103942,610473.64,'rineu')

statement ok
INSERT INTO tab0 VALUES(704,718200,458679.94,'opjic',55603,91247.64,'afzll')

statement ok
INSERT INTO tab0 VALUES(705,781829,14923.72,'tptek',304443,136016.8,'eyurl')

statement ok
INSERT INTO tab0 VALUES(706,120452,717407.66,'garau',789001,460540.22,'ceyle')

statement ok
INSERT INTO tab0 VALUES(707,529022,712493.70,'xubus',441894,798065.26,'ydaby')

statement ok
INSERT INTO tab0 VALUES(708,359100,476684.84,'pcrfd',314910,524505.49,'sopul')

statement ok
INSERT INTO tab0 VALUES(709,643981,441497.19,'ufozj',704010,283355.38,'rdwsl')

statement ok
INSERT INTO tab0 VALUES(710,223480,618591.10,'cvvvq',274230,610595.73,'hglfk')

statement ok
INSERT INTO tab0 VALUES(711,869140,224639.35,'badom',184783,559906.78,'pnsrc')

statement ok
INSERT INTO tab0 VALUES(712,409118,306457.20,'rnjjv',214050,327423.36,'xoubg')

statement ok
INSERT INTO tab0 VALUES(713,853179,365875.54,'atjwd',884490,876983.97,'liuqd')

statement ok
INSERT INTO tab0 VALUES(714,517822,984863.4,'wyidj',587738,564880.96,'zfsif')

statement ok
INSERT INTO tab0 VALUES(715,151062,450439.24,'jirzk',709564,765106.61,'lazwu')

statement ok
INSERT INTO tab0 VALUES(716,57647,379669.70,'qfmyv',754913,494110.27,'oicsp')

statement ok
INSERT INTO tab0 VALUES(717,223937,344726.11,'kdfol',472839,36041.51,'ljdkk')

statement ok
INSERT INTO tab0 VALUES(718,442932,497894.41,'qxjix',981475,567504.18,'hlonr')

statement ok
INSERT INTO tab0 VALUES(719,439239,196472.95,'axazl',893218,782806.63,'vrsxf')

statement ok
INSERT INTO tab0 VALUES(720,994201,627899.56,'xakmh',439514,518707.75,'emost')

statement ok
INSERT INTO tab0 VALUES(721,70678,434661.73,'ovthp',596008,379669.12,'jncqo')

statement ok
INSERT INTO tab0 VALUES(722,938262,339294.69,'bwrhs',207427,362640.16,'xvgxe')

statement ok
INSERT INTO tab0 VALUES(723,298156,769439.56,'wmzcd',112670,482147.24,'nziow')

statement ok
INSERT INTO tab0 VALUES(724,408203,482849.49,'hgdex',269775,395385.79,'qgrlj')

statement ok
INSERT INTO tab0 VALUES(725,207855,192321.73,'jwauj',880950,27008.45,'foiin')

statement ok
INSERT INTO tab0 VALUES(726,443298,190705.82,'hjlir',517486,194366.16,'cvoft')

statement ok
INSERT INTO tab0 VALUES(727,792236,975952.66,'bixho',244873,232299.33,'wbsey')

statement ok
INSERT INTO tab0 VALUES(728,989105,876129.68,'gvdov',747680,618255.94,'lfnvt')

statement ok
INSERT INTO tab0 VALUES(729,949951,674346.94,'lrphb',454650,597229.65,'ntybp')

statement ok
INSERT INTO tab0 VALUES(730,897460,233764.25,'yokif',663696,806884.95,'mjuow')

statement ok
INSERT INTO tab0 VALUES(731,485931,122680.32,'mcrbg',666778,902374.30,'sigoz')

statement ok
INSERT INTO tab0 VALUES(732,926391,239410.85,'qaiut',875152,181427.19,'mqohq')

statement ok
INSERT INTO tab0 VALUES(733,111389,437377.69,'sfpon',944030,209442.35,'mxqxq')

statement ok
INSERT INTO tab0 VALUES(734,740203,150146.95,'eztrg',897918,444305.80,'hurqn')

statement ok
INSERT INTO tab0 VALUES(735,443725,16204.12,'hbpkg',255371,861511.3,'jxwzc')

statement ok
INSERT INTO tab0 VALUES(736,909454,504272.19,'wsflu',154113,579132.8,'gbwte')

statement ok
INSERT INTO tab0 VALUES(737,6622,538085.81,'tzqvy',476043,482818.70,'ohnia')

statement ok
INSERT INTO tab0 VALUES(738,910980,121429.37,'pteff',972137,850770.48,'ganpe')

statement ok
INSERT INTO tab0 VALUES(739,230041,963226.14,'hwmuc',387573,978851.91,'qhyfy')

statement ok
INSERT INTO tab0 VALUES(740,127838,102416.42,'tfurp',586608,805420.61,'ssyrd')

statement ok
INSERT INTO tab0 VALUES(741,450103,533081.63,'nysve',677673,536437.35,'vrhmo')

statement ok
INSERT INTO tab0 VALUES(742,849273,829315.46,'inyhz',138336,270446.24,'nnceu')

statement ok
INSERT INTO tab0 VALUES(743,909301,770355.96,'svsfu',940338,623565.85,'wokqo')

statement ok
INSERT INTO tab0 VALUES(744,270904,965484.74,'tllbl',674499,354492.30,'gguyt')

statement ok
INSERT INTO tab0 VALUES(745,756317,479003.98,'ponun',675812,989501.43,'ykavr')

statement ok
INSERT INTO tab0 VALUES(746,494506,455444.67,'bhtta',148437,447448.87,'vdrnv')

statement ok
INSERT INTO tab0 VALUES(747,46051,744262.67,'jpcdy',290618,664764.23,'weqzp')

statement ok
INSERT INTO tab0 VALUES(748,528137,525054.84,'sretw',419800,220458.18,'vuaat')

statement ok
INSERT INTO tab0 VALUES(749,739685,932525.19,'xvcls',97473,961120.58,'xelme')

statement ok
INSERT INTO tab0 VALUES(750,286132,681396.97,'wsuae',254425,625915.63,'ihzhi')

statement ok
INSERT INTO tab0 VALUES(751,704650,691528.84,'mlzoo',315399,471588.95,'yeood')

statement ok
INSERT INTO tab0 VALUES(752,589019,712829.95,'bulhd',324432,897460.76,'ybouj')

statement ok
INSERT INTO tab0 VALUES(753,714661,950256.9,'zeaac',69610,70434.96,'iisyk')

statement ok
INSERT INTO tab0 VALUES(754,163604,688873.81,'kwuyy',208190,549987.28,'txkqt')

statement ok
INSERT INTO tab0 VALUES(755,449615,918853.55,'vbfzd',391601,913177.40,'yeneu')

statement ok
INSERT INTO tab0 VALUES(756,642974,960418.76,'qdgww',390350,379638.5,'mdzri')

statement ok
INSERT INTO tab0 VALUES(757,495697,88836.1,'wpjgl',219116,436614.20,'gqkhg')

statement ok
INSERT INTO tab0 VALUES(758,566406,159484.15,'vizve',261749,463836.10,'hkphb')

statement ok
INSERT INTO tab0 VALUES(759,345367,232850.39,'qrcjv',396179,358703.46,'fdmdr')

statement ok
INSERT INTO tab0 VALUES(760,379455,199462.48,'vnzbf',119506,161163.58,'ytiqw')

statement ok
INSERT INTO tab0 VALUES(761,397277,404908.78,'botlb',673004,678741.44,'hksba')

statement ok
INSERT INTO tab0 VALUES(762,433960,274871.43,'ugaoi',167022,111572.84,'qqyks')

statement ok
INSERT INTO tab0 VALUES(763,956359,940185.43,'rznfb',706085,677276.54,'npufi')

statement ok
INSERT INTO tab0 VALUES(764,987945,861602.81,'njrzx',513885,236145.37,'fzbbr')

statement ok
INSERT INTO tab0 VALUES(765,233825,455108.73,'obhfs',58197,916015.33,'ljgiq')

statement ok
INSERT INTO tab0 VALUES(766,205718,716705.61,'jeenh',175964,737335.79,'zbdqt')

statement ok
INSERT INTO tab0 VALUES(767,347045,847442.25,'gguny',198303,238037.53,'fqkty')

statement ok
INSERT INTO tab0 VALUES(768,157867,878509.96,'dksfa',75408,98724.92,'uohwa')

statement ok
INSERT INTO tab0 VALUES(769,319793,296112.69,'wnnxs',501647,767578.1,'jugpj')

statement ok
INSERT INTO tab0 VALUES(770,821166,666595.15,'ffdpn',40557,85266.70,'apmdp')

statement ok
INSERT INTO tab0 VALUES(771,81909,261322.93,'cetuz',249755,910126.82,'csrnb')

statement ok
INSERT INTO tab0 VALUES(772,78674,681793.64,'mcdxh',806030,743072.26,'pqmnp')

statement ok
INSERT INTO tab0 VALUES(773,469635,484527.0,'ayofv',630340,352508.13,'bohxd')

statement ok
INSERT INTO tab0 VALUES(774,719696,806182.1,'lzdbw',12725,399536.85,'zptqg')

statement ok
INSERT INTO tab0 VALUES(775,225372,988433.6,'lztyg',737396,62713.29,'nynvu')

statement ok
INSERT INTO tab0 VALUES(776,439819,203094.4,'bfjqv',207733,663299.90,'dvrxr')

statement ok
INSERT INTO tab0 VALUES(777,997833,76995.47,'nuyjj',571166,290008.82,'ewnwg')

statement ok
INSERT INTO tab0 VALUES(778,840820,317108.64,'towwu',844421,424224.0,'naghe')

statement ok
INSERT INTO tab0 VALUES(779,341888,335449.71,'bjpng',38177,564911.35,'huilu')

statement ok
INSERT INTO tab0 VALUES(780,430786,874053.88,'qdjoj',282409,853515.87,'gijmy')

statement ok
INSERT INTO tab0 VALUES(781,718780,630187.44,'jbvcc',951141,699188.72,'snqnp')

statement ok
INSERT INTO tab0 VALUES(782,623962,881042.99,'gonif',787597,403564.41,'wgstj')

statement ok
INSERT INTO tab0 VALUES(783,495941,108947.47,'fpqmb',29083,785858.89,'siasc')

statement ok
INSERT INTO tab0 VALUES(784,740966,626342.35,'rsqga',532073,807953.68,'mtqdr')

statement ok
INSERT INTO tab0 VALUES(785,947021,200714.75,'beuri',897216,199188.99,'gvujn')

statement ok
INSERT INTO tab0 VALUES(786,8605,679595.51,'oawho',594238,81604.87,'sfkgh')

statement ok
INSERT INTO tab0 VALUES(787,251953,615631.40,'sitif',87036,594726.30,'rbzki')

statement ok
INSERT INTO tab0 VALUES(788,559875,891571.17,'agcwm',958648,520660.34,'sizio')

statement ok
INSERT INTO tab0 VALUES(789,496917,345214.71,'pcwuw',36285,909179.26,'xnomw')

statement ok
INSERT INTO tab0 VALUES(790,434143,394409.18,'upbdr',516235,702514.62,'fhejy')

statement ok
INSERT INTO tab0 VALUES(791,674377,662109.10,'twgbs',88989,360595.47,'kbdvq')

statement ok
INSERT INTO tab0 VALUES(792,576965,601379.54,'cqfyx',64117,485839.38,'lqlyv')

statement ok
INSERT INTO tab0 VALUES(793,682953,120330.17,'ojssa',495361,448272.67,'fyeka')

statement ok
INSERT INTO tab0 VALUES(794,840087,207122.43,'qjwtb',305603,10467.45,'djfju')

statement ok
INSERT INTO tab0 VALUES(795,327667,555023.65,'cwydd',411895,952667.79,'vvwuo')

statement ok
INSERT INTO tab0 VALUES(796,981628,187438.16,'sfzrz',850372,697601.82,'pxnlg')

statement ok
INSERT INTO tab0 VALUES(797,319610,82702.44,'xxjen',901367,935607.88,'gvgeu')

statement ok
INSERT INTO tab0 VALUES(798,665863,799377.22,'eylmp',214294,249572.62,'qyiwu')

statement ok
INSERT INTO tab0 VALUES(799,276275,101043.62,'aofnn',932739,740051.16,'elbog')

statement ok
INSERT INTO tab0 VALUES(800,463378,581329.25,'iuvqv',819427,650085.16,'pshtz')

statement ok
INSERT INTO tab0 VALUES(801,721313,289001.37,'dflkr',381256,990325.1,'qnykn')

statement ok
INSERT INTO tab0 VALUES(802,850952,352844.2,'cjoer',994201,164001.90,'kwval')

statement ok
INSERT INTO tab0 VALUES(803,84686,606781.9,'hrvtk',28442,591918.97,'hjeyg')

statement ok
INSERT INTO tab0 VALUES(804,211639,214752.49,'vstxd',973236,337432.44,'lifgv')

statement ok
INSERT INTO tab0 VALUES(805,702545,295837.28,'gfzeh',562011,731567.72,'jswbc')

statement ok
INSERT INTO tab0 VALUES(806,834747,549133.77,'mhjeg',897338,997833.55,'rnlpt')

statement ok
INSERT INTO tab0 VALUES(807,817321,878875.64,'emfvv',575958,877349.11,'oragt')

statement ok
INSERT INTO tab0 VALUES(808,915863,19317.11,'oxedb',813690,253814.15,'nhixz')

statement ok
INSERT INTO tab0 VALUES(809,577697,159852.0,'vlrqr',570526,778503.14,'btgtx')

statement ok
INSERT INTO tab0 VALUES(810,556762,569915.93,'zuqks',675628,495269.34,'cwlre')

statement ok
INSERT INTO tab0 VALUES(811,38635,223968.36,'kpeej',952239,465545.97,'sxbih')

statement ok
INSERT INTO tab0 VALUES(812,765533,426696.80,'kqbkh',342803,393341.34,'vvecd')

statement ok
INSERT INTO tab0 VALUES(813,161285,437713.86,'uumpo',33813,250244.92,'ukrms')

statement ok
INSERT INTO tab0 VALUES(814,456420,96771.45,'uloez',581024,900421.54,'xhrzr')

statement ok
INSERT INTO tab0 VALUES(815,813110,448730.82,'hibuz',34271,725616.46,'dbeja')

statement ok
INSERT INTO tab0 VALUES(816,450042,368499.77,'ttyjz',62500,250152.50,'vpuup')

statement ok
INSERT INTO tab0 VALUES(817,767730,186004.70,'sucgh',78826,765930.20,'czivy')

statement ok
INSERT INTO tab0 VALUES(818,473205,311401.79,'lkvjn',365509,957458.92,'trirt')

statement ok
INSERT INTO tab0 VALUES(819,705139,859771.11,'niqfg',198974,526733.95,'qsthm')

statement ok
INSERT INTO tab0 VALUES(820,158935,276336.72,'nqsdv',974731,818420.66,'jtskb')

statement ok
INSERT INTO tab0 VALUES(821,211517,961425.83,'pknkr',332458,444732.63,'cfvvl')

statement ok
INSERT INTO tab0 VALUES(822,46508,895416.91,'desie',281005,910461.74,'xmflj')

statement ok
INSERT INTO tab0 VALUES(823,779235,263732.80,'kxijg',323303,237976.34,'nwthv')

statement ok
INSERT INTO tab0 VALUES(824,581573,81939.87,'bdvgy',581451,592254.34,'ayxvs')

statement ok
INSERT INTO tab0 VALUES(825,807037,820617.10,'xckfx',921722,905761.34,'iljbo')

statement ok
INSERT INTO tab0 VALUES(826,115844,30456.26,'mywxk',79467,503632.78,'zopka')

statement ok
INSERT INTO tab0 VALUES(827,599822,967254.97,'rsytn',784210,728546.3,'pcmfq')

statement ok
INSERT INTO tab0 VALUES(828,907440,216857.90,'gohxz',884643,565765.55,'qhyni')

statement ok
INSERT INTO tab0 VALUES(829,368804,320159.83,'svvlx',473541,268157.98,'xkpnc')

statement ok
INSERT INTO tab0 VALUES(830,120666,398193.79,'rgmnc',12847,981079.30,'gkhhr')

statement ok
INSERT INTO tab0 VALUES(831,231384,777008.21,'pzvka',458679,367553.91,'gjyia')

statement ok
INSERT INTO tab0 VALUES(832,826019,612792.4,'ntore',386230,233184.81,'snvkc')

statement ok
INSERT INTO tab0 VALUES(833,211242,516754.85,'mbjjw',114868,151063.69,'ijpum')

statement ok
INSERT INTO tab0 VALUES(834,366,180236.96,'gfjzs',833129,86944.6,'jvohu')

statement ok
INSERT INTO tab0 VALUES(835,238342,999603.60,'ylutj',723632,24169.37,'gglnp')

statement ok
INSERT INTO tab0 VALUES(836,526733,701354.99,'scpre',88165,588562.14,'etdxv')

statement ok
INSERT INTO tab0 VALUES(837,148803,967010.49,'fucqp',472686,673645.12,'secxn')

statement ok
INSERT INTO tab0 VALUES(838,194458,58227.73,'kkrqc',792236,65399.34,'ogdaj')

statement ok
INSERT INTO tab0 VALUES(839,685150,441680.70,'zheup',456024,67474.30,'yuyzl')

statement ok
INSERT INTO tab0 VALUES(840,699035,414184.94,'glvmc',492401,126098.6,'mrvxr')

statement ok
INSERT INTO tab0 VALUES(841,495971,727569.58,'mmqpl',673889,454986.40,'rceko')

statement ok
INSERT INTO tab0 VALUES(842,642333,213806.54,'tyckt',642120,660552.90,'mrhrx')

statement ok
INSERT INTO tab0 VALUES(843,136260,409881.62,'mhwbf',32806,366668.9,'dnvoe')

statement ok
INSERT INTO tab0 VALUES(844,532409,182922.61,'zcghr',600921,839904.58,'pklxj')

statement ok
INSERT INTO tab0 VALUES(845,67169,355102.46,'gcbwd',345489,614288.18,'fwokn')

statement ok
INSERT INTO tab0 VALUES(846,783538,328643.36,'llxqn',634735,116546.1,'jkwxi')

statement ok
INSERT INTO tab0 VALUES(847,656127,710876.91,'qqdlh',330963,290863.64,'elzox')

statement ok
INSERT INTO tab0 VALUES(848,716278,939239.20,'hxiqa',915649,224121.23,'ypate')

statement ok
INSERT INTO tab0 VALUES(849,176849,906188.94,'acxuz',614440,770690.60,'xvjjr')

statement ok
INSERT INTO tab0 VALUES(850,557434,584320.65,'cytdw',522033,177520.44,'xjcye')

statement ok
INSERT INTO tab0 VALUES(851,809234,651275.67,'gbwoj',727416,709228.35,'vcvtf')

statement ok
INSERT INTO tab0 VALUES(852,440093,114746.41,'cgaqv',438537,272888.1,'llcxu')

statement ok
INSERT INTO tab0 VALUES(853,639465,937530.37,'umibt',107635,43273.31,'wsfky')

statement ok
INSERT INTO tab0 VALUES(854,403533,662536.34,'wcxir',555999,87646.46,'haulk')

statement ok
INSERT INTO tab0 VALUES(855,660003,37719.48,'pukhm',99121,990844.9,'mogmg')

statement ok
INSERT INTO tab0 VALUES(856,393310,641082.45,'tzuyg',671569,480377.45,'pprgl')

statement ok
INSERT INTO tab0 VALUES(857,769500,505767.58,'dsxwu',952087,51239.45,'rviaq')

statement ok
INSERT INTO tab0 VALUES(858,261260,744934.91,'kyaaj',488555,591033.82,'ffdol')

statement ok
INSERT INTO tab0 VALUES(859,772888,176849.41,'lnodd',823028,4913.28,'xhqno')

statement ok
INSERT INTO tab0 VALUES(860,765380,949890.3,'dkpry',616638,840698.56,'ighhx')

statement ok
INSERT INTO tab0 VALUES(861,381378,167480.88,'atsaw',774719,913696.65,'izggp')

statement ok
INSERT INTO tab0 VALUES(862,570068,513092.30,'udjqw',571685,931823.81,'wkazj')

statement ok
INSERT INTO tab0 VALUES(863,212371,875336.4,'zmqdl',776123,120574.78,'mkydh')

statement ok
INSERT INTO tab0 VALUES(864,245788,972839.35,'rjxjc',775756,847991.87,'czzwj')

statement ok
INSERT INTO tab0 VALUES(865,789550,979370.12,'ycisg',702484,249786.6,'mlgsf')

statement ok
INSERT INTO tab0 VALUES(866,269409,148712.98,'rsqzp',557281,854156.19,'ymqwo')

statement ok
INSERT INTO tab0 VALUES(867,542846,439788.46,'akosw',335327,206909.2,'zjnea')

statement ok
INSERT INTO tab0 VALUES(868,23956,141540.12,'fgrfj',150848,496429.38,'vzgmo')

statement ok
INSERT INTO tab0 VALUES(869,808471,498046.62,'yqwst',362365,178680.33,'eyxli')

statement ok
INSERT INTO tab0 VALUES(870,798767,333404.89,'fialm',697357,602203.22,'rwvxb')

statement ok
INSERT INTO tab0 VALUES(871,828826,676849.25,'wmpxn',377593,633117.86,'tghyw')

statement ok
INSERT INTO tab0 VALUES(872,789367,387634.54,'dwjty',243896,280120.63,'zxdzt')

statement ok
INSERT INTO tab0 VALUES(873,752624,780151.21,'nyxfr',881256,319458.60,'yvjxh')

statement ok
INSERT INTO tab0 VALUES(874,97564,248809.49,'abgxx',743835,920043.68,'tkugi')

statement ok
INSERT INTO tab0 VALUES(875,634735,893157.48,'emqew',279876,268280.71,'ppqek')

statement ok
INSERT INTO tab0 VALUES(876,731414,142791.31,'joyel',56823,193176.61,'mydvp')

statement ok
INSERT INTO tab0 VALUES(877,436431,382355.22,'rymzt',886169,791351.50,'ywhgz')

statement ok
INSERT INTO tab0 VALUES(878,605255,576599.73,'gmnru',948669,51910.82,'ipjpi')

statement ok
INSERT INTO tab0 VALUES(879,25054,895385.74,'hoyma',919158,481628.46,'vklgu')

statement ok
INSERT INTO tab0 VALUES(880,539611,338592.64,'hfwac',91552,729827.86,'vtizj')

statement ok
INSERT INTO tab0 VALUES(881,174346,361236.49,'xcggj',504058,213409.19,'riwzr')

statement ok
INSERT INTO tab0 VALUES(882,261291,498382.8,'orpqo',63842,741851.43,'dhuco')

statement ok
INSERT INTO tab0 VALUES(883,564208,990142.10,'ynljm',672363,142211.50,'hfexo')

statement ok
INSERT INTO tab0 VALUES(884,403381,406738.24,'tddlm',350128,884124.39,'ylfuu')

statement ok
INSERT INTO tab0 VALUES(885,780822,273498.34,'gjhtf',361816,704803.30,'fasdi')

statement ok
INSERT INTO tab0 VALUES(886,505157,695800.48,'ahqee',341278,234039.76,'jxwlz')

statement ok
INSERT INTO tab0 VALUES(887,316650,984069.14,'jnkui',416442,619232.72,'ibrlx')

statement ok
INSERT INTO tab0 VALUES(888,12176,278839.31,'dfdbw',334411,150268.71,'gsufc')

statement ok
INSERT INTO tab0 VALUES(889,570343,175781.60,'fgesq',586456,884704.99,'eezhg')

statement ok
INSERT INTO tab0 VALUES(890,276276,350494.39,'hkjcy',532928,272644.58,'tivvc')

statement ok
INSERT INTO tab0 VALUES(891,846832,183807.95,'jhsgb',528350,781799.52,'tnjsi')

statement ok
INSERT INTO tab0 VALUES(892,555480,386566.55,'itxyv',46417,522369.86,'srpra')

statement ok
INSERT INTO tab0 VALUES(893,357299,624664.60,'uszwl',804901,872222.88,'pqimg')

statement ok
INSERT INTO tab0 VALUES(894,14099,144134.77,'ooavx',890747,101776.17,'kamww')

statement ok
INSERT INTO tab0 VALUES(895,219207,396026.11,'ebrss',885070,999053.78,'vodza')

statement ok
INSERT INTO tab0 VALUES(896,722686,661529.18,'tpwsp',988067,494567.33,'tbrdt')

statement ok
INSERT INTO tab0 VALUES(897,456207,676850.18,'nginw',144104,286499.12,'bqwgt')

statement ok
INSERT INTO tab0 VALUES(898,658081,258300.7,'jyhfj',166717,465606.29,'cwduu')

statement ok
INSERT INTO tab0 VALUES(899,998260,927337.69,'ooerw',863525,140136.91,'ltkao')

statement ok
INSERT INTO tab0 VALUES(900,703308,535339.89,'hdanu',161315,61004.15,'jyoyc')

statement ok
INSERT INTO tab0 VALUES(901,681518,888946.66,'kught',231018,246704.36,'rahqo')

statement ok
INSERT INTO tab0 VALUES(902,647705,374725.25,'xckpi',612731,608215.20,'agngv')

statement ok
INSERT INTO tab0 VALUES(903,248413,584381.28,'tamco',340667,574218.79,'xcaez')

statement ok
INSERT INTO tab0 VALUES(904,186798,939727.90,'hetyp',68115,715850.84,'abgce')

statement ok
INSERT INTO tab0 VALUES(905,347625,317596.88,'xuknj',192626,371948.73,'yatgb')

statement ok
INSERT INTO tab0 VALUES(906,922393,674957.76,'vcbve',980804,273803.67,'vdxll')

statement ok
INSERT INTO tab0 VALUES(907,534118,673797.95,'ocmnh',693450,170410.82,'aemfz')

statement ok
INSERT INTO tab0 VALUES(908,362548,306243.90,'qbccr',710449,453216.42,'onhyv')

statement ok
INSERT INTO tab0 VALUES(909,269042,519439.15,'bhvwn',655853,781372.89,'zkxbc')

statement ok
INSERT INTO tab0 VALUES(910,921600,840667.55,'fomhv',522888,706481.98,'twczq')

statement ok
INSERT INTO tab0 VALUES(911,919860,2258.29,'gcmxd',798858,297851.89,'dzplq')

statement ok
INSERT INTO tab0 VALUES(912,920074,566589.10,'sqnpf',590240,767242.40,'nasmf')

statement ok
INSERT INTO tab0 VALUES(913,760192,551147.32,'ksdql',747650,94116.97,'inwqz')

statement ok
INSERT INTO tab0 VALUES(914,584777,53527.8,'tqjvr',990875,650421.88,'mjicw')

statement ok
INSERT INTO tab0 VALUES(915,970031,876373.38,'nrisq',33814,825683.39,'aburn')

statement ok
INSERT INTO tab0 VALUES(916,48797,152374.21,'mhynw',709442,652099.80,'vrzcb')

statement ok
INSERT INTO tab0 VALUES(917,635559,969329.72,'yakma',95001,429321.61,'cchcq')

statement ok
INSERT INTO tab0 VALUES(918,351409,995147.32,'ovyvq',636779,349700.66,'fclle')

statement ok
INSERT INTO tab0 VALUES(919,749145,102783.79,'rckyv',275268,123077.22,'blaeu')

statement ok
INSERT INTO tab0 VALUES(920,438171,995239.43,'fvwou',570037,601898.13,'xefsq')

statement ok
INSERT INTO tab0 VALUES(921,209533,830627.17,'esfsl',824829,406158.96,'wljwk')

statement ok
INSERT INTO tab0 VALUES(922,160919,847198.70,'ghxde',212524,548522.6,'qxqey')

statement ok
INSERT INTO tab0 VALUES(923,821655,988128.60,'lbmcg',900177,59143.76,'bspuz')

statement ok
INSERT INTO tab0 VALUES(924,277679,526824.46,'wpftr',173919,610748.43,'sqwtq')

statement ok
INSERT INTO tab0 VALUES(925,296630,691711.0,'ctrbp',564086,143737.66,'risdc')

statement ok
INSERT INTO tab0 VALUES(926,452758,291259.19,'ypnde',970092,490997.37,'zftaf')

statement ok
INSERT INTO tab0 VALUES(927,251954,339080.41,'duyey',785522,3021.91,'iumug')

statement ok
INSERT INTO tab0 VALUES(928,256744,678802.52,'vmlsq',23101,172882.19,'suzeh')

statement ok
INSERT INTO tab0 VALUES(929,211273,609191.4,'foiss',439727,261230.86,'cbmib')

statement ok
INSERT INTO tab0 VALUES(930,166412,509033.24,'ivkqa',661376,921264.35,'wyacm')

statement ok
INSERT INTO tab0 VALUES(931,604553,462249.28,'mzpql',308227,823852.6,'ribze')

statement ok
INSERT INTO tab0 VALUES(932,564819,882781.30,'ytopj',119507,282348.45,'wscij')

statement ok
INSERT INTO tab0 VALUES(933,767944,139709.63,'ofilp',78704,877716.19,'fjiof')

statement ok
INSERT INTO tab0 VALUES(934,741271,182128.81,'nqwbs',538391,83496.26,'pmfcq')

statement ok
INSERT INTO tab0 VALUES(935,943878,164276.79,'sxvlu',345245,890808.10,'lhfqw')

statement ok
INSERT INTO tab0 VALUES(936,891357,70404.2,'piaab',965118,433349.72,'ocffb')

statement ok
INSERT INTO tab0 VALUES(937,281037,339904.59,'rcfmo',608001,612396.80,'ppkjw')

statement ok
INSERT INTO tab0 VALUES(938,116851,492187.35,'dcofo',353057,721801.88,'uuqfg')

statement ok
INSERT INTO tab0 VALUES(939,834381,751800.3,'qfkdn',273529,72998.44,'mfjpy')

statement ok
INSERT INTO tab0 VALUES(940,425811,673309.37,'snuaj',561828,619995.1,'udxfb')

statement ok
INSERT INTO tab0 VALUES(941,565063,766418.26,'mecoi',654541,584381.33,'iniuw')

statement ok
INSERT INTO tab0 VALUES(942,732574,120880.82,'ittmo',357330,80322.48,'rfccg')

statement ok
INSERT INTO tab0 VALUES(943,340515,31494.58,'mfsrr',970062,739562.95,'bekdm')

statement ok
INSERT INTO tab0 VALUES(944,857666,623168.57,'qfhhk',411651,336425.84,'zldhr')

statement ok
INSERT INTO tab0 VALUES(945,934448,475921.46,'ozoyh',345275,412811.92,'zjikp')

statement ok
INSERT INTO tab0 VALUES(946,527923,249816.67,'ttbtd',303192,903198.81,'yruye')

statement ok
INSERT INTO tab0 VALUES(947,26763,309967.51,'bopnv',811737,759643.4,'aqsbc')

statement ok
INSERT INTO tab0 VALUES(948,376342,351593.31,'hrnwx',516540,576782.24,'demvp')

statement ok
INSERT INTO tab0 VALUES(949,203643,25024.52,'wlrhd',307189,216857.22,'pzzfx')

statement ok
INSERT INTO tab0 VALUES(950,942291,560638.86,'mruid',442565,434600.14,'tpnjx')

statement ok
INSERT INTO tab0 VALUES(951,957550,393859.41,'nnjsz',675598,502410.59,'rsgrx')

statement ok
INSERT INTO tab0 VALUES(952,671325,790222.81,'avyla',378387,835235.71,'paytb')

statement ok
INSERT INTO tab0 VALUES(953,687133,470367.28,'zbaxg',667205,615600.37,'tqmuc')

statement ok
INSERT INTO tab0 VALUES(954,915191,234985.83,'epqda',527404,418640.26,'xxoqz')

statement ok
INSERT INTO tab0 VALUES(955,697326,589813.36,'tuvss',938507,836975.99,'wwjtm')

statement ok
INSERT INTO tab0 VALUES(956,932006,370727.76,'tymbk',999206,105895.28,'kdbmt')

statement ok
INSERT INTO tab0 VALUES(957,199340,368621.6,'wutni',52276,728240.1,'oblfc')

statement ok
INSERT INTO tab0 VALUES(958,886047,954498.56,'aeumr',809661,99456.41,'mztjk')

statement ok
INSERT INTO tab0 VALUES(959,310577,704499.94,'xokmb',477478,132476.15,'yezpy')

statement ok
INSERT INTO tab0 VALUES(960,847900,24688.37,'vyqjf',880920,882904.46,'zdvzz')

statement ok
INSERT INTO tab0 VALUES(961,54718,776397.70,'abjjt',589355,173919.29,'opbzf')

statement ok
INSERT INTO tab0 VALUES(962,794342,900848.49,'olyho',41320,221191.38,'gsgsp')

statement ok
INSERT INTO tab0 VALUES(963,361694,44525.22,'vpxom',669403,258056.45,'qembx')

statement ok
INSERT INTO tab0 VALUES(964,608428,183808.36,'edkmd',25482,160430.28,'gguqk')

statement ok
INSERT INTO tab0 VALUES(965,67718,250335.52,'nxaeh',905395,71716.84,'wayeh')

statement ok
INSERT INTO tab0 VALUES(966,79467,755645.58,'aajvo',474273,28015.42,'joyko')

statement ok
INSERT INTO tab0 VALUES(967,915192,416534.78,'tcqxd',391326,582885.79,'jwujm')

statement ok
INSERT INTO tab0 VALUES(968,903045,779693.91,'dkezi',934844,432586.24,'rbzkh')

statement ok
INSERT INTO tab0 VALUES(969,552825,847076.35,'uthde',127380,40832.80,'zqgis')

statement ok
INSERT INTO tab0 VALUES(970,680938,700561.27,'zatbc',860534,264007.31,'pkapu')

statement ok
INSERT INTO tab0 VALUES(971,535522,127166.72,'kvlzm',20111,976074.55,'xuhjg')

statement ok
INSERT INTO tab0 VALUES(972,921234,244018.74,'payzl',610992,693481.37,'etyri')

statement ok
INSERT INTO tab0 VALUES(973,324462,123260.53,'wqgbg',882232,200378.84,'adqmi')

statement ok
INSERT INTO tab0 VALUES(974,38177,417175.54,'pzhhc',452056,173400.31,'bqiyf')

statement ok
INSERT INTO tab0 VALUES(975,287078,983093.60,'byruq',432769,806762.63,'pzwih')

statement ok
INSERT INTO tab0 VALUES(976,352386,508392.6,'awedr',555847,437347.19,'gaqju')

statement ok
INSERT INTO tab0 VALUES(977,697082,135559.89,'hymeu',296905,169494.7,'nxgfm')

statement ok
INSERT INTO tab0 VALUES(978,90667,87188.83,'mbsjy',732,500244.20,'mfcpj')

statement ok
INSERT INTO tab0 VALUES(979,734375,290893.51,'meevb',6195,944091.43,'gzybh')

statement ok
INSERT INTO tab0 VALUES(980,386016,4455.56,'eivmr',771362,658233.70,'vzryk')

statement ok
INSERT INTO tab0 VALUES(981,485137,440582.75,'brbep',998382,67352.15,'qruob')

statement ok
INSERT INTO tab0 VALUES(982,277801,392211.10,'uvfrp',758575,488708.23,'bmcif')

statement ok
INSERT INTO tab0 VALUES(983,941833,857299.3,'yugcv',617431,757232.83,'evkxg')

statement ok
INSERT INTO tab0 VALUES(984,711579,663848.45,'nejsp',759490,850341.44,'ihzhj')

statement ok
INSERT INTO tab0 VALUES(985,3112,94970.94,'riphz',113586,513061.22,'wsibi')

statement ok
INSERT INTO tab0 VALUES(986,539093,513885.80,'ejncl',477508,882965.17,'mjqeg')

statement ok
INSERT INTO tab0 VALUES(987,473907,988861.23,'fmubm',643341,115295.23,'fbrpv')

statement ok
INSERT INTO tab0 VALUES(988,518463,918212.45,'yvtxc',522216,7781.41,'tdewk')

statement ok
INSERT INTO tab0 VALUES(989,65399,655395.80,'dvfhr',269470,625762.92,'hwotg')

statement ok
INSERT INTO tab0 VALUES(990,313995,133880.88,'siwyl',409484,927124.30,'zimyk')

statement ok
INSERT INTO tab0 VALUES(991,395050,492279.70,'nlcrb',960937,387420.52,'rrrld')

statement ok
INSERT INTO tab0 VALUES(992,496185,699218.74,'ubmrj',561462,624694.14,'megpu')

statement ok
INSERT INTO tab0 VALUES(993,986541,178436.15,'yslla',592987,24597.40,'mjpfc')

statement ok
INSERT INTO tab0 VALUES(994,541900,433807.81,'csydy',306488,365356.38,'ffxse')

statement ok
INSERT INTO tab0 VALUES(995,269744,674133.52,'qlamc',947113,442779.9,'jfsgu')

statement ok
INSERT INTO tab0 VALUES(996,834167,438476.5,'zhlcc',879180,695220.64,'nnswf')

statement ok
INSERT INTO tab0 VALUES(997,580902,220794.33,'exjku',711090,828704.29,'ozdmu')

statement ok
INSERT INTO tab0 VALUES(998,662322,95306.54,'kfyzx',420440,441741.68,'kmrfo')

statement ok
INSERT INTO tab0 VALUES(999,162414,341156.26,'urwlr',478912,650451.84,'rtujv')

statement ok
CREATE TABLE tab1(pk INTEGER PRIMARY KEY, col0 INTEGER, col1 FLOAT, col2 TEXT, col3 INTEGER, col4 FLOAT, col5 TEXT)

# Datafusion - DataFusion error: This feature is not implemented: Unsupported logical plan: CreateIndex
skipif Datafusion
statement ok
CREATE INDEX idx_tab1_0 on tab1 (col0)

# Datafusion - DataFusion error: This feature is not implemented: Unsupported logical plan: CreateIndex
skipif Datafusion
statement ok
CREATE INDEX idx_tab1_1 on tab1 (col1)

# Datafusion - DataFusion error: This feature is not implemented: Unsupported logical plan: CreateIndex
skipif Datafusion
statement ok
CREATE INDEX idx_tab1_3 on tab1 (col3)

# Datafusion - DataFusion error: This feature is not implemented: Unsupported logical plan: CreateIndex
skipif Datafusion
statement ok
CREATE INDEX idx_tab1_4 on tab1 (col4)

statement ok
INSERT INTO tab1 SELECT * FROM tab0

statement ok
CREATE TABLE tab2(pk INTEGER PRIMARY KEY, col0 INTEGER, col1 FLOAT, col2 TEXT, col3 INTEGER, col4 FLOAT, col5 TEXT)

# Datafusion - DataFusion error: This feature is not implemented: Unsupported logical plan: CreateIndex
skipif Datafusion
statement ok
CREATE UNIQUE INDEX idx_tab2_0 ON tab2 (col0 DESC,col1,col4)

# Datafusion - DataFusion error: This feature is not implemented: Unsupported logical plan: CreateIndex
skipif Datafusion
statement ok
CREATE UNIQUE INDEX idx_tab2_1 ON tab2 (col3 DESC)

# Datafusion - DataFusion error: This feature is not implemented: Unsupported logical plan: CreateIndex
skipif Datafusion
statement ok
CREATE UNIQUE INDEX idx_tab2_2 ON tab2 (col1 DESC)

# Datafusion - DataFusion error: This feature is not implemented: Unsupported logical plan: CreateIndex
skipif Datafusion
statement ok
CREATE INDEX idx_tab2_3 ON tab2 (col4)

statement ok
INSERT INTO tab2 SELECT * FROM tab0

statement ok
CREATE TABLE tab3(pk INTEGER PRIMARY KEY, col0 INTEGER, col1 FLOAT, col2 TEXT, col3 INTEGER, col4 FLOAT, col5 TEXT)

# Datafusion - DataFusion error: This feature is not implemented: Unsupported logical plan: CreateIndex
skipif Datafusion
statement ok
CREATE UNIQUE INDEX idx_tab3_0 ON tab3 (col0 DESC,col3 DESC)

# Datafusion - DataFusion error: This feature is not implemented: Unsupported logical plan: CreateIndex
skipif Datafusion
statement ok
CREATE INDEX idx_tab3_1 ON tab3 (col3,col0,col1 DESC)

# Datafusion - DataFusion error: This feature is not implemented: Unsupported logical plan: CreateIndex
skipif Datafusion
statement ok
CREATE UNIQUE INDEX idx_tab3_3 ON tab3 (col1 DESC,col3 DESC)

# Datafusion - DataFusion error: This feature is not implemented: Unsupported logical plan: CreateIndex
skipif Datafusion
statement ok
CREATE INDEX idx_tab3_5 ON tab3 (col4,col1)

statement ok
INSERT INTO tab3 SELECT * FROM tab0

statement ok
CREATE TABLE tab4(pk INTEGER PRIMARY KEY, col0 INTEGER, col1 FLOAT, col2 TEXT, col3 INTEGER, col4 FLOAT, col5 TEXT)

# Datafusion - DataFusion error: This feature is not implemented: Unsupported logical plan: CreateIndex
skipif Datafusion
statement ok
CREATE UNIQUE INDEX idx_tab4_1 ON tab4 (col4 DESC)

# Datafusion - DataFusion error: This feature is not implemented: Unsupported logical plan: CreateIndex
skipif Datafusion
statement ok
CREATE INDEX idx_tab4_2 ON tab4 (col1,col0)

statement ok
INSERT INTO tab4 SELECT * FROM tab0

# Datafusion - Types were automatically converted from:
# Datafusion - [Expected] III[I][I][I][I]
# Datafusion - [Actual  ] II[R][T]I[R][T]
query IIRTIRT rowsort label-0
SELECT * FROM tab0 WHERE NOT col3 IS NOT NULL
----

# Datafusion - Types were automatically converted from:
# Datafusion - [Expected] III[I][I][I][I]
# Datafusion - [Actual  ] II[R][T]I[R][T]
query IIRTIRT rowsort label-0
SELECT * FROM tab1 WHERE NOT col3 IS NOT NULL
----

# Datafusion - Types were automatically converted from:
# Datafusion - [Expected] III[I][I][I][I]
# Datafusion - [Actual  ] II[R][T]I[R][T]
query IIRTIRT rowsort label-0
SELECT * FROM tab2 WHERE NOT col3 IS NOT NULL
----

# Datafusion - Types were automatically converted from:
# Datafusion - [Expected] III[I][I][I][I]
# Datafusion - [Actual  ] II[R][T]I[R][T]
query IIRTIRT rowsort label-0
SELECT * FROM tab3 WHERE NOT col3 IS NOT NULL
----

# Datafusion - Types were automatically converted from:
# Datafusion - [Expected] III[I][I][I][I]
# Datafusion - [Actual  ] II[R][T]I[R][T]
query IIRTIRT rowsort label-0
SELECT * FROM tab4 WHERE NOT col3 IS NOT NULL
----

# Datafusion - Types were automatically converted from:
# Datafusion - [Expected] III[I][I][I][I]
# Datafusion - [Actual  ] II[R][T]I[R][T]
query IIRTIRT rowsort label-5
SELECT * FROM tab0 AS cor0 WHERE NULL >= NULL
----

# Datafusion - Types were automatically converted from:
# Datafusion - [Expected] III[I][I][I][I]
# Datafusion - [Actual  ] II[R][T]I[R][T]
query IIRTIRT rowsort label-5
SELECT * FROM tab1 AS cor0 WHERE NULL >= NULL
----

# Datafusion - Types were automatically converted from:
# Datafusion - [Expected] III[I][I][I][I]
# Datafusion - [Actual  ] II[R][T]I[R][T]
query IIRTIRT rowsort label-5
SELECT * FROM tab2 AS cor0 WHERE NULL >= NULL
----

# Datafusion - Types were automatically converted from:
# Datafusion - [Expected] III[I][I][I][I]
# Datafusion - [Actual  ] II[R][T]I[R][T]
query IIRTIRT rowsort label-5
SELECT * FROM tab3 AS cor0 WHERE NULL >= NULL
----

# Datafusion - Types were automatically converted from:
# Datafusion - [Expected] III[I][I][I][I]
# Datafusion - [Actual  ] II[R][T]I[R][T]
query IIRTIRT rowsort label-5
SELECT * FROM tab4 AS cor0 WHERE NULL >= NULL
----
