hash-threshold 8
control resultmode valuewise

statement ok
CREATE TABLE tab0(pk INTEGER PRIMARY KEY, col0 INTEGER, col1 FLOAT, col2 TEXT, col3 INTEGER, col4 FLOAT, col5 TEXT)

statement ok
INSERT INTO tab0 VALUES(0,236572,197357.41,'wnbwf',571594,528961.17,'zwfgl')

statement ok
INSERT INTO tab0 VALUES(1,596282,352203.91,'mgcvo',586425,827972.16,'qiyuq')

statement ok
INSERT INTO tab0 VALUES(2,139282,277893.63,'iemgo',630493,813262.26,'xoast')

statement ok
INSERT INTO tab0 VALUES(3,796173,588989.51,'fvsdc',440002,682373.68,'vibmu')

statement ok
INSERT INTO tab0 VALUES(4,265106,597229.41,'hvodm',831298,392578.31,'kxfvm')

statement ok
INSERT INTO tab0 VALUES(5,636840,436706.69,'bsoch',325744,785980.41,'nqior')

statement ok
INSERT INTO tab0 VALUES(6,19622,188751.90,'oixru',774841,714385.22,'cpbci')

statement ok
INSERT INTO tab0 VALUES(7,164398,6958.35,'mqryx',985107,164398.54,'kgxco')

statement ok
INSERT INTO tab0 VALUES(8,89569,242187.77,'ihyai',343200,382415.42,'wbmcy')

statement ok
INSERT INTO tab0 VALUES(9,706207,567565.94,'lduts',440795,999542.75,'pbmdn')

statement ok
INSERT INTO tab0 VALUES(10,442962,103485.25,'fcrht',699707,156707.89,'cnzjx')

statement ok
INSERT INTO tab0 VALUES(11,870971,542602.43,'fnguj',996765,629547.30,'rqlsm')

statement ok
INSERT INTO tab0 VALUES(12,329071,274841.8,'gztus',288940,953521.14,'mawnp')

statement ok
INSERT INTO tab0 VALUES(13,548553,512390.34,'nwafl',238220,548797.94,'okwal')

statement ok
INSERT INTO tab0 VALUES(14,278411,414703.52,'vxosr',836730,845367.18,'ehxel')

statement ok
INSERT INTO tab0 VALUES(15,910095,213470.71,'nauji',31646,407928.97,'rnkde')

statement ok
INSERT INTO tab0 VALUES(16,102752,337738.40,'uqbjc',350189,60974.60,'tyszr')

statement ok
INSERT INTO tab0 VALUES(17,407989,538726.11,'tpwnm',524688,13793.22,'ralgk')

statement ok
INSERT INTO tab0 VALUES(18,895111,14923.3,'lrxag',117584,985412.47,'fjlql')

statement ok
INSERT INTO tab0 VALUES(19,775878,537170.63,'ccgzd',146331,329589.6,'vozps')

statement ok
INSERT INTO tab0 VALUES(20,29754,573455.29,'ijkbj',708526,159881.44,'wqxxx')

statement ok
INSERT INTO tab0 VALUES(21,28686,414154.92,'zrndm',606811,474639.38,'rssks')

statement ok
INSERT INTO tab0 VALUES(22,162200,296783.59,'otmwp',973876,281921.64,'orqmz')

statement ok
INSERT INTO tab0 VALUES(23,462493,531219.14,'diaio',897521,724609.59,'euyxu')

statement ok
INSERT INTO tab0 VALUES(24,229248,624603.85,'ouvtz',45654,205291.79,'kgufo')

statement ok
INSERT INTO tab0 VALUES(25,654724,406250.99,'rvral',291229,511383.65,'swqlh')

statement ok
INSERT INTO tab0 VALUES(26,448852,152832.53,'gcqgm',337249,940002.8,'atewm')

statement ok
INSERT INTO tab0 VALUES(27,464050,713256.70,'ftbqy',341857,423065.6,'cvmjm')

statement ok
INSERT INTO tab0 VALUES(28,320312,633697.63,'vcwuy',543212,652282.28,'lmgik')

statement ok
INSERT INTO tab0 VALUES(29,30303,282592.1,'sjmry',884582,204071.81,'ohtam')

statement ok
INSERT INTO tab0 VALUES(30,624176,975646.67,'abcxb',639343,664672.67,'andlz')

statement ok
INSERT INTO tab0 VALUES(31,774688,100830.23,'ovuqc',35919,755065.47,'qtktl')

statement ok
INSERT INTO tab0 VALUES(32,422149,243377.71,'wyobp',882781,455932.6,'oqqds')

statement ok
INSERT INTO tab0 VALUES(33,399536,310791.17,'napbb',193542,132873.12,'kjacf')

statement ok
INSERT INTO tab0 VALUES(34,57312,657836.34,'xofvb',811828,661071.80,'ildjz')

statement ok
INSERT INTO tab0 VALUES(35,888549,211547.20,'uqcni',36407,550628.35,'gdxkt')

statement ok
INSERT INTO tab0 VALUES(36,153900,596191.67,'amnvx',246063,71350.75,'xiube')

statement ok
INSERT INTO tab0 VALUES(37,506591,258392.18,'zdfqi',524719,377777.32,'zwyfv')

statement ok
INSERT INTO tab0 VALUES(38,617401,591949.35,'matrp',286315,634246.34,'imhhm')

statement ok
INSERT INTO tab0 VALUES(39,799774,62927.54,'bsmbl',899932,139892.70,'wcsbc')

statement ok
INSERT INTO tab0 VALUES(40,634643,334747.56,'aitaj',314666,453582.50,'aubbb')

statement ok
INSERT INTO tab0 VALUES(41,595550,392974.23,'mkalw',684753,518920.69,'nellf')

statement ok
INSERT INTO tab0 VALUES(42,673614,670562.3,'siank',994445,789306.70,'vcflz')

statement ok
INSERT INTO tab0 VALUES(43,2532,172607.72,'batmt',683135,352935.3,'afbap')

statement ok
INSERT INTO tab0 VALUES(44,483581,601593.98,'druyw',270233,57708.93,'aujne')

statement ok
INSERT INTO tab0 VALUES(45,410614,482147.2,'adexe',980285,636352.98,'tdcis')

statement ok
INSERT INTO tab0 VALUES(46,95062,286254.20,'fvvar',367889,831298.74,'fgzlm')

statement ok
INSERT INTO tab0 VALUES(47,490936,558135.66,'ydlmc',942687,519775.35,'qosbw')

statement ok
INSERT INTO tab0 VALUES(48,819824,39276.98,'fdsnv',794433,838806.18,'nmbir')

statement ok
INSERT INTO tab0 VALUES(49,195892,793457.74,'xdjaj',217987,310150.46,'wavwg')

statement ok
INSERT INTO tab0 VALUES(50,250885,331634.18,'ynmfd',338226,965301.86,'ikglm')

statement ok
INSERT INTO tab0 VALUES(51,759124,737121.83,'jclit',735168,470550.17,'etxna')

statement ok
INSERT INTO tab0 VALUES(52,262512,790466.15,'mwaag',68878,251983.89,'pqyyk')

statement ok
INSERT INTO tab0 VALUES(53,695526,94482.9,'crtgz',704467,620391.87,'qtdre')

statement ok
INSERT INTO tab0 VALUES(54,10223,199218.79,'lsutw',337158,896392.94,'noddz')

statement ok
INSERT INTO tab0 VALUES(55,801269,727081.17,'ljdsp',617279,535308.50,'rvjdr')

statement ok
INSERT INTO tab0 VALUES(56,930816,497650.55,'unvjn',775207,252288.19,'vklho')

statement ok
INSERT INTO tab0 VALUES(57,153686,652801.27,'amapc',246368,147186.49,'fpbsj')

statement ok
INSERT INTO tab0 VALUES(58,742248,781677.37,'vjztr',296295,829650.36,'pdfsm')

statement ok
INSERT INTO tab0 VALUES(59,111450,45654.12,'xamxw',645629,544128.84,'nliga')

statement ok
INSERT INTO tab0 VALUES(60,443847,303466.75,'igrwq',95062,294799.71,'injty')

statement ok
INSERT INTO tab0 VALUES(61,314483,235992.98,'ovhog',150329,970581.7,'ilzpg')

statement ok
INSERT INTO tab0 VALUES(62,316070,471496.72,'nwytr',647308,470184.2,'ycpua')

statement ok
INSERT INTO tab0 VALUES(63,683868,710388.64,'woxpl',376892,827117.22,'tpnqp')

statement ok
INSERT INTO tab0 VALUES(64,920745,850463.83,'ytokz',710113,334594.59,'sedgt')

statement ok
INSERT INTO tab0 VALUES(65,422058,111663.42,'coibo',223022,670654.87,'gqzhp')

statement ok
INSERT INTO tab0 VALUES(66,100830,161285.17,'pdxwp',321777,23040.28,'jxxob')

statement ok
INSERT INTO tab0 VALUES(67,12634,238891.17,'zaiap',867675,214324.14,'uzeop')

statement ok
INSERT INTO tab0 VALUES(68,980651,281219.36,'xcbhm',801940,826782.47,'bdoet')

statement ok
INSERT INTO tab0 VALUES(69,220550,47363.27,'oxgqn',771057,327484.66,'rymkx')

statement ok
INSERT INTO tab0 VALUES(70,965698,243652.55,'qnstp',751403,193298.5,'hohrp')

statement ok
INSERT INTO tab0 VALUES(71,91918,648681.65,'kydye',674621,35827.60,'qpbvq')

statement ok
INSERT INTO tab0 VALUES(72,742706,238311.42,'zzflq',52246,726409.47,'ypanf')

statement ok
INSERT INTO tab0 VALUES(73,954132,310668.75,'jrseg',601074,521179.68,'vtnxy')

statement ok
INSERT INTO tab0 VALUES(74,279754,611145.18,'pyqmj',867828,186065.70,'lnhhd')

statement ok
INSERT INTO tab0 VALUES(75,415832,457397.54,'viiom',854370,121704.13,'tcjtv')

statement ok
INSERT INTO tab0 VALUES(76,826080,864349.57,'moqej',642669,488555.24,'ngjqw')

statement ok
INSERT INTO tab0 VALUES(77,366912,669189.54,'lbygi',19714,331787.71,'kyoke')

statement ok
INSERT INTO tab0 VALUES(78,912200,656372.87,'bumrd',102630,706359.13,'hrbds')

statement ok
INSERT INTO tab0 VALUES(79,978515,682586.78,'jsgph',963562,802032.72,'dnwcu')

statement ok
INSERT INTO tab0 VALUES(80,349884,801879.89,'elgic',254791,68298.91,'iizlz')

statement ok
INSERT INTO tab0 VALUES(81,703033,390472.84,'eypvt',833648,339385.99,'rtpxk')

statement ok
INSERT INTO tab0 VALUES(82,232147,271850.95,'baoko',387512,959320.70,'ppfhv')

statement ok
INSERT INTO tab0 VALUES(83,274108,841857.82,'tdxhz',58868,906921.89,'fludr')

statement ok
INSERT INTO tab0 VALUES(84,933258,193481.94,'jvsgt',70312,920745.11,'moskh')

statement ok
INSERT INTO tab0 VALUES(85,706634,242095.35,'lnvid',349487,624053.30,'hcczb')

statement ok
INSERT INTO tab0 VALUES(86,108764,850219.25,'czrhv',154083,650024.31,'sdwml')

statement ok
INSERT INTO tab0 VALUES(87,296752,952728.61,'bcqji',696899,766418.64,'yawsb')

statement ok
INSERT INTO tab0 VALUES(88,695373,681762.81,'ujbwv',770843,915.99,'ocxjc')

statement ok
INSERT INTO tab0 VALUES(89,621887,491638.28,'spiun',373870,765899.88,'ohbqa')

statement ok
INSERT INTO tab0 VALUES(90,911132,284027.8,'gpclq',333984,983489.35,'nwpwb')

statement ok
INSERT INTO tab0 VALUES(91,540618,532836.59,'zplbq',934295,210632.50,'wuice')

statement ok
INSERT INTO tab0 VALUES(92,255340,409240.6,'tdulf',538024,763977.16,'rrluc')

statement ok
INSERT INTO tab0 VALUES(93,192871,906677.30,'vlgqm',213439,844970.51,'ceylq')

statement ok
INSERT INTO tab0 VALUES(94,508453,965850.27,'agqlf',358856,664855.69,'jrobs')

statement ok
INSERT INTO tab0 VALUES(95,999816,599731.71,'rgrct',327728,569580.46,'xwxbn')

statement ok
INSERT INTO tab0 VALUES(96,732299,18554.77,'bwzxi',53527,164916.77,'lospn')

statement ok
INSERT INTO tab0 VALUES(97,663787,754821.63,'gwhxc',674865,441345.43,'fcuku')

statement ok
INSERT INTO tab0 VALUES(98,269836,788299.14,'kvqke',160369,899169.73,'baiix')

statement ok
INSERT INTO tab0 VALUES(99,168487,671020.42,'uzhsz',933807,673400.4,'nvwxh')

statement ok
INSERT INTO tab0 VALUES(100,745391,652252.51,'zreoe',498962,658843.45,'xknef')

statement ok
INSERT INTO tab0 VALUES(101,778778,803619.96,'wcpbx',64758,635101.42,'pwbcw')

statement ok
INSERT INTO tab0 VALUES(102,64453,143920.51,'auuzt',170135,391510.34,'zxafq')

statement ok
INSERT INTO tab0 VALUES(103,40802,764221.67,'nktpd',309173,852142.24,'styld')

statement ok
INSERT INTO tab0 VALUES(104,413757,952941.34,'hgkhe',555969,200866.34,'smhmi')

statement ok
INSERT INTO tab0 VALUES(105,781921,320648.49,'cxxay',189758,6347.72,'mvsns')

statement ok
INSERT INTO tab0 VALUES(106,261383,925292.71,'vzneq',319793,346954.92,'yuhzj')

statement ok
INSERT INTO tab0 VALUES(107,110839,396972.90,'mmxan',510467,935882.59,'yfiyd')

statement ok
INSERT INTO tab0 VALUES(108,356567,63171.85,'grhkg',406188,246032.8,'ykuws')

statement ok
INSERT INTO tab0 VALUES(109,417419,73516.91,'vqiiw',356506,635131.10,'ovhhu')

statement ok
INSERT INTO tab0 VALUES(110,729827,524993.55,'lvnra',40985,470611.35,'iqege')

statement ok
INSERT INTO tab0 VALUES(111,372802,586822.6,'vtgsy',94329,254730.7,'eiuey')

statement ok
INSERT INTO tab0 VALUES(112,692932,625488.11,'squuv',731292,749450.79,'emmhn')

statement ok
INSERT INTO tab0 VALUES(113,929382,329772.42,'nzoyr',371673,101531.83,'bfsjw')

statement ok
INSERT INTO tab0 VALUES(114,838897,835632.36,'ufeoo',265380,967529.0,'zwjfm')

statement ok
INSERT INTO tab0 VALUES(115,320800,851379.59,'ggrxt',117431,638732.22,'wrpmr')

statement ok
INSERT INTO tab0 VALUES(116,42022,782562.68,'whmux',712890,166137.11,'nkefp')

statement ok
INSERT INTO tab0 VALUES(117,61981,856994.72,'zgtjy',541870,485656.65,'sunij')

statement ok
INSERT INTO tab0 VALUES(118,457763,249725.96,'mnfkm',424591,542785.77,'emxni')

statement ok
INSERT INTO tab0 VALUES(119,949005,208160.45,'xnoht',136383,417968.3,'ajkqy')

statement ok
INSERT INTO tab0 VALUES(120,522918,176879.64,'phlhv',32623,451232.18,'pjflc')

statement ok
INSERT INTO tab0 VALUES(121,59295,922760.0,'sgpns',673736,367523.82,'syrff')

statement ok
INSERT INTO tab0 VALUES(122,955505,659942.68,'nszjl',450256,401489.5,'wylif')

statement ok
INSERT INTO tab0 VALUES(123,751525,174804.9,'lnxcg',207824,422515.1,'cynxx')

statement ok
INSERT INTO tab0 VALUES(124,754821,951080.57,'ctfpq',872131,59783.63,'lbnmw')

statement ok
INSERT INTO tab0 VALUES(125,665527,294647.97,'pfhyp',73913,827270.12,'vmros')

statement ok
INSERT INTO tab0 VALUES(126,201324,458770.33,'mdgar',774047,248687.70,'hfbhd')

statement ok
INSERT INTO tab0 VALUES(127,722503,768859.44,'awcca',888427,982452.19,'bnqce')

statement ok
INSERT INTO tab0 VALUES(128,856842,747711.52,'fjvps',913055,946899.59,'stjfc')

statement ok
INSERT INTO tab0 VALUES(129,124786,240264.82,'axmpq',549072,444946.79,'htmkt')

statement ok
INSERT INTO tab0 VALUES(130,564331,538818.24,'isilv',327545,289459.13,'ktkqq')

statement ok
INSERT INTO tab0 VALUES(131,356079,507934.96,'hncml',234802,927886.5,'ksamw')

statement ok
INSERT INTO tab0 VALUES(132,448120,709350.9,'fgvqz',337066,567596.71,'lcsbo')

statement ok
INSERT INTO tab0 VALUES(133,181213,527160.25,'xqixk',405792,300659.60,'tppit')

statement ok
INSERT INTO tab0 VALUES(134,913696,292694.23,'qvahc',542449,228881.22,'lnozq')

statement ok
INSERT INTO tab0 VALUES(135,646392,409545.59,'kagah',803588,588867.62,'bnjxq')

statement ok
INSERT INTO tab0 VALUES(136,647827,478576.33,'wchny',825775,877014.11,'hjwxm')

statement ok
INSERT INTO tab0 VALUES(137,78979,422912.45,'reoyy',450805,974426.81,'liaho')

statement ok
INSERT INTO tab0 VALUES(138,618530,612945.62,'lkqpf',350372,272033.35,'iyems')

statement ok
INSERT INTO tab0 VALUES(139,87615,991333.79,'aloxx',651428,795471.41,'mqzpo')

statement ok
INSERT INTO tab0 VALUES(140,75042,197998.83,'latrm',560852,330200.43,'igsgr')

statement ok
INSERT INTO tab0 VALUES(141,562194,695129.12,'fvhcv',990661,546386.18,'dvgxo')

statement ok
INSERT INTO tab0 VALUES(142,547943,892181.23,'gwybi',182983,124023.40,'kbivu')

statement ok
INSERT INTO tab0 VALUES(143,673858,270843.49,'ifkwc',334960,877807.42,'sboki')

statement ok
INSERT INTO tab0 VALUES(144,848968,510162.64,'trgyb',223876,882263.81,'dyoxi')

statement ok
INSERT INTO tab0 VALUES(145,875000,611358.47,'xhfkc',832061,596588.96,'ajffp')

statement ok
INSERT INTO tab0 VALUES(146,71166,22918.40,'dagrc',971893,989898.76,'mhqem')

statement ok
INSERT INTO tab0 VALUES(147,899261,765686.15,'ylsdd',910858,665924.16,'flhoa')

statement ok
INSERT INTO tab0 VALUES(148,588745,557647.36,'cfiqq',996551,988220.87,'ueijg')

statement ok
INSERT INTO tab0 VALUES(149,761535,939178.18,'txnik',281585,205139.92,'vvlrc')

statement ok
INSERT INTO tab0 VALUES(150,57250,397796.93,'pjkdu',148712,574737.31,'xoefr')

statement ok
INSERT INTO tab0 VALUES(151,757995,493377.71,'bqxlx',935729,489898.65,'wwzwh')

statement ok
INSERT INTO tab0 VALUES(152,413452,983062.4,'fibqp',560485,603210.76,'yejnq')

statement ok
INSERT INTO tab0 VALUES(153,465972,946166.45,'bkwws',145965,952087.32,'toylx')

statement ok
INSERT INTO tab0 VALUES(154,875396,909362.15,'stpnb',645172,83648.45,'okqcy')

statement ok
INSERT INTO tab0 VALUES(155,744140,971557.62,'iuyar',466217,179809.40,'gwwrg')

statement ok
INSERT INTO tab0 VALUES(156,942291,928924.26,'jczhy',97320,182281.11,'rpnuh')

statement ok
INSERT INTO tab0 VALUES(157,732421,399902.99,'ucllq',731750,917480.91,'okdzl')

statement ok
INSERT INTO tab0 VALUES(158,394683,950195.89,'yotkb',892822,221649.5,'ttclg')

statement ok
INSERT INTO tab0 VALUES(159,851898,217773.83,'wlfpg',58990,65765.40,'hpqsn')

statement ok
INSERT INTO tab0 VALUES(160,294372,37872.9,'lfdlb',288726,680511.6,'osdbk')

statement ok
INSERT INTO tab0 VALUES(161,805023,567993.98,'iswcf',845642,681488.96,'lqbin')

statement ok
INSERT INTO tab0 VALUES(162,984344,412902.46,'jtbyn',823364,193878.50,'icdnd')

statement ok
INSERT INTO tab0 VALUES(163,575378,749633.79,'kqqka',770629,977783.18,'kpohg')

statement ok
INSERT INTO tab0 VALUES(164,88836,452453.11,'qucmy',316314,553009.23,'rgduu')

statement ok
INSERT INTO tab0 VALUES(165,427917,217987.13,'qpkgb',794219,324096.22,'ceebo')

statement ok
INSERT INTO tab0 VALUES(166,513427,690032.69,'nskrq',868408,705383.68,'riwxo')

statement ok
INSERT INTO tab0 VALUES(167,908752,584655.43,'awrer',157836,246002.74,'rzjfb')

statement ok
INSERT INTO tab0 VALUES(168,444854,815277.39,'towfz',861724,754821.77,'riuwr')

statement ok
INSERT INTO tab0 VALUES(169,845275,617462.64,'bmrxe',384216,425445.96,'uhmfk')

statement ok
INSERT INTO tab0 VALUES(170,351135,674163.91,'khatc',959594,961273.98,'pzyub')

statement ok
INSERT INTO tab0 VALUES(171,346130,240478.22,'lffdq',277252,700500.60,'mihtc')

statement ok
INSERT INTO tab0 VALUES(172,981536,268890.49,'bpbac',106597,741027.30,'qtbsu')

statement ok
INSERT INTO tab0 VALUES(173,801208,534027.19,'nqwoe',922180,65582.93,'fwlim')

statement ok
INSERT INTO tab0 VALUES(174,366577,757873.92,'pyttb',528564,666595.28,'lzmvq')

statement ok
INSERT INTO tab0 VALUES(175,881652,734649.9,'vdszr',685455,671295.75,'vscry')

statement ok
INSERT INTO tab0 VALUES(176,818023,455871.50,'joqtv',732604,466705.97,'dsggk')

statement ok
INSERT INTO tab0 VALUES(177,539855,235229.99,'kwpfc',214782,824584.40,'pgclq')

statement ok
INSERT INTO tab0 VALUES(178,928894,833770.6,'cnwvf',506988,26428.97,'cuafu')

statement ok
INSERT INTO tab0 VALUES(179,9460,584777.49,'tsbad',439147,988525.72,'etyis')

statement ok
INSERT INTO tab0 VALUES(180,573455,518798.98,'yqgta',921325,386962.41,'gxfxh')

statement ok
INSERT INTO tab0 VALUES(181,805358,488647.74,'rkdgm',568695,782531.12,'rfwcg')

statement ok
INSERT INTO tab0 VALUES(182,907226,294403.15,'mmemu',326477,745849.94,'wktpm')

statement ok
INSERT INTO tab0 VALUES(183,723693,808380.38,'llrwu',94940,982238.52,'nmqmc')

statement ok
INSERT INTO tab0 VALUES(184,366973,100250.0,'plwxd',354461,456848.75,'qnipr')

statement ok
INSERT INTO tab0 VALUES(185,841888,561859.62,'sbctl',790527,519531.36,'qeuie')

statement ok
INSERT INTO tab0 VALUES(186,670745,32348.51,'srzxl',918670,29937.56,'pggeg')

statement ok
INSERT INTO tab0 VALUES(187,518524,923095.20,'oinvy',709472,482513.64,'iokkf')

statement ok
INSERT INTO tab0 VALUES(188,817749,342834.15,'pdbnd',213653,131439.62,'iimsi')

statement ok
INSERT INTO tab0 VALUES(189,393524,222442.35,'lcrdo',186950,115631.87,'gxiqv')

statement ok
INSERT INTO tab0 VALUES(190,88562,440185.96,'jocsk',715209,583801.72,'riqob')

statement ok
INSERT INTO tab0 VALUES(191,388061,946472.89,'gyzqm',839416,819458.11,'nbzxq')

statement ok
INSERT INTO tab0 VALUES(192,44891,889099.48,'skxml',180480,365814.17,'ynzem')

statement ok
INSERT INTO tab0 VALUES(193,704467,738006.12,'ghnkv',564544,150909.92,'rtmdb')

statement ok
INSERT INTO tab0 VALUES(194,529815,410491.82,'nzuxh',647766,612487.81,'xbmym')

statement ok
INSERT INTO tab0 VALUES(195,826446,396118.90,'ehamq',541351,823120.42,'pnohn')

statement ok
INSERT INTO tab0 VALUES(196,667541,881622.58,'fixdz',436645,615081.3,'quskx')

statement ok
INSERT INTO tab0 VALUES(197,518859,876098.62,'bxvaw',230010,705444.26,'rpsjh')

statement ok
INSERT INTO tab0 VALUES(198,863647,335876.92,'pixfj',147949,821075.72,'qkyzm')

statement ok
INSERT INTO tab0 VALUES(199,827850,289550.18,'lxadh',371978,823577.60,'obyin')

statement ok
INSERT INTO tab0 VALUES(200,804870,962982.51,'xpdif',663757,834289.32,'xjbhv')

statement ok
INSERT INTO tab0 VALUES(201,80780,904296.4,'gtgzr',989959,359344.15,'ltahi')

statement ok
INSERT INTO tab0 VALUES(202,459228,108886.58,'torqg',147399,414672.82,'swqwn')

statement ok
INSERT INTO tab0 VALUES(203,886352,144409.18,'uuyus',387939,650909.15,'whiis')

statement ok
INSERT INTO tab0 VALUES(204,75988,275787.85,'ckdkc',43457,478515.70,'xywia')

statement ok
INSERT INTO tab0 VALUES(205,134429,590209.10,'tcatx',151062,192657.36,'tbwnp')

statement ok
INSERT INTO tab0 VALUES(206,185668,122131.61,'kbyvf',77789,98297.0,'nkqgr')

statement ok
INSERT INTO tab0 VALUES(207,996154,978240.85,'imeet',145812,635223.8,'mglbt')

statement ok
INSERT INTO tab0 VALUES(208,600036,462585.67,'nizga',257415,502838.28,'eumjt')

statement ok
INSERT INTO tab0 VALUES(209,923919,201385.99,'zrtho',519897,785461.14,'tvicy')

statement ok
INSERT INTO tab0 VALUES(210,412109,268127.36,'rszxx',870697,77087.64,'wlpik')

statement ok
INSERT INTO tab0 VALUES(211,651367,308654.62,'sarnr',702301,606536.90,'vonvu')

statement ok
INSERT INTO tab0 VALUES(212,996155,665954.54,'nnfez',487243,362365.71,'xnuvs')

statement ok
INSERT INTO tab0 VALUES(213,193420,505401.39,'vupdg',403167,217834.25,'gyunu')

statement ok
INSERT INTO tab0 VALUES(214,7690,939514.62,'bxqlm',957824,56121.64,'czprs')

statement ok
INSERT INTO tab0 VALUES(215,846160,153167.46,'dyvoj',614013,894989.62,'yhjkk')

statement ok
INSERT INTO tab0 VALUES(216,383514,528503.54,'urvcj',414581,12115.12,'pldqg')

statement ok
INSERT INTO tab0 VALUES(217,187011,769836.52,'tfhfz',607482,69885.96,'jsgvz')

statement ok
INSERT INTO tab0 VALUES(218,341583,28839.74,'podor',270782,240417.38,'blgoc')

statement ok
INSERT INTO tab0 VALUES(219,74645,29418.80,'ffpob',937591,330657.75,'hbddt')

statement ok
INSERT INTO tab0 VALUES(220,381195,192749.23,'sylhe',221069,907257.15,'lgkga')

statement ok
INSERT INTO tab0 VALUES(221,648895,762268.7,'ogaaj',439514,421661.1,'xzgpx')

statement ok
INSERT INTO tab0 VALUES(222,282897,928680.52,'vbjvq',241241,335113.73,'cwrpp')

statement ok
INSERT INTO tab0 VALUES(223,330963,954956.60,'dkkeq',229705,243560.30,'uxpsm')

statement ok
INSERT INTO tab0 VALUES(224,108398,301330.69,'aycru',588378,2777.93,'ycxni')

statement ok
INSERT INTO tab0 VALUES(225,823181,750305.22,'tqjol',705841,853240.68,'abtwk')

statement ok
INSERT INTO tab0 VALUES(226,200775,531646.30,'tiojd',800811,545257.9,'cqnyq')

statement ok
INSERT INTO tab0 VALUES(227,109252,447387.30,'oodsj',546936,463836.78,'zlznq')

statement ok
INSERT INTO tab0 VALUES(228,184265,996795.49,'zvhod',698089,753784.9,'gtowx')

statement ok
INSERT INTO tab0 VALUES(229,454010,501495.70,'eqpgv',713165,444732.72,'mwfex')

statement ok
INSERT INTO tab0 VALUES(230,964355,230285.89,'yunvg',381103,575927.34,'jsvhi')

statement ok
INSERT INTO tab0 VALUES(231,403656,524230.84,'qdgvc',445983,321533.20,'tuaiy')

statement ok
INSERT INTO tab0 VALUES(232,727874,921752.70,'khcvs',231933,115386.77,'xlrga')

statement ok
INSERT INTO tab0 VALUES(233,785552,283416.68,'hbicm',268096,776153.40,'mqrnh')

statement ok
INSERT INTO tab0 VALUES(234,942810,917175.62,'kgogt',913848,632202.86,'tqfub')

statement ok
INSERT INTO tab0 VALUES(235,708343,703125.68,'afrud',983489,646728.6,'rnzkl')

statement ok
INSERT INTO tab0 VALUES(236,358428,218750.90,'okcvl',371459,542633.61,'cvebk')

statement ok
INSERT INTO tab0 VALUES(237,561920,863677.86,'zeupb',677307,927642.46,'thonw')

statement ok
INSERT INTO tab0 VALUES(238,5249,984893.31,'sfmhv',830596,419189.55,'phwdx')

statement ok
INSERT INTO tab0 VALUES(239,17425,1617.77,'whuig',716033,769531.39,'qrpnv')

statement ok
INSERT INTO tab0 VALUES(240,195037,530364.16,'gxhkt',798339,990631.74,'idifi')

statement ok
INSERT INTO tab0 VALUES(241,27252,509826.46,'qtptp',747375,479248.18,'ndxdo')

statement ok
INSERT INTO tab0 VALUES(242,520812,326049.28,'wnpzc',63049,141937.77,'tfilj')

statement ok
INSERT INTO tab0 VALUES(243,825042,937316.54,'vlprv',700317,519989.69,'dwbaf')

statement ok
INSERT INTO tab0 VALUES(244,856843,999176.5,'sxgxp',694244,914398.79,'tccdo')

statement ok
INSERT INTO tab0 VALUES(245,925689,989440.15,'fbyzr',785003,511077.30,'nzezt')

statement ok
INSERT INTO tab0 VALUES(246,358642,333190.35,'kprzv',42816,505523.43,'ohslk')

statement ok
INSERT INTO tab0 VALUES(247,125366,527740.95,'bdknq',492950,228179.96,'efcrf')

statement ok
INSERT INTO tab0 VALUES(248,463012,267761.64,'uaaek',740783,269073.90,'xyush')

statement ok
INSERT INTO tab0 VALUES(249,501403,570098.14,'bxmgh',596801,603149.10,'yfjai')

statement ok
INSERT INTO tab0 VALUES(250,887908,898895.85,'iibkr',701538,715057.90,'xargo')

statement ok
INSERT INTO tab0 VALUES(251,412475,290527.45,'gkgda',150573,724182.72,'dhaux')

statement ok
INSERT INTO tab0 VALUES(252,632659,478729.50,'tlepc',119628,509704.70,'zihki')

statement ok
INSERT INTO tab0 VALUES(253,498504,19378.13,'dnldc',489440,835601.33,'nqywq')

statement ok
INSERT INTO tab0 VALUES(254,977722,415740.60,'gdmvv',470855,475585.7,'bjhou')

statement ok
INSERT INTO tab0 VALUES(255,680572,243225.97,'ovmgt',229827,338073.98,'cenda')

statement ok
INSERT INTO tab0 VALUES(256,484924,274627.71,'jvsad',512359,591400.33,'mnxcx')

statement ok
INSERT INTO tab0 VALUES(257,161132,604888.31,'vsmnd',269500,788482.25,'lpxno')

statement ok
INSERT INTO tab0 VALUES(258,997222,776306.92,'dwhiz',282440,992187.32,'yvemq')

statement ok
INSERT INTO tab0 VALUES(259,423767,903442.98,'pjcbe',787384,899963.25,'mlvzp')

statement ok
INSERT INTO tab0 VALUES(260,638946,798034.84,'xiful',100677,969177.43,'nepfu')

statement ok
INSERT INTO tab0 VALUES(261,233428,94177.38,'assxx',243682,541900.62,'mytnm')

statement ok
INSERT INTO tab0 VALUES(262,815582,373199.63,'nzgoi',567901,969940.54,'vhltc')

statement ok
INSERT INTO tab0 VALUES(263,636230,288696.41,'polhd',379852,739898.53,'gesdi')

statement ok
INSERT INTO tab0 VALUES(264,213867,691528.96,'eottm',566192,598175.12,'toqrf')

statement ok
INSERT INTO tab0 VALUES(265,959564,754822.53,'ejxio',218597,675872.69,'wzlxg')

statement ok
INSERT INTO tab0 VALUES(266,801879,98968.5,'mjspo',258880,613922.12,'qgsnr')

statement ok
INSERT INTO tab0 VALUES(267,812072,916625.72,'dllfw',63873,687957.34,'wajxh')

statement ok
INSERT INTO tab0 VALUES(268,828857,97717.64,'lrvhe',90545,933441.4,'fjxxx')

statement ok
INSERT INTO tab0 VALUES(269,83648,354431.47,'dxdep',500915,270538.24,'gpmgi')

statement ok
INSERT INTO tab0 VALUES(270,825317,346221.1,'nklbw',787048,629241.93,'rsbli')

statement ok
INSERT INTO tab0 VALUES(271,945434,804779.84,'kopng',396118,74249.69,'izncd')

statement ok
INSERT INTO tab0 VALUES(272,603027,659149.96,'mjnfz',355407,930084.34,'nvuue')

statement ok
INSERT INTO tab0 VALUES(273,849822,160552.40,'kcemd',897216,905975.52,'xdwpm')

statement ok
INSERT INTO tab0 VALUES(274,255004,7476.83,'rasbx',83984,220947.36,'tcerq')

statement ok
INSERT INTO tab0 VALUES(275,530456,470764.24,'bxulo',433197,728820.9,'ctmyz')

statement ok
INSERT INTO tab0 VALUES(276,155517,518402.49,'qtjxv',542388,43121.63,'tpcut')

statement ok
INSERT INTO tab0 VALUES(277,2227,940765.0,'ufcts',714202,662200.29,'njble')

statement ok
INSERT INTO tab0 VALUES(278,960113,475372.34,'lpjdx',581390,94116.30,'hicxn')

statement ok
INSERT INTO tab0 VALUES(279,561279,932098.85,'haktr',731751,981750.54,'dhxhl')

statement ok
INSERT INTO tab0 VALUES(280,605499,318084.30,'pmkfd',333129,227691.6,'nzhuw')

statement ok
INSERT INTO tab0 VALUES(281,785034,962646.48,'tcqxk',758483,119354.80,'jrbwf')

statement ok
INSERT INTO tab0 VALUES(282,309722,642456.84,'yasmn',210876,453857.14,'czlgo')

statement ok
INSERT INTO tab0 VALUES(283,532073,706420.12,'sylqv',348419,663116.56,'yhckr')

statement ok
INSERT INTO tab0 VALUES(284,572082,200714.96,'ssfmw',909271,938842.27,'ypdeh')

statement ok
INSERT INTO tab0 VALUES(285,942321,993774.54,'eyzks',336730,357452.82,'cwija')

statement ok
INSERT INTO tab0 VALUES(286,173034,901306.18,'qsmqz',404113,5187.74,'nxjlr')

statement ok
INSERT INTO tab0 VALUES(287,436950,811279.1,'meguw',839843,103027.15,'lvtch')

statement ok
INSERT INTO tab0 VALUES(288,174407,808929.55,'ucuom',952484,131652.38,'osayh')

statement ok
INSERT INTO tab0 VALUES(289,718292,301757.36,'mouiu',255523,956665.62,'zixam')

statement ok
INSERT INTO tab0 VALUES(290,919158,144531.66,'ppaty',92681,953247.52,'jqmpl')

statement ok
INSERT INTO tab0 VALUES(291,770050,764282.95,'htunc',262695,131500.83,'dkcql')

statement ok
INSERT INTO tab0 VALUES(292,31616,285278.63,'autvw',644348,261230.3,'navlo')

statement ok
INSERT INTO tab0 VALUES(293,857086,654144.65,'offbe',821563,996978.94,'twgjy')

statement ok
INSERT INTO tab0 VALUES(294,417266,764678.11,'iadkp',708282,3112.33,'bcvlv')

statement ok
INSERT INTO tab0 VALUES(295,525543,582946.89,'hemnj',173583,78674.60,'zfxus')

statement ok
INSERT INTO tab0 VALUES(296,262847,272369.28,'gkcdm',666564,282623.36,'ktxpk')

statement ok
INSERT INTO tab0 VALUES(297,602783,318511.61,'wrxpx',841461,58532.4,'ovilh')

statement ok
INSERT INTO tab0 VALUES(298,36437,654327.86,'wxdrr',182525,359802.58,'ktbbi')

statement ok
INSERT INTO tab0 VALUES(299,197509,784912.29,'dnhay',629150,774627.99,'mukxg')

statement ok
INSERT INTO tab0 VALUES(300,487274,912750.8,'tdkuh',200775,650910.0,'hpcwo')

statement ok
INSERT INTO tab0 VALUES(301,699584,62469.93,'hgclo',621887,221374.70,'faqux')

statement ok
INSERT INTO tab0 VALUES(302,645874,206054.72,'urtfi',947082,728454.14,'spiez')

statement ok
INSERT INTO tab0 VALUES(303,780151,387725.8,'zgoss',186065,549377.98,'ofhtr')

statement ok
INSERT INTO tab0 VALUES(304,824005,848999.9,'hqsss',928558,321166.8,'uuudh')

statement ok
INSERT INTO tab0 VALUES(305,391601,153564.81,'frlpf',969421,65583.16,'wvelr')

statement ok
INSERT INTO tab0 VALUES(306,614685,312469.2,'bejcg',933563,314117.41,'xbeyf')

statement ok
INSERT INTO tab0 VALUES(307,767578,908996.73,'llgwx',900939,233062.10,'scvpc')

statement ok
INSERT INTO tab0 VALUES(308,892211,223693.88,'fbnfr',31616,748504.25,'zbvvi')

statement ok
INSERT INTO tab0 VALUES(309,423004,359375.95,'ohdmk',190765,671234.19,'gclyz')

statement ok
INSERT INTO tab0 VALUES(310,812042,366119.58,'gwsxq',573608,821868.26,'gdtad')

statement ok
INSERT INTO tab0 VALUES(311,153961,366241.16,'tqvfj',330413,155731.36,'xougf')

statement ok
INSERT INTO tab0 VALUES(312,810974,679412.53,'fazdq',191558,887969.63,'mopvy')

statement ok
INSERT INTO tab0 VALUES(313,37872,947479.55,'suucg',92529,618438.5,'qcjiq')

statement ok
INSERT INTO tab0 VALUES(314,607025,259582.72,'kqcud',798858,456787.8,'rhrod')

statement ok
INSERT INTO tab0 VALUES(315,433410,277099.84,'nudzl',531127,147460.26,'qcjab')

statement ok
INSERT INTO tab0 VALUES(316,199493,358764.62,'qrown',590026,194641.86,'jbypw')

statement ok
INSERT INTO tab0 VALUES(317,980407,685455.29,'qmqxg',981353,987243.49,'rsnec')

statement ok
INSERT INTO tab0 VALUES(318,868835,385437.26,'bwjja',40954,923980.75,'lkahh')

statement ok
INSERT INTO tab0 VALUES(319,600067,659118.70,'ymrwx',59722,538360.81,'vwhri')

statement ok
INSERT INTO tab0 VALUES(320,176879,904297.20,'frigu',908691,623596.7,'gsfak')

statement ok
INSERT INTO tab0 VALUES(321,494720,840911.39,'sdiyn',663909,357727.78,'qhumf')

statement ok
INSERT INTO tab0 VALUES(322,966583,636260.53,'elury',231567,428497.66,'lbkhc')

statement ok
INSERT INTO tab0 VALUES(323,148071,29907.20,'qshdc',972869,158477.53,'zlvnc')

statement ok
INSERT INTO tab0 VALUES(324,362274,458587.87,'hfvqj',329162,629943.91,'fhgnf')

statement ok
INSERT INTO tab0 VALUES(325,324951,181396.53,'vbaqp',446807,809967.68,'fqtui')

statement ok
INSERT INTO tab0 VALUES(326,769439,404663.35,'jueib',802307,675415.70,'adzhn')

statement ok
INSERT INTO tab0 VALUES(327,71563,406982.28,'uzmnv',827178,337890.42,'bxrhb')

statement ok
INSERT INTO tab0 VALUES(328,874847,664215.67,'qwdxs',533081,168731.49,'wzmbq')

statement ok
INSERT INTO tab0 VALUES(329,715270,974487.91,'kakyn',136688,924072.44,'qcidj')

statement ok
INSERT INTO tab0 VALUES(330,646484,583190.4,'rvumc',684814,869842.25,'adikc')

statement ok
INSERT INTO tab0 VALUES(331,864715,307983.40,'akdej',679290,906677.99,'nvcjh')

statement ok
INSERT INTO tab0 VALUES(332,333679,663787.20,'mwuit',702087,695037.47,'hntzj')

statement ok
INSERT INTO tab0 VALUES(333,409790,987792.24,'jgrkx',40191,780090.83,'qnbcr')

statement ok
INSERT INTO tab0 VALUES(334,466918,564453.43,'oymsf',310729,716796.19,'uzpju')

statement ok
INSERT INTO tab0 VALUES(335,521636,750457.48,'okrxp',85876,194946.26,'ijwmk')

statement ok
INSERT INTO tab0 VALUES(336,857971,99853.53,'ruvwx',517852,163940.97,'ccjfr')

statement ok
INSERT INTO tab0 VALUES(337,652648,488861.70,'comzv',963989,958099.11,'kgwse')

statement ok
INSERT INTO tab0 VALUES(338,599884,240966.83,'camcd',611724,421417.91,'eeigd')

statement ok
INSERT INTO tab0 VALUES(339,536468,252014.0,'zbayv',103515,32714.73,'aadyp')

statement ok
INSERT INTO tab0 VALUES(340,66864,114990.21,'lwuud',161956,30548.63,'jkgfi')

statement ok
INSERT INTO tab0 VALUES(341,187988,245269.0,'nfzdu',214691,538177.2,'sdhme')

statement ok
INSERT INTO tab0 VALUES(342,914459,5371.7,'ulrha',19409,688781.29,'mrrvd')

statement ok
INSERT INTO tab0 VALUES(343,903381,830169.88,'mxqzv',288909,750122.41,'mysok')

statement ok
INSERT INTO tab0 VALUES(344,79437,351806.33,'pqtzw',316101,249877.58,'sstwo')

statement ok
INSERT INTO tab0 VALUES(345,259979,524597.34,'bzxww',598937,100433.85,'smimp')

statement ok
INSERT INTO tab0 VALUES(346,779846,750213.47,'tdhjp',465423,723907.72,'qygfh')

statement ok
INSERT INTO tab0 VALUES(347,116455,2563.59,'tykgx',698699,177246.82,'grupa')

statement ok
INSERT INTO tab0 VALUES(348,514892,952819.46,'ljfvb',161926,277099.46,'frrqc')

statement ok
INSERT INTO tab0 VALUES(349,612731,94421.40,'pejpr',423370,724914.34,'fdkgv')

statement ok
INSERT INTO tab0 VALUES(350,65124,868072.85,'kndxa',381439,231933.9,'xyeap')

statement ok
INSERT INTO tab0 VALUES(351,169891,786743.6,'xstmy',889465,644104.96,'gidvb')

statement ok
INSERT INTO tab0 VALUES(352,492340,560668.68,'tqhdd',381011,67199.41,'mnljg')

statement ok
INSERT INTO tab0 VALUES(353,490386,222351.39,'nnbjg',494659,991699.75,'jlous')

statement ok
INSERT INTO tab0 VALUES(354,139526,251556.53,'xmobz',699035,417907.77,'ecano')

statement ok
INSERT INTO tab0 VALUES(355,557800,700317.74,'pfpxe',917907,980834.34,'ymypq')

statement ok
INSERT INTO tab0 VALUES(356,630920,317901.54,'tpmga',155059,75317.5,'paymt')

statement ok
INSERT INTO tab0 VALUES(357,637084,675933.0,'uieqd',119415,980895.85,'xfgsq')

statement ok
INSERT INTO tab0 VALUES(358,872100,293212.35,'rkijr',849914,986907.65,'ukyhd')

statement ok
INSERT INTO tab0 VALUES(359,274353,760803.59,'aakgm',340637,517486.97,'jgzqk')

statement ok
INSERT INTO tab0 VALUES(360,49804,867126.13,'hywbf',165679,256469.52,'dhlzv')

statement ok
INSERT INTO tab0 VALUES(361,296997,722747.44,'uijkl',104278,272521.89,'avlzm')

statement ok
INSERT INTO tab0 VALUES(362,632049,885620.61,'uesau',765686,144042.13,'ojnox')

statement ok
INSERT INTO tab0 VALUES(363,813659,485839.4,'vcatd',214294,84136.36,'yenhl')

statement ok
INSERT INTO tab0 VALUES(364,368103,350891.2,'quzyp',594543,65795.46,'gdweh')

statement ok
INSERT INTO tab0 VALUES(365,214233,130401.39,'kwvcr',755889,946716.64,'ndrfq')

statement ok
INSERT INTO tab0 VALUES(366,288482,421356.14,'ugooo',878021,594329.7,'wwwyv')

statement ok
INSERT INTO tab0 VALUES(367,169860,892974.5,'dazdz',95550,10894.53,'qjfik')

statement ok
INSERT INTO tab0 VALUES(368,704956,411773.28,'ouwrp',123229,458374.1,'mrobh')

statement ok
INSERT INTO tab0 VALUES(369,632934,166442.7,'crfsy',880920,583526.35,'okyjy')

statement ok
INSERT INTO tab0 VALUES(370,210540,793029.27,'smdcp',118499,542907.87,'okqqk')

statement ok
INSERT INTO tab0 VALUES(371,837097,499816.6,'rtcqi',40986,127807.97,'yljak')

statement ok
INSERT INTO tab0 VALUES(372,679504,192352.48,'jdcrf',933441,889221.79,'zskzr')

statement ok
INSERT INTO tab0 VALUES(373,297241,598449.15,'sastu',785980,263061.78,'wnrbv')

statement ok
INSERT INTO tab0 VALUES(374,267364,393188.82,'chggd',918823,694824.41,'zzwiq')

statement ok
INSERT INTO tab0 VALUES(375,809509,323883.2,'nxwzy',607299,764953.71,'vlrfc')

statement ok
INSERT INTO tab0 VALUES(376,410888,335205.70,'vkstw',706787,313476.94,'hksyq')

statement ok
INSERT INTO tab0 VALUES(377,451324,694000.85,'srzfh',277709,565338.20,'rvwhd')

statement ok
INSERT INTO tab0 VALUES(378,828125,114410.10,'ypfdv',210632,255187.8,'yzgda')

statement ok
INSERT INTO tab0 VALUES(379,581268,882812.37,'jlejf',851135,752410.25,'takdp')

statement ok
INSERT INTO tab0 VALUES(380,518280,982940.50,'fufil',624908,186187.9,'nmkgz')

statement ok
INSERT INTO tab0 VALUES(381,839263,220672.85,'zzfma',662750,570495.36,'sdapf')

statement ok
INSERT INTO tab0 VALUES(382,761932,349273.94,'utuiy',425506,929046.76,'wlvtp')

statement ok
INSERT INTO tab0 VALUES(383,146484,194152.7,'kxmox',329071,420257.59,'regpo')

statement ok
INSERT INTO tab0 VALUES(384,120788,778106.97,'hysel',369476,462463.39,'hevyx')

statement ok
INSERT INTO tab0 VALUES(385,705261,446075.36,'xqbqa',747772,858581.52,'eueaa')

statement ok
INSERT INTO tab0 VALUES(386,437927,990356.67,'srixc',495147,921478.83,'ntghv')

statement ok
INSERT INTO tab0 VALUES(387,999298,775512.57,'giruj',97808,598602.26,'conxa')

statement ok
INSERT INTO tab0 VALUES(388,837554,863281.66,'kasru',122100,597320.46,'qduie')

statement ok
INSERT INTO tab0 VALUES(389,793457,137756.7,'lysdw',839385,509705.45,'ursdw')

statement ok
INSERT INTO tab0 VALUES(390,725250,430267.10,'eupnm',851165,937561.19,'gyqns')

statement ok
INSERT INTO tab0 VALUES(391,133880,644409.80,'bfftj',713958,617492.26,'zfwvs')

statement ok
INSERT INTO tab0 VALUES(392,787750,881042.66,'hqiry',564422,545898.45,'gqskc')

statement ok
INSERT INTO tab0 VALUES(393,347930,563293.19,'zrvxp',744232,103881.40,'ubrzq')

statement ok
INSERT INTO tab0 VALUES(394,993072,561553.55,'hyxhv',425201,182373.21,'ylonu')

statement ok
INSERT INTO tab0 VALUES(395,44311,318481.22,'npzsg',234161,307037.10,'uuorr')

statement ok
INSERT INTO tab0 VALUES(396,590484,973999.53,'fyaou',878082,763244.98,'dklni')

statement ok
INSERT INTO tab0 VALUES(397,112884,490295.40,'kcplv',768951,721252.13,'xuobt')

statement ok
INSERT INTO tab0 VALUES(398,110504,776824.86,'npauh',648895,361022.78,'ygezb')

statement ok
INSERT INTO tab0 VALUES(399,724792,815278.77,'tbkjv',215087,997253.78,'mhjgp')

statement ok
INSERT INTO tab0 VALUES(400,364898,784698.35,'arxeu',744720,204467.19,'ypiqf')

statement ok
INSERT INTO tab0 VALUES(401,332427,186309.90,'dasup',720214,941894.90,'hgjla')

statement ok
INSERT INTO tab0 VALUES(402,446685,968597.34,'yqhcp',453918,678558.29,'ctbcy')

statement ok
INSERT INTO tab0 VALUES(403,669433,652404.90,'mnlzk',713317,518280.83,'oknvp')

statement ok
INSERT INTO tab0 VALUES(404,730133,455718.70,'zwmwx',346008,324584.71,'tygdk')

statement ok
INSERT INTO tab0 VALUES(405,750732,418914.40,'cshil',904632,845825.47,'tgnqw')

statement ok
INSERT INTO tab0 VALUES(406,870758,529510.82,'clmvx',271881,840057.61,'szjno')

statement ok
INSERT INTO tab0 VALUES(407,872406,847381.56,'upngv',285552,200164.24,'ydseh')

statement ok
INSERT INTO tab0 VALUES(408,805359,629669.63,'vgwlp',363555,78735.68,'erozg')

statement ok
INSERT INTO tab0 VALUES(409,611877,455688.8,'sxbcm',128845,13183.10,'mdase')

statement ok
INSERT INTO tab0 VALUES(410,751892,352111.61,'zyxdx',34423,50628.14,'rkqji')

statement ok
INSERT INTO tab0 VALUES(411,827819,917846.19,'jgnkj',988433,872985.54,'ecepu')

statement ok
INSERT INTO tab0 VALUES(412,209655,449066.73,'wynis',979034,921966.74,'gmcom')

statement ok
INSERT INTO tab0 VALUES(413,660064,64208.65,'vxdpg',699493,524017.56,'etkfh')

statement ok
INSERT INTO tab0 VALUES(414,959197,828979.54,'dmiou',173187,15289.76,'hxajh')

statement ok
INSERT INTO tab0 VALUES(415,529816,881347.75,'kawew',378540,866851.72,'eksyt')

statement ok
INSERT INTO tab0 VALUES(416,62225,556549.7,'xpoju',874023,809356.2,'qpgth')

statement ok
INSERT INTO tab0 VALUES(417,139404,512084.31,'xnhtu',423248,958404.10,'ckqec')

statement ok
INSERT INTO tab0 VALUES(418,861816,852722.93,'qacgg',619842,939178.86,'mbery')

statement ok
INSERT INTO tab0 VALUES(419,472534,255493.68,'mzovp',512573,11779.30,'kqmkg')

statement ok
INSERT INTO tab0 VALUES(420,982208,94696.22,'fjnwr',230224,196014.15,'kswbn')

statement ok
INSERT INTO tab0 VALUES(421,794036,566864.74,'vypbs',606719,396423.47,'xyedz')

statement ok
INSERT INTO tab0 VALUES(422,328887,815887.60,'yyaum',805999,527374.31,'msdxg')

statement ok
INSERT INTO tab0 VALUES(423,650115,57800.92,'vqxal',947143,637908.29,'wwhwz')

statement ok
INSERT INTO tab0 VALUES(424,88684,706024.25,'oxlsx',729248,36987.27,'dbihi')

statement ok
INSERT INTO tab0 VALUES(425,868133,496124.16,'zatmb',56549,418182.95,'xsbdv')

statement ok
INSERT INTO tab0 VALUES(426,729583,611053.88,'ddihe',663299,984893.50,'glnht')

statement ok
INSERT INTO tab0 VALUES(427,556732,805908.93,'cyybr',738891,575317.19,'aqinb')

statement ok
INSERT INTO tab0 VALUES(428,854,533172.73,'gjwgj',552734,787353.1,'zimzn')

statement ok
INSERT INTO tab0 VALUES(429,105804,67474.25,'jaznk',79376,103729.29,'sossa')

statement ok
INSERT INTO tab0 VALUES(430,933013,630798.59,'tawim',623413,16876.33,'acnml')

statement ok
INSERT INTO tab0 VALUES(431,186492,517364.65,'knaqd',444458,154022.3,'wdjgb')

statement ok
INSERT INTO tab0 VALUES(432,837829,218688.74,'ajwim',382354,402191.51,'muryj')

statement ok
INSERT INTO tab0 VALUES(433,751190,548461.21,'hrxet',481872,33142.74,'qvdxk')

statement ok
INSERT INTO tab0 VALUES(434,308319,767730.4,'vlybe',617919,828369.16,'tfrpw')

statement ok
INSERT INTO tab0 VALUES(435,33538,709777.53,'ljcyc',120513,204162.30,'uwpid')

statement ok
INSERT INTO tab0 VALUES(436,218750,905151.85,'gcyig',399719,336608.41,'scuro')

statement ok
INSERT INTO tab0 VALUES(437,548431,706665.74,'shswt',570648,286499.8,'jiwgj')

statement ok
INSERT INTO tab0 VALUES(438,724639,414398.7,'wxiaj',78521,124450.90,'stcjy')

statement ok
INSERT INTO tab0 VALUES(439,92041,400665.51,'iyouk',323669,55786.2,'wzumy')

statement ok
INSERT INTO tab0 VALUES(440,262786,235137.13,'pffbb',286468,545654.83,'jmfak')

statement ok
INSERT INTO tab0 VALUES(441,741699,809661.4,'aqcpl',152343,443908.56,'dkvvt')

statement ok
INSERT INTO tab0 VALUES(442,551147,463378.0,'xfijt',936828,110198.91,'tekxf')

statement ok
INSERT INTO tab0 VALUES(443,856079,107666.5,'ujjii',110565,538970.69,'madbo')

statement ok
INSERT INTO tab0 VALUES(444,589019,351257.16,'lvdxw',224243,484405.41,'lqslp')

statement ok
INSERT INTO tab0 VALUES(445,75103,625030.80,'dzewj',533599,585418.93,'qxnda')

statement ok
INSERT INTO tab0 VALUES(446,656951,307250.64,'mutso',624511,490722.10,'gktyr')

statement ok
INSERT INTO tab0 VALUES(447,319854,848327.9,'xdyit',37872,983825.33,'rblwr')

statement ok
INSERT INTO tab0 VALUES(448,316680,896057.0,'opwtc',894714,107940.29,'ovtvl')

statement ok
INSERT INTO tab0 VALUES(449,792785,420379.23,'ldsrq',521087,291107.47,'cezfz')

statement ok
INSERT INTO tab0 VALUES(450,411193,838623.32,'roxcm',73150,471069.83,'bysow')

statement ok
INSERT INTO tab0 VALUES(451,977478,140258.7,'kffzz',162200,220397.45,'wtxdj')

statement ok
INSERT INTO tab0 VALUES(452,64819,12115.22,'eswws',479461,871368.10,'wsdqs')

statement ok
INSERT INTO tab0 VALUES(453,638885,963256.1,'xiuks',421417,641052.92,'gbqqb')

statement ok
INSERT INTO tab0 VALUES(454,683044,450012.86,'yxoer',714447,756317.1,'mtjms')

statement ok
INSERT INTO tab0 VALUES(455,823120,976.96,'kfobt',40192,578765.6,'bdgsg')

statement ok
INSERT INTO tab0 VALUES(456,952606,342010.91,'duged',660186,729736.98,'wnhsp')

statement ok
INSERT INTO tab0 VALUES(457,857574,521240.35,'wjedu',41229,215362.55,'ivnlc')

statement ok
INSERT INTO tab0 VALUES(458,841583,34057.58,'jtaav',480041,551574.0,'kgkwu')

statement ok
INSERT INTO tab0 VALUES(459,350891,948120.18,'odyum',728485,889007.66,'rutwn')

statement ok
INSERT INTO tab0 VALUES(460,599212,28350.63,'rznzh',618530,138122.56,'tzzow')

statement ok
INSERT INTO tab0 VALUES(461,192962,861938.95,'gnyhi',687164,94085.12,'bkbdl')

statement ok
INSERT INTO tab0 VALUES(462,756011,983337.31,'mlcgd',801513,561889.70,'dmwjc')

statement ok
INSERT INTO tab0 VALUES(463,554931,999237.69,'bluwx',783721,481231.26,'twdjs')

statement ok
INSERT INTO tab0 VALUES(464,123748,713684.45,'pyter',36071,51605.98,'bhpat')

statement ok
INSERT INTO tab0 VALUES(465,889190,252899.99,'novwm',165893,857299.89,'pchtb')

statement ok
INSERT INTO tab0 VALUES(466,795440,190368.37,'hyczh',610565,992309.50,'nvkeb')

statement ok
INSERT INTO tab0 VALUES(467,929383,671936.94,'ngaoj',262573,185455.38,'swpnb')

statement ok
INSERT INTO tab0 VALUES(468,145355,540588.95,'eumce',94512,925292.87,'xebob')

statement ok
INSERT INTO tab0 VALUES(469,690399,461700.18,'ntzit',784027,585083.62,'ssrxg')

statement ok
INSERT INTO tab0 VALUES(470,829040,47790.58,'iquvm',338806,548004.26,'yhcxt')

statement ok
INSERT INTO tab0 VALUES(471,468383,983734.88,'eaaor',721649,331817.3,'oyxdc')

statement ok
INSERT INTO tab0 VALUES(472,783203,151672.20,'fgtpg',475463,714233.36,'wvrba')

statement ok
INSERT INTO tab0 VALUES(473,840759,755920.72,'rwcre',348205,857543.56,'qqfox')

statement ok
INSERT INTO tab0 VALUES(474,225891,448150.26,'rjnwl',917877,433959.39,'fipur')

statement ok
INSERT INTO tab0 VALUES(475,666107,452270.94,'ovude',217590,750396.71,'srhnz')

statement ok
INSERT INTO tab0 VALUES(476,656402,689453.77,'zlcbw',360565,873504.10,'bziyj')

statement ok
INSERT INTO tab0 VALUES(477,84350,903137.30,'wfijk',165069,754730.48,'brkik')

statement ok
INSERT INTO tab0 VALUES(478,855194,784027.24,'vqbrh',779418,355316.77,'sxzlu')

statement ok
INSERT INTO tab0 VALUES(479,516662,95092.9,'ydryq',307067,771209.44,'fcmki')

statement ok
INSERT INTO tab0 VALUES(480,884094,796569.74,'gzphk',431488,358184.21,'bvjdj')

statement ok
INSERT INTO tab0 VALUES(481,665374,170959.12,'pnjkl',41290,856719.64,'fefer')

statement ok
INSERT INTO tab0 VALUES(482,86059,948028.84,'ugrkt',855102,517120.77,'hmxap')

statement ok
INSERT INTO tab0 VALUES(483,514190,429809.76,'yaqhk',46691,224395.72,'mwtch')

statement ok
INSERT INTO tab0 VALUES(484,85418,615600.67,'iavqv',869842,623382.33,'zdqbu')

statement ok
INSERT INTO tab0 VALUES(485,327972,326934.88,'rdjgx',283477,243621.80,'vzcra')

statement ok
INSERT INTO tab0 VALUES(486,787658,332702.87,'eqfqa',576538,624450.29,'fzkgd')

statement ok
INSERT INTO tab0 VALUES(487,652862,473937.90,'sacwh',993103,440002.56,'nbukn')

statement ok
INSERT INTO tab0 VALUES(488,379516,789062.63,'zgtap',357269,624114.59,'kaoqv')

statement ok
INSERT INTO tab0 VALUES(489,316223,638641.77,'otawu',698272,495452.21,'dlcwj')

statement ok
INSERT INTO tab0 VALUES(490,329072,830627.67,'ytzmt',875366,882415.71,'kydgx')

statement ok
INSERT INTO tab0 VALUES(491,426757,745117.96,'yczxp',202941,248107.48,'tfwqb')

statement ok
INSERT INTO tab0 VALUES(492,385559,459594.21,'nvatq',75408,815521.64,'lhxgi')

statement ok
INSERT INTO tab0 VALUES(493,374328,873687.49,'drnts',592315,692352.64,'virib')

statement ok
INSERT INTO tab0 VALUES(494,579498,834381.5,'rysoe',183227,996032.91,'figsx')

statement ok
INSERT INTO tab0 VALUES(495,830078,260894.90,'tvsdd',232849,978820.48,'emsoq')

statement ok
INSERT INTO tab0 VALUES(496,222656,269744.47,'siprj',705932,152679.60,'scdvl')

statement ok
INSERT INTO tab0 VALUES(497,746398,299621.25,'usmxs',772277,414367.34,'dbvbz')

statement ok
INSERT INTO tab0 VALUES(498,908050,236572.33,'jctyz',431793,170440.29,'lnhup')

statement ok
INSERT INTO tab0 VALUES(499,356933,538879.14,'uffuf',139495,462188.8,'hknmh')

statement ok
INSERT INTO tab0 VALUES(500,509979,362091.99,'uzbdt',430450,90606.10,'geavz')

statement ok
INSERT INTO tab0 VALUES(501,176605,684020.72,'nccti',544769,741607.8,'tlapo')

statement ok
INSERT INTO tab0 VALUES(502,183898,429748.35,'oqxfi',52673,110687.71,'lnkda')

statement ok
INSERT INTO tab0 VALUES(503,1495,596588.65,'guxqr',479492,28289.28,'abcdr')

statement ok
INSERT INTO tab0 VALUES(504,366607,379211.83,'pkmbf',930603,584442.30,'rtace')

statement ok
INSERT INTO tab0 VALUES(505,909027,294464.12,'qpcis',716430,254089.12,'zvgzp')

statement ok
INSERT INTO tab0 VALUES(506,776123,306488.41,'immox',977508,21881.58,'bveyr')

statement ok
INSERT INTO tab0 VALUES(507,257873,951660.87,'tpsuv',309478,507202.59,'wcpxy')

statement ok
INSERT INTO tab0 VALUES(508,411743,463714.58,'ktjss',388031,89233.81,'cnxcu')

statement ok
INSERT INTO tab0 VALUES(509,687866,898529.15,'coobi',593902,31951.21,'lazum')

statement ok
INSERT INTO tab0 VALUES(510,553924,259368.35,'dzfny',637969,609069.77,'rjtwo')

statement ok
INSERT INTO tab0 VALUES(511,120208,621643.75,'ndbcm',186126,229003.3,'uowns')

statement ok
INSERT INTO tab0 VALUES(512,764495,258148.29,'aruzs',484375,560089.77,'drbsb')

statement ok
INSERT INTO tab0 VALUES(513,757232,763824.99,'hrgzi',983856,655242.62,'lkhad')

statement ok
INSERT INTO tab0 VALUES(514,886413,180999.49,'bcmec',965637,77331.66,'dpsbe')

statement ok
INSERT INTO tab0 VALUES(515,82641,124145.72,'dkwty',166015,23803.10,'gbagc')

statement ok
INSERT INTO tab0 VALUES(516,44006,905090.55,'riifb',401306,452026.82,'uzjkt')

statement ok
INSERT INTO tab0 VALUES(517,861267,657897.34,'dhhnf',192871,204072.10,'qtngx')

statement ok
INSERT INTO tab0 VALUES(518,642761,463897.64,'qeafo',392211,131744.15,'snffn')

statement ok
INSERT INTO tab0 VALUES(519,139312,476684.76,'vaola',805847,221650.81,'gqwyt')

statement ok
INSERT INTO tab0 VALUES(520,369445,47119.43,'eizhh',820434,720184.10,'upebd')

statement ok
INSERT INTO tab0 VALUES(521,244140,848328.41,'bcjrb',27679,258483.92,'hmumr')

statement ok
INSERT INTO tab0 VALUES(522,192047,701.13,'xeera',849304,977386.62,'inumc')

statement ok
INSERT INTO tab0 VALUES(523,784393,196899.29,'fxbka',162261,652648.67,'fxqxt')

statement ok
INSERT INTO tab0 VALUES(524,359893,826843.49,'uwhoh',923431,819610.23,'chibx')

statement ok
INSERT INTO tab0 VALUES(525,649963,102722.89,'ymrxl',794830,898529.83,'bjnhv')

statement ok
INSERT INTO tab0 VALUES(526,403472,183990.78,'jlser',768585,319366.95,'hrqmx')

statement ok
INSERT INTO tab0 VALUES(527,11993,302337.26,'lqvlv',791839,646820.69,'ezbvt')

statement ok
INSERT INTO tab0 VALUES(528,134552,886810.81,'jpjvn',391876,705413.36,'kfgkj')

statement ok
INSERT INTO tab0 VALUES(529,322875,688629.97,'ecvgl',301025,704376.9,'gussg')

statement ok
INSERT INTO tab0 VALUES(530,646179,906280.92,'bxyvf',81634,362731.53,'liiml')

statement ok
INSERT INTO tab0 VALUES(531,316253,310607.13,'egssr',751281,34301.39,'nlkcx')

statement ok
INSERT INTO tab0 VALUES(532,312561,369598.97,'cqsny',407470,832611.11,'udslg')

statement ok
INSERT INTO tab0 VALUES(533,7019,373626.36,'sibdp',852844,756011.47,'onvhg')

statement ok
INSERT INTO tab0 VALUES(534,789245,560211.37,'nyrfv',220153,812561.24,'enybt')

statement ok
INSERT INTO tab0 VALUES(535,691345,239227.84,'pgfyk',597198,145141.77,'hjimu')

statement ok
INSERT INTO tab0 VALUES(536,13000,917816.3,'vrkky',651824,156341.62,'vfedv')

statement ok
INSERT INTO tab0 VALUES(537,946563,425292.25,'ywbnz',257019,633575.23,'ezwau')

statement ok
INSERT INTO tab0 VALUES(538,201873,38330.44,'umemf',115783,873962.47,'hsdlh')

statement ok
INSERT INTO tab0 VALUES(539,631347,605834.83,'jrfji',386230,809417.34,'yicgo')

statement ok
INSERT INTO tab0 VALUES(540,855072,673980.58,'uvyxm',306579,131653.54,'pfkvv')

statement ok
INSERT INTO tab0 VALUES(541,885620,611206.34,'taxye',820098,417114.12,'vzinf')

statement ok
INSERT INTO tab0 VALUES(542,753143,733215.97,'lxhfn',200103,251953.10,'dvagb')

statement ok
INSERT INTO tab0 VALUES(543,130462,427978.7,'pbctg',675048,357238.11,'kknfv')

statement ok
INSERT INTO tab0 VALUES(544,957885,280731.67,'vtlwz',53405,713623.98,'tivnm')

statement ok
INSERT INTO tab0 VALUES(545,68328,198974.83,'ppjjf',348785,686706.40,'tvftk')

statement ok
INSERT INTO tab0 VALUES(546,812286,537475.26,'lchmm',404815,151672.52,'pjfqo')

statement ok
INSERT INTO tab0 VALUES(547,682800,223266.98,'zjxio',520233,618621.59,'ffsqt')

statement ok
INSERT INTO tab0 VALUES(548,940582,880645.88,'epkpl',73914,357360.59,'iggpp')

statement ok
INSERT INTO tab0 VALUES(549,238830,956146.41,'ivofr',149658,522430.83,'qkzis')

statement ok
INSERT INTO tab0 VALUES(550,248352,843658.16,'inyxh',161529,278198.60,'yguiv')

statement ok
INSERT INTO tab0 VALUES(551,282531,9216.52,'reyty',478485,923736.79,'hwniy')

statement ok
INSERT INTO tab0 VALUES(552,922332,116241.29,'qawag',49743,17913.50,'ygcyk')

statement ok
INSERT INTO tab0 VALUES(553,641296,150299.27,'kmfoq',29418,504394.68,'tzpgb')

statement ok
INSERT INTO tab0 VALUES(554,430541,544342.97,'faqpp',401885,836547.75,'czjmj')

statement ok
INSERT INTO tab0 VALUES(555,423768,303467.14,'jnfiv',606445,102569.22,'cxdpn')

statement ok
INSERT INTO tab0 VALUES(556,522247,130157.46,'nekkj',162536,150360.34,'syfaq')

statement ok
INSERT INTO tab0 VALUES(557,19836,549041.13,'sxluq',294708,712646.70,'umpbu')

statement ok
INSERT INTO tab0 VALUES(558,227966,32104.52,'nzcep',557525,531860.83,'jmbsd')

statement ok
INSERT INTO tab0 VALUES(559,100646,123565.79,'dxbsz',460693,485229.89,'rkgfc')

statement ok
INSERT INTO tab0 VALUES(560,859466,564941.47,'oscrf',93963,709777.26,'fqyso')

statement ok
INSERT INTO tab0 VALUES(561,618591,419921.17,'quyyt',752105,727264.15,'zeyut')

statement ok
INSERT INTO tab0 VALUES(562,9765,199554.14,'jjqsa',560119,569183.24,'qhmfq')

statement ok
INSERT INTO tab0 VALUES(563,807312,987121.90,'sjnfs',97930,901824.32,'kaemw')

statement ok
INSERT INTO tab0 VALUES(564,553131,563171.90,'buldt',25604,151275.88,'nadly')

statement ok
INSERT INTO tab0 VALUES(565,181701,530517.10,'dlxln',708312,628326.79,'bydak')

statement ok
INSERT INTO tab0 VALUES(566,645080,439239.64,'fobva',841278,653594.86,'ehurx')

statement ok
INSERT INTO tab0 VALUES(567,537902,911651.43,'fkxnv',74768,682403.50,'iupej')

statement ok
INSERT INTO tab0 VALUES(568,722381,767425.80,'uansj',639160,429901.35,'hgddz')

statement ok
INSERT INTO tab0 VALUES(569,953338,148406.10,'pqzib',969940,995941.89,'ecdto')

statement ok
INSERT INTO tab0 VALUES(570,503082,643737.35,'ekqqh',332641,990173.7,'xynfl')

statement ok
INSERT INTO tab0 VALUES(571,786590,414794.83,'icfvr',447845,657043.95,'xhupt')

statement ok
INSERT INTO tab0 VALUES(572,986389,320312.77,'cpwrc',116271,732.28,'ocwfm')

statement ok
INSERT INTO tab0 VALUES(573,677581,41168.88,'xqjbx',843658,910156.19,'dmknq')

statement ok
INSERT INTO tab0 VALUES(574,452880,205627.8,'sjfta',465850,284027.77,'dhvng')

statement ok
INSERT INTO tab0 VALUES(575,547485,514099.5,'exvya',773834,155853.68,'bqmnr')

statement ok
INSERT INTO tab0 VALUES(576,464263,864379.86,'renxh',138519,818847.83,'yurps')

statement ok
INSERT INTO tab0 VALUES(577,598632,476409.64,'mgsod',136047,951049.97,'dmakl')

statement ok
INSERT INTO tab0 VALUES(578,863616,17517.17,'xhcfy',172576,740203.32,'rsiuu')

statement ok
INSERT INTO tab0 VALUES(579,314727,727172.52,'mxsag',109313,8880.20,'hlwgh')

statement ok
INSERT INTO tab0 VALUES(580,775146,542205.65,'wvauy',887603,339355.62,'nzkqi')

statement ok
INSERT INTO tab0 VALUES(581,460632,221679.7,'gtekh',153808,198699.98,'wvkyl')

statement ok
INSERT INTO tab0 VALUES(582,604431,471923.43,'hqare',884429,63781.63,'yfcrc')

statement ok
INSERT INTO tab0 VALUES(583,82489,71533.20,'iofvc',10986,546203.51,'ptsod')

statement ok
INSERT INTO tab0 VALUES(584,38208,996368.21,'khmdl',45135,517303.79,'yxkjs')

statement ok
INSERT INTO tab0 VALUES(585,507659,544555.36,'pwnnl',703552,233215.49,'pznel')

statement ok
INSERT INTO tab0 VALUES(586,44494,461486.19,'wgjgl',533050,459869.7,'uhuhr')

statement ok
INSERT INTO tab0 VALUES(587,344848,64819.53,'kzjpy',535491,597900.14,'kdguk')

statement ok
INSERT INTO tab0 VALUES(588,872558,369476.12,'qsjhu',792755,807769.98,'giocn')

statement ok
INSERT INTO tab0 VALUES(589,483917,212646.22,'lyuje',91949,134643.24,'zrypw')

statement ok
INSERT INTO tab0 VALUES(590,52917,378784.27,'epvny',550109,633514.54,'mvmjn')

statement ok
INSERT INTO tab0 VALUES(591,96008,724578.47,'wqmap',239410,494079.8,'stgrs')

statement ok
INSERT INTO tab0 VALUES(592,397338,304077.45,'hruej',812133,165832.31,'bjfta')

statement ok
INSERT INTO tab0 VALUES(593,633514,493499.85,'frtyo',125579,483062.50,'ihohp')

statement ok
INSERT INTO tab0 VALUES(594,998840,116333.99,'gnvpj',867187,789794.40,'xivad')

statement ok
INSERT INTO tab0 VALUES(595,830079,568420.46,'jopji',179443,64758.85,'zcxoe')

statement ok
INSERT INTO tab0 VALUES(596,231689,942749.76,'skgce',284881,46600.43,'lvfvz')

statement ok
INSERT INTO tab0 VALUES(597,700622,154693.93,'tkosc',111145,358551.3,'gsxty')

statement ok
INSERT INTO tab0 VALUES(598,751403,66772.17,'rlbbw',915985,633789.55,'ltxyn')

statement ok
INSERT INTO tab0 VALUES(599,541229,613861.44,'chajy',912200,640075.46,'ejyek')

statement ok
INSERT INTO tab0 VALUES(600,494781,928100.14,'pmvxp',892639,405120.46,'bvzer')

statement ok
INSERT INTO tab0 VALUES(601,929321,463806.68,'oxxsx',855255,341217.10,'bezcw')

statement ok
INSERT INTO tab0 VALUES(602,679779,122650.13,'kgwbe',628112,370574.38,'wohie')

statement ok
INSERT INTO tab0 VALUES(603,723571,378540.87,'rvtfv',494323,50109.42,'tbqwo')

statement ok
INSERT INTO tab0 VALUES(604,805694,402648.15,'hcbyo',817047,696472.5,'xeifu')

statement ok
INSERT INTO tab0 VALUES(605,63812,188415.77,'mkxio',664581,511108.45,'lpgvr')

statement ok
INSERT INTO tab0 VALUES(606,653076,676544.71,'zibdm',435241,705261.76,'pteud')

statement ok
INSERT INTO tab0 VALUES(607,371246,880004.69,'hsfqt',482482,624877.74,'thskg')

statement ok
INSERT INTO tab0 VALUES(608,283630,9033.86,'oyadp',739776,875732.33,'rbqxq')

statement ok
INSERT INTO tab0 VALUES(609,348205,596130.42,'yrgqb',345703,448303.35,'qiszh')

statement ok
INSERT INTO tab0 VALUES(610,40435,621063.21,'nqxll',268981,842895.9,'kscnv')

statement ok
INSERT INTO tab0 VALUES(611,978393,635864.34,'pzhwa',933258,194519.92,'orkbq')

statement ok
INSERT INTO tab0 VALUES(612,547729,889831.86,'sbgto',842407,398010.93,'kdspz')

statement ok
INSERT INTO tab0 VALUES(613,526641,454498.32,'vbeab',205322,232910.57,'idvcb')

statement ok
INSERT INTO tab0 VALUES(614,710998,348754.46,'mofpg',560943,488556.25,'slfei')

statement ok
INSERT INTO tab0 VALUES(615,539154,663635.79,'sdlrm',403350,89080.97,'eglqh')

statement ok
INSERT INTO tab0 VALUES(616,717071,687561.20,'mftrx',806671,218322.98,'sraga')

statement ok
INSERT INTO tab0 VALUES(617,843292,31097.67,'phhno',50048,444947.35,'tkpfx')

statement ok
INSERT INTO tab0 VALUES(618,33935,752197.79,'xyiqq',242858,847351.61,'ildxc')

statement ok
INSERT INTO tab0 VALUES(619,547698,480957.46,'igogl',949371,138641.42,'crclj')

statement ok
INSERT INTO tab0 VALUES(620,410858,544860.47,'eldgo',814117,791839.13,'sjign')

statement ok
INSERT INTO tab0 VALUES(621,42266,93536.16,'dqtqd',186553,164550.46,'rymxd')

statement ok
INSERT INTO tab0 VALUES(622,878356,223968.2,'ifzft',746276,624298.8,'oqzld')

statement ok
INSERT INTO tab0 VALUES(623,998138,105377.32,'pucjr',127990,673309.26,'hyagn')

statement ok
INSERT INTO tab0 VALUES(624,748199,104278.74,'pnkja',546417,73547.51,'ykbos')

statement ok
INSERT INTO tab0 VALUES(625,367706,909363.99,'vwigw',421418,971771.16,'fdoes')

statement ok
INSERT INTO tab0 VALUES(626,613403,656677.46,'uinlh',2899,24536.2,'imhwz')

statement ok
INSERT INTO tab0 VALUES(627,384613,54504.80,'fuyen',995819,523132.1,'esojv')

statement ok
INSERT INTO tab0 VALUES(628,348236,508392.57,'amcif',185241,518554.74,'ooaol')

statement ok
INSERT INTO tab0 VALUES(629,563751,246154.87,'phcyi',61340,946717.20,'fufoy')

statement ok
INSERT INTO tab0 VALUES(630,108215,442871.95,'vprwl',444335,753112.33,'yzgxp')

statement ok
INSERT INTO tab0 VALUES(631,701293,345855.86,'gvolv',109497,18188.67,'ucjoy')

statement ok
INSERT INTO tab0 VALUES(632,330139,399780.4,'fbian',412200,81970.98,'dzqew')

statement ok
INSERT INTO tab0 VALUES(633,874572,371490.97,'wruqn',912933,669403.86,'ufmds')

statement ok
INSERT INTO tab0 VALUES(634,731964,475128.80,'mzvrx',2227,15136.40,'fomsm')

statement ok
INSERT INTO tab0 VALUES(635,442260,497070.94,'lwwlw',525665,988555.76,'oprdz')

statement ok
INSERT INTO tab0 VALUES(636,312988,921051.72,'ljquy',408966,218841.84,'tlsvt')

statement ok
INSERT INTO tab0 VALUES(637,44281,52947.1,'nhnvc',282867,219970.88,'sivkk')

statement ok
INSERT INTO tab0 VALUES(638,353759,146026.83,'gwtkw',108215,515655.9,'oeays')

statement ok
INSERT INTO tab0 VALUES(639,601715,525695.99,'ymgvl',800964,764312.28,'lihwo')

statement ok
INSERT INTO tab0 VALUES(640,415985,714752.69,'nbzmw',857116,884277.47,'zcqlj')

statement ok
INSERT INTO tab0 VALUES(641,317016,558136.18,'zwbmb',977722,178466.53,'fjgly')

statement ok
INSERT INTO tab0 VALUES(642,342742,348175.38,'fesea',693969,459747.81,'uintr')

statement ok
INSERT INTO tab0 VALUES(643,673767,949340.45,'jqrwx',992065,175567.75,'zykbw')

statement ok
INSERT INTO tab0 VALUES(644,258270,923461.51,'thamg',938354,533294.50,'asgkm')

statement ok
INSERT INTO tab0 VALUES(645,436920,654602.18,'dtmcz',304199,625000.57,'agfuq')

statement ok
INSERT INTO tab0 VALUES(646,568054,474090.25,'wgopn',191101,552490.44,'fycvm')

statement ok
INSERT INTO tab0 VALUES(647,652587,785522.28,'wyohb',655578,552368.17,'bltol')

statement ok
INSERT INTO tab0 VALUES(648,958923,189758.26,'wrspp',334289,121032.7,'ilzqi')

statement ok
INSERT INTO tab0 VALUES(649,648162,609924.20,'lrnqy',68908,139617.26,'hhtlk')

statement ok
INSERT INTO tab0 VALUES(650,398864,416412.77,'haotc',531250,998962.36,'tmjjo')

statement ok
INSERT INTO tab0 VALUES(651,32287,551879.92,'eiuig',848144,724822.6,'flpom')

statement ok
INSERT INTO tab0 VALUES(652,137145,656250.52,'elsft',226562,102539.81,'dbpoq')

statement ok
INSERT INTO tab0 VALUES(653,694854,191711.95,'tyipn',578521,802368.35,'uihzp')

statement ok
INSERT INTO tab0 VALUES(654,704284,567718.77,'yxmhy',146057,504272.45,'rylyy')

statement ok
INSERT INTO tab0 VALUES(655,807006,265960.32,'jkvrf',126434,22949.43,'kbqxo')

statement ok
INSERT INTO tab0 VALUES(656,912048,965484.34,'leyee',296844,432922.85,'ytmds')

statement ok
INSERT INTO tab0 VALUES(657,821136,667510.62,'nipxs',639617,193420.11,'trxlc')

statement ok
INSERT INTO tab0 VALUES(658,853454,820526.57,'yusgt',967193,273468.10,'wuxud')

statement ok
INSERT INTO tab0 VALUES(659,470886,445373.93,'edppi',547058,276885.77,'bwdwv')

statement ok
INSERT INTO tab0 VALUES(660,902770,260040.32,'abbww',726745,567199.83,'wfosg')

statement ok
INSERT INTO tab0 VALUES(661,771148,804901.90,'qbmce',558898,392761.30,'wfzji')

statement ok
INSERT INTO tab0 VALUES(662,715545,567474.99,'tbyir',426269,11627.19,'ryxoc')

statement ok
INSERT INTO tab0 VALUES(663,18066,107635.69,'rbnvj',666656,816680.11,'eyugy')

statement ok
INSERT INTO tab0 VALUES(664,228485,182525.51,'psbbf',197906,460510.88,'nrdfo')

statement ok
INSERT INTO tab0 VALUES(665,789062,871459.99,'myqdy',142974,980529.17,'jfouc')

statement ok
INSERT INTO tab0 VALUES(666,659637,701110.34,'kronk',454925,923858.12,'yxalj')

statement ok
INSERT INTO tab0 VALUES(667,942718,770385.4,'pgmos',541871,472412.96,'gxxiz')

statement ok
INSERT INTO tab0 VALUES(668,508300,875457.49,'nimed',891967,567901.65,'zwbci')

statement ok
INSERT INTO tab0 VALUES(669,618957,634765.60,'ahhnn',698516,36773.49,'zpcgv')

statement ok
INSERT INTO tab0 VALUES(670,554932,614044.46,'nyine',484832,715179.76,'apkbz')

statement ok
INSERT INTO tab0 VALUES(671,238952,451171.95,'beyoc',729339,574188.32,'fueyp')

statement ok
INSERT INTO tab0 VALUES(672,861358,981475.33,'nnkbd',490570,844482.26,'wztgw')

statement ok
INSERT INTO tab0 VALUES(673,505035,362426.92,'pvbeb',32104,141571.52,'xqquj')

statement ok
INSERT INTO tab0 VALUES(674,770538,198791.67,'avojq',447570,590728.50,'tnppj')

statement ok
INSERT INTO tab0 VALUES(675,400909,667602.85,'twvzw',285736,952056.70,'ofvix')

statement ok
INSERT INTO tab0 VALUES(676,906799,643157.61,'yljac',175384,745269.35,'hsacw')

statement ok
INSERT INTO tab0 VALUES(677,191436,821990.64,'eveqb',450439,375000.1,'xfpzc')

statement ok
INSERT INTO tab0 VALUES(678,175628,847991.79,'nsasz',774842,255584.22,'mqusp')

statement ok
INSERT INTO tab0 VALUES(679,422760,437194.69,'vxorw',767669,936096.11,'fgpho')

statement ok
INSERT INTO tab0 VALUES(680,763763,503021.39,'nukzn',628021,225402.5,'uhgnq')

statement ok
INSERT INTO tab0 VALUES(681,922241,281036.96,'ccgvp',760131,317169.22,'eqaux')

statement ok
INSERT INTO tab0 VALUES(682,139283,454193.13,'anapx',398254,914764.31,'aknpc')

statement ok
INSERT INTO tab0 VALUES(683,798583,277587.92,'xgbtj',231781,356384.7,'tntdr')

statement ok
INSERT INTO tab0 VALUES(684,51422,703704.26,'oqcgh',30151,739929.0,'mlhax')

statement ok
INSERT INTO tab0 VALUES(685,441650,507171.59,'jxmgg',267852,48126.92,'kujwf')

statement ok
INSERT INTO tab0 VALUES(686,530700,409973.53,'bqksp',749481,273406.65,'ttyxy')

statement ok
INSERT INTO tab0 VALUES(687,522583,206329.49,'eltaf',234741,542999.58,'acaqv')

statement ok
INSERT INTO tab0 VALUES(688,888885,887756.27,'wslsv',63354,243927.33,'zknky')

statement ok
INSERT INTO tab0 VALUES(689,993774,767944.71,'iapxc',780181,147949.37,'wypdu')

statement ok
INSERT INTO tab0 VALUES(690,718994,607940.31,'rxkcu',760132,536560.63,'ofrup')

statement ok
INSERT INTO tab0 VALUES(691,88867,741027.84,'gnnrs',833160,326049.15,'ooqcf')

statement ok
INSERT INTO tab0 VALUES(692,895324,197753.1,'rcbrd',909332,192504.68,'jvuem')

statement ok
INSERT INTO tab0 VALUES(693,322784,830932.3,'wsrgs',603820,696716.32,'gygfc')

statement ok
INSERT INTO tab0 VALUES(694,573333,440643.28,'kvwjp',861816,409301.14,'srvxb')

statement ok
INSERT INTO tab0 VALUES(695,491607,899200.93,'jawlr',583679,35583.80,'jzhhl')

statement ok
INSERT INTO tab0 VALUES(696,189819,276275.54,'umyaq',249694,540710.19,'gylft')

statement ok
INSERT INTO tab0 VALUES(697,672760,963714.74,'ltmgc',545379,274536.4,'uegca')

statement ok
INSERT INTO tab0 VALUES(698,462799,800659.77,'ggbpt',986267,96710.55,'bqzlv')

statement ok
INSERT INTO tab0 VALUES(699,224914,198486.19,'dyqok',542938,501678.2,'vzhnp')

statement ok
INSERT INTO tab0 VALUES(700,391571,265930.45,'marcg',266082,743621.48,'rmkyo')

statement ok
INSERT INTO tab0 VALUES(701,787902,933898.53,'yldkw',911499,961456.28,'fmejw')

statement ok
INSERT INTO tab0 VALUES(702,256591,80566.60,'toumk',565032,303894.75,'aahcy')

statement ok
INSERT INTO tab0 VALUES(703,282928,656433.57,'tvits',267578,54443.84,'zqipj')

statement ok
INSERT INTO tab0 VALUES(704,619689,809265.79,'oiguk',640167,756318.69,'iqyhc')

statement ok
INSERT INTO tab0 VALUES(705,912322,9002.62,'unhrb',508850,337554.30,'sdxbo')

statement ok
INSERT INTO tab0 VALUES(706,323822,172973.10,'zrkbh',529815,235900.14,'jjizw')

statement ok
INSERT INTO tab0 VALUES(707,159790,790649.53,'vrugy',814270,523925.76,'hnruw')

statement ok
INSERT INTO tab0 VALUES(708,493316,48858.14,'iphjc',553558,33905.46,'gdzqe')

statement ok
INSERT INTO tab0 VALUES(709,790161,956665.69,'whepg',644042,482910.87,'aazsm')

statement ok
INSERT INTO tab0 VALUES(710,533660,470397.8,'kzpxp',312225,597808.58,'mpftq')

statement ok
INSERT INTO tab0 VALUES(711,849639,618652.1,'nbnuw',739624,240203.79,'rsawr')

statement ok
INSERT INTO tab0 VALUES(712,131622,627319.59,'mmuur',687896,531433.92,'afwxz')

statement ok
INSERT INTO tab0 VALUES(713,665588,44464.94,'qnlbn',123718,977630.24,'jmkim')

statement ok
INSERT INTO tab0 VALUES(714,255187,865478.87,'dluea',843902,594726.47,'feoqs')

statement ok
INSERT INTO tab0 VALUES(715,846649,658081.46,'nzjpw',100280,33355.44,'rwpey')

statement ok
INSERT INTO tab0 VALUES(716,153687,687164.68,'kbhie',224822,703979.71,'tnmoi')

statement ok
INSERT INTO tab0 VALUES(717,282714,39916.7,'xmgpl',254516,901763.17,'miqmz')

statement ok
INSERT INTO tab0 VALUES(718,357604,750793.29,'rjrms',556488,931701.69,'wbmhd')

statement ok
INSERT INTO tab0 VALUES(719,144927,926483.82,'yyvjs',452911,233489.72,'fafli')

statement ok
INSERT INTO tab0 VALUES(720,678710,871032.51,'ubxwz',846008,506622.96,'bidll')

statement ok
INSERT INTO tab0 VALUES(721,885681,210662.28,'ezifa',843109,835388.93,'oxrfu')

statement ok
INSERT INTO tab0 VALUES(722,210052,18859.67,'asqwj',381652,813812.63,'ispvj')

statement ok
INSERT INTO tab0 VALUES(723,238616,941467.54,'nztkr',854095,670623.15,'ttbay')

statement ok
INSERT INTO tab0 VALUES(724,325836,321472.64,'aqdub',733032,394470.31,'bisbb')

statement ok
INSERT INTO tab0 VALUES(725,218627,324249.25,'ifthw',196105,858612.27,'jbaci')

statement ok
INSERT INTO tab0 VALUES(726,681610,62316.82,'twkze',751007,946136.16,'ycayl')

statement ok
INSERT INTO tab0 VALUES(727,121887,720550.57,'irqir',860534,674896.72,'idwrk')

statement ok
INSERT INTO tab0 VALUES(728,214141,681091.14,'ujaxu',567596,322570.88,'gtqgm')

statement ok
INSERT INTO tab0 VALUES(729,525726,648254.20,'tbhxb',120147,551452.45,'bcpcm')

statement ok
INSERT INTO tab0 VALUES(730,141479,773712.7,'xthyw',596191,533752.69,'osiuw')

statement ok
INSERT INTO tab0 VALUES(731,288818,781372.36,'cyjmx',528869,76385.95,'ivwrv')

statement ok
INSERT INTO tab0 VALUES(732,962829,92407.60,'kldof',531341,746002.33,'vgrlk')

statement ok
INSERT INTO tab0 VALUES(733,551086,950286.82,'jsbmc',921875,994049.24,'kyyup')

statement ok
INSERT INTO tab0 VALUES(734,458740,545654.24,'zsdhp',348876,281768.8,'mlsbq')

statement ok
INSERT INTO tab0 VALUES(735,733612,141479.86,'ykimh',415679,205108.85,'uwuvw')

statement ok
INSERT INTO tab0 VALUES(736,691009,198059.6,'rnorr',305847,619842.77,'icfoc')

statement ok
INSERT INTO tab0 VALUES(737,538848,497863.30,'oztac',407958,766448.88,'pvbgp')

statement ok
INSERT INTO tab0 VALUES(738,2624,270660.65,'arffb',940643,395233.73,'pvrxf')

statement ok
INSERT INTO tab0 VALUES(739,950378,318482.50,'nbnrc',577667,891204.94,'evylq')

statement ok
INSERT INTO tab0 VALUES(740,17822,140625.12,'wttne',72814,399200.85,'xaebi')

statement ok
INSERT INTO tab0 VALUES(741,233154,58624.34,'hdoaq',885009,948760.15,'jrjyu')

statement ok
INSERT INTO tab0 VALUES(742,642181,341369.13,'obifk',803192,579223.52,'gukaq')

statement ok
INSERT INTO tab0 VALUES(743,933288,329895.24,'zljsc',571441,464721.21,'kwzht')

statement ok
INSERT INTO tab0 VALUES(744,62438,562622.85,'ttvzc',513854,39093.69,'cevui')

statement ok
INSERT INTO tab0 VALUES(745,878173,900146.14,'yydkt',159667,121002.30,'ytyac')

statement ok
INSERT INTO tab0 VALUES(746,746612,650329.99,'qtumk',868133,38848.84,'gvmnk')

statement ok
INSERT INTO tab0 VALUES(747,176452,693359.53,'ansvr',453643,755737.18,'zmdrj')

statement ok
INSERT INTO tab0 VALUES(748,443969,606689.80,'qtill',810607,994689.95,'zhcfw')

statement ok
INSERT INTO tab0 VALUES(749,218017,789947.40,'ksqrz',538574,363311.10,'ayexx')

statement ok
INSERT INTO tab0 VALUES(750,185028,590118.6,'teipf',567138,479125.56,'zwacn')

statement ok
INSERT INTO tab0 VALUES(751,674011,426422.31,'uwbtq',780944,94360.86,'xvfjb')

statement ok
INSERT INTO tab0 VALUES(752,281555,915374.7,'hhhsq',644744,220977.74,'gpige')

statement ok
INSERT INTO tab0 VALUES(753,496826,995666.32,'detvl',828399,255737.79,'wodsb')

statement ok
INSERT INTO tab0 VALUES(754,326568,53344.67,'aeiqm',831787,105194.8,'gjrxn')

statement ok
INSERT INTO tab0 VALUES(755,920104,46691.3,'xngsg',609924,310638.75,'plkra')

statement ok
INSERT INTO tab0 VALUES(756,194335,631256.22,'aqheo',197875,173065.70,'xujhb')

statement ok
INSERT INTO tab0 VALUES(757,458741,284851.58,'zqrir',335754,878387.14,'emgzz')

statement ok
INSERT INTO tab0 VALUES(758,40374,432556.62,'xfogl',93780,622131.27,'mhmqi')

statement ok
INSERT INTO tab0 VALUES(759,908874,571685.63,'ozumj',497283,734649.88,'bmmkv')

statement ok
INSERT INTO tab0 VALUES(760,301452,396911.31,'oiirs',151641,806060.98,'pcqgr')

statement ok
INSERT INTO tab0 VALUES(761,347931,925079.39,'jwbdt',867279,811279.42,'eznsm')

statement ok
INSERT INTO tab0 VALUES(762,695617,620330.25,'ldimu',284729,234954.53,'keclm')

statement ok
INSERT INTO tab0 VALUES(763,134490,519042.58,'khpgh',499664,196472.74,'tlpur')

statement ok
INSERT INTO tab0 VALUES(764,222076,354949.94,'gpzpa',687683,575012.20,'kgxow')

statement ok
INSERT INTO tab0 VALUES(765,908477,683959.45,'fdcug',729614,134552.37,'ozmmz')

statement ok
INSERT INTO tab0 VALUES(766,161407,9246.39,'ekjzr',836303,648803.74,'mwqzz')

statement ok
INSERT INTO tab0 VALUES(767,591064,906311.80,'qyatv',173645,26214.36,'qmprc')

statement ok
INSERT INTO tab0 VALUES(768,75317,147918.16,'vbhsy',487670,435028.49,'xkpcw')

statement ok
INSERT INTO tab0 VALUES(769,384582,829010.95,'yflfe',729431,428253.27,'otbhj')

statement ok
INSERT INTO tab0 VALUES(770,806884,491912.34,'ewbvv',680114,68725.29,'mxrkj')

statement ok
INSERT INTO tab0 VALUES(771,772735,251098.75,'vabfi',575927,53894.23,'feqig')

statement ok
INSERT INTO tab0 VALUES(772,480316,918395.54,'pwvlj',733215,841125.50,'ginjj')

statement ok
INSERT INTO tab0 VALUES(773,520385,127868.59,'ljhwe',173339,772491.87,'xdtta')

statement ok
INSERT INTO tab0 VALUES(774,501190,460845.93,'xxeqk',247802,199798.5,'tgjlp')

statement ok
INSERT INTO tab0 VALUES(775,673675,570922.38,'fzcjo',263122,609649.36,'kqmov')

statement ok
INSERT INTO tab0 VALUES(776,556243,308990.17,'irpqu',105957,748443.36,'yeder')

statement ok
INSERT INTO tab0 VALUES(777,559967,848114.57,'ckhuf',867980,747314.42,'vmovt')

statement ok
INSERT INTO tab0 VALUES(778,613494,808685.49,'lnand',471008,247100.41,'eiiee')

statement ok
INSERT INTO tab0 VALUES(779,787963,383422.13,'lxckw',291870,523559.28,'tjjqw')

statement ok
INSERT INTO tab0 VALUES(780,922210,462219.62,'iqepc',787536,612030.70,'eseao')

statement ok
INSERT INTO tab0 VALUES(781,247528,757263.58,'woplz',119995,432769.70,'bqyca')

statement ok
INSERT INTO tab0 VALUES(782,12908,928009.83,'izkce',781372,915740.26,'cdpid')

statement ok
INSERT INTO tab0 VALUES(783,109802,706146.96,'pglda',218841,125640.98,'dnaja')

statement ok
INSERT INTO tab0 VALUES(784,697357,20721.95,'jjqgt',459594,386993.66,'mdcuf')

statement ok
INSERT INTO tab0 VALUES(785,827178,122955.83,'dqyuk',736053,409027.95,'uyyqq')

statement ok
INSERT INTO tab0 VALUES(786,68572,711334.29,'phoke',110566,410766.98,'idwby')

statement ok
INSERT INTO tab0 VALUES(787,133300,56701.30,'ldbsk',100616,246033.98,'crsbl')

statement ok
INSERT INTO tab0 VALUES(788,500823,127044.73,'scmxs',303802,528350.87,'zetxk')

statement ok
INSERT INTO tab0 VALUES(789,43090,712738.0,'vylhe',22766,756072.94,'sgzxa')

statement ok
INSERT INTO tab0 VALUES(790,649627,551300.68,'tvjck',890197,437255.46,'fgfap')

statement ok
INSERT INTO tab0 VALUES(791,852630,452606.11,'bakxu',493896,214782.28,'pydlt')

statement ok
INSERT INTO tab0 VALUES(792,451782,423797.5,'ekukj',1770,991241.46,'galgl')

statement ok
INSERT INTO tab0 VALUES(793,139343,794189.30,'ievzg',786773,54046.94,'dvcza')

statement ok
INSERT INTO tab0 VALUES(794,125244,340454.32,'vmbgn',51910,200317.9,'rzgjr')

statement ok
INSERT INTO tab0 VALUES(795,761901,411499.82,'dyjym',455291,861968.40,'cwnwc')

statement ok
INSERT INTO tab0 VALUES(796,169311,53497.47,'amcdt',735169,230712.8,'kjchz')

statement ok
INSERT INTO tab0 VALUES(797,860137,134918.43,'nrghh',334716,382995.69,'rptlb')

statement ok
INSERT INTO tab0 VALUES(798,364532,471405.3,'jqmns',27343,404968.74,'yhcvb')

statement ok
INSERT INTO tab0 VALUES(799,855255,950927.40,'wlkni',541473,517700.35,'nnrca')

statement ok
INSERT INTO tab0 VALUES(800,772613,658782.6,'aymye',185577,201873.86,'bmaxj')

statement ok
INSERT INTO tab0 VALUES(801,449584,2441.57,'wejeh',473266,322998.46,'qwxhz')

statement ok
INSERT INTO tab0 VALUES(802,736633,836669.15,'leyyr',748168,256347.80,'ypimi')

statement ok
INSERT INTO tab0 VALUES(803,626831,588500.29,'vnkwq',809051,12023.63,'kotlt')

statement ok
INSERT INTO tab0 VALUES(804,880828,382232.41,'myles',534698,359741.43,'gadnh')

statement ok
INSERT INTO tab0 VALUES(805,651824,164398.44,'gzjfv',509033,954132.1,'slcbd')

statement ok
INSERT INTO tab0 VALUES(806,110687,828887.49,'noeep',645996,459533.15,'aydam')

statement ok
INSERT INTO tab0 VALUES(807,70770,341735.43,'ftuuf',814666,675018.26,'sanrw')

statement ok
INSERT INTO tab0 VALUES(808,613037,866363.57,'febrr',464141,659454.92,'qgtbb')

statement ok
INSERT INTO tab0 VALUES(809,711029,888366.22,'cvxhz',248657,856506.59,'crhvl')

statement ok
INSERT INTO tab0 VALUES(810,855865,340606.37,'rrohd',652465,219543.19,'zsbra')

statement ok
INSERT INTO tab0 VALUES(811,681243,728271.28,'scnkj',614959,336761.74,'xngcm')

statement ok
INSERT INTO tab0 VALUES(812,588439,253814.12,'ktwuc',155548,556060.97,'hvtyj')

statement ok
INSERT INTO tab0 VALUES(813,371307,941864.61,'hbexi',998779,110168.97,'olzch')

statement ok
INSERT INTO tab0 VALUES(814,841278,764404.61,'kwvxn',199249,241516.80,'fxfax')

statement ok
INSERT INTO tab0 VALUES(815,452362,765687.77,'mcanx',766571,327331.9,'xdqmf')

statement ok
INSERT INTO tab0 VALUES(816,926147,187133.14,'yixlj',290588,4638.72,'uambm')

statement ok
INSERT INTO tab0 VALUES(817,876800,592529.81,'gjvbx',566070,295196.41,'hbcxn')

statement ok
INSERT INTO tab0 VALUES(818,436065,992889.54,'uchdl',217926,730499.35,'nzfhs')

statement ok
INSERT INTO tab0 VALUES(819,878265,971496.36,'cveid',326171,476837.81,'hlxdg')

statement ok
INSERT INTO tab0 VALUES(820,245300,808898.19,'bbtxm',50872,460296.80,'fmvwe')

statement ok
INSERT INTO tab0 VALUES(821,971649,607910.52,'xccfh',257141,491668.67,'zifwm')

statement ok
INSERT INTO tab0 VALUES(822,509368,418609.98,'ituob',140197,391571.74,'gyfcj')

statement ok
INSERT INTO tab0 VALUES(823,953125,363342.99,'vtkpx',850372,115325.92,'xovwe')

statement ok
INSERT INTO tab0 VALUES(824,665069,761688.35,'opmau',118041,878082.35,'gmdgr')

statement ok
INSERT INTO tab0 VALUES(825,900024,255584.94,'paojo',878631,279693.1,'xqgyd')

statement ok
INSERT INTO tab0 VALUES(826,430358,934143.26,'csphc',897674,429809.35,'heuqk')

statement ok
INSERT INTO tab0 VALUES(827,171020,458740.11,'gyrmn',395812,72875.92,'iaqxd')

statement ok
INSERT INTO tab0 VALUES(828,804534,188110.20,'sbogh',673737,713073.99,'wsgqt')

statement ok
INSERT INTO tab0 VALUES(829,406036,303161.76,'himyf',737182,739318.18,'uvtru')

statement ok
INSERT INTO tab0 VALUES(830,68145,932067.19,'okmxs',922027,550323.6,'yrbpv')

statement ok
INSERT INTO tab0 VALUES(831,526153,275360.67,'pwkuv',519165,679595.83,'lzbds')

statement ok
INSERT INTO tab0 VALUES(832,782897,730712.79,'gecil',399627,920349.87,'tjoyq')

statement ok
INSERT INTO tab0 VALUES(833,733825,18157.17,'kxmak',639465,450622.45,'veqej')

statement ok
INSERT INTO tab0 VALUES(834,791870,304992.9,'uruop',144836,958160.27,'bxqcd')

statement ok
INSERT INTO tab0 VALUES(835,512634,330688.12,'lqmsb',277038,765533.15,'uzitc')

statement ok
INSERT INTO tab0 VALUES(836,219299,532073.71,'oaqrd',477294,955017.62,'zeyod')

statement ok
INSERT INTO tab0 VALUES(837,627532,168212.88,'vzuzr',892089,493682.57,'splxf')

statement ok
INSERT INTO tab0 VALUES(838,470672,445434.80,'jzhvy',997802,358398.84,'awqvi')

statement ok
INSERT INTO tab0 VALUES(839,124633,642364.39,'arjyb',226074,660766.89,'hcepw')

statement ok
INSERT INTO tab0 VALUES(840,232818,234802.3,'jgedv',588439,772125.37,'djsll')

statement ok
INSERT INTO tab0 VALUES(841,331329,20904.9,'yhzva',301696,448608.81,'sjdye')

statement ok
INSERT INTO tab0 VALUES(842,473724,246032.62,'fgium',412567,956146.18,'ryryy')

statement ok
INSERT INTO tab0 VALUES(843,856262,727905.95,'xczue',422912,195373.57,'lzvze')

statement ok
INSERT INTO tab0 VALUES(844,442657,981414.32,'ycibm',914703,826751.77,'iqtzh')

statement ok
INSERT INTO tab0 VALUES(845,589324,343750.49,'reibc',174926,395446.93,'nifvs')

statement ok
INSERT INTO tab0 VALUES(846,670135,99365.39,'yuqcj',820709,456451.16,'hevdx')

statement ok
INSERT INTO tab0 VALUES(847,701660,604980.74,'ijsyf',424194,699462.19,'fqbrq')

statement ok
INSERT INTO tab0 VALUES(848,967926,414550.65,'ccdhm',137664,73974.93,'dekca')

statement ok
INSERT INTO tab0 VALUES(849,645660,404388.27,'ljmrx',318450,914276.18,'jwqqr')

statement ok
INSERT INTO tab0 VALUES(850,429046,897949.43,'ponwg',153930,64392.17,'vzsou')

statement ok
INSERT INTO tab0 VALUES(851,154968,791076.20,'yonpm',286590,3051.26,'ctbyk')

statement ok
INSERT INTO tab0 VALUES(852,427764,676757.59,'cmdev',439025,968902.51,'rtpfi')

statement ok
INSERT INTO tab0 VALUES(853,244476,970367.14,'eeocb',38879,85205.33,'zuyvj')

statement ok
INSERT INTO tab0 VALUES(854,619628,34423.55,'ryvqk',843841,485046.10,'njnwo')

statement ok
INSERT INTO tab0 VALUES(855,210327,303833.28,'wevnu',566711,436279.80,'aippb')

statement ok
INSERT INTO tab0 VALUES(856,941345,410644.22,'twipy',500396,466583.63,'nnqgl')

statement ok
INSERT INTO tab0 VALUES(857,629943,309265.30,'fihip',142852,488250.63,'okbnt')

statement ok
INSERT INTO tab0 VALUES(858,610961,401336.8,'fwwnl',822082,923492.32,'hstfs')

statement ok
INSERT INTO tab0 VALUES(859,361907,660766.43,'ufnyk',321197,829223.30,'lzxyt')

statement ok
INSERT INTO tab0 VALUES(860,127777,758728.11,'hkiwt',503417,22094.92,'ufjpd')

statement ok
INSERT INTO tab0 VALUES(861,546142,188690.43,'nevvb',937011,203552.84,'wqmfe')

statement ok
INSERT INTO tab0 VALUES(862,272247,391296.85,'trjep',520294,84838.72,'lbohh')

statement ok
INSERT INTO tab0 VALUES(863,603820,879547.60,'vgcog',106719,511901.79,'kutsd')

statement ok
INSERT INTO tab0 VALUES(864,106201,363647.33,'otexr',129760,590515.53,'abefs')

statement ok
INSERT INTO tab0 VALUES(865,237274,876159.74,'nkwqo',228027,811157.24,'bsgyn')

statement ok
INSERT INTO tab0 VALUES(866,972595,896820.17,'hirqo',870147,174133.69,'vwpht')

statement ok
INSERT INTO tab0 VALUES(867,430206,477661.23,'shkqo',979888,314453.78,'ikhhh')

statement ok
INSERT INTO tab0 VALUES(868,495758,367980.46,'vbjzs',561035,626953.9,'kuymv')

statement ok
INSERT INTO tab0 VALUES(869,447479,139312.93,'bioeq',322509,391174.56,'youhe')

statement ok
INSERT INTO tab0 VALUES(870,581176,310546.86,'kfoom',303253,896453.12,'uayud')

statement ok
INSERT INTO tab0 VALUES(871,835235,472747.27,'ovwxd',497344,566925.26,'evikw')

statement ok
INSERT INTO tab0 VALUES(872,415588,414245.56,'vzaag',478881,86425.72,'mozhv')

statement ok
INSERT INTO tab0 VALUES(873,420837,245727.19,'ptoli',27099,523620.8,'qmdgz')

statement ok
INSERT INTO tab0 VALUES(874,467071,525024.26,'dfibc',751251,456909.38,'fbebx')

statement ok
INSERT INTO tab0 VALUES(875,312989,382324.17,'zymoj',715728,99395.76,'lrbjz')

statement ok
INSERT INTO tab0 VALUES(876,484863,645080.21,'xqqif',64941,424102.8,'icfdk')

statement ok
INSERT INTO tab0 VALUES(877,901550,962921.21,'aycyg',648437,288635.56,'yisji')

statement ok
INSERT INTO tab0 VALUES(878,499481,932830.18,'ztvrp',645782,560516.36,'kylrc')

statement ok
INSERT INTO tab0 VALUES(879,857666,224060.87,'fcpia',191680,241973.27,'bbgyh')

statement ok
INSERT INTO tab0 VALUES(880,822692,703033.47,'uthud',885,594970.29,'orywv')

statement ok
INSERT INTO tab0 VALUES(881,133728,558532.21,'sqvpl',993194,266265.24,'bkosc')

statement ok
INSERT INTO tab0 VALUES(882,47515,426574.94,'arhoq',918518,412414.45,'gcjwf')

statement ok
INSERT INTO tab0 VALUES(883,963378,515441.83,'xjfmk',981872,824707.32,'oodlx')

statement ok
INSERT INTO tab0 VALUES(884,48217,730682.93,'vjntv',468292,54168.98,'hxcyv')

statement ok
INSERT INTO tab0 VALUES(885,861541,800109.86,'qcwxm',367950,536621.90,'rodvr')

statement ok
INSERT INTO tab0 VALUES(886,980346,398803.36,'tlnhk',1068,717681.53,'anbhf')

statement ok
INSERT INTO tab0 VALUES(887,624298,274108.98,'ehrsi',642913,177673.91,'xflrk')

statement ok
INSERT INTO tab0 VALUES(888,280609,370605.66,'tgkbv',148895,756713.30,'dcygs')

statement ok
INSERT INTO tab0 VALUES(889,329073,955230.38,'eezwk',579437,679718.80,'belty')

statement ok
INSERT INTO tab0 VALUES(890,667053,742095.78,'eywzp',825073,681335.99,'qqccq')

statement ok
INSERT INTO tab0 VALUES(891,334533,17578.78,'rvyhd',231445,130950.55,'nsjxz')

statement ok
INSERT INTO tab0 VALUES(892,138977,765411.22,'vlkbb',224244,157745.87,'cxlfe')

statement ok
INSERT INTO tab0 VALUES(893,280517,791503.46,'fchyv',934204,775695.69,'xazzg')

statement ok
INSERT INTO tab0 VALUES(894,976837,849029.1,'xocgl',822204,8514.71,'klpyl')

statement ok
INSERT INTO tab0 VALUES(895,88226,763519.18,'qokwq',304138,14648.25,'jasyg')

statement ok
INSERT INTO tab0 VALUES(896,742462,557648.69,'xrrqx',376007,212341.83,'wowsm')

statement ok
INSERT INTO tab0 VALUES(897,959991,576446.29,'eqlct',238952,404632.83,'lmsqm')

statement ok
INSERT INTO tab0 VALUES(898,278808,612213.37,'xenfp',924041,904266.8,'fkfaf')

statement ok
INSERT INTO tab0 VALUES(899,379517,29419.62,'qnbtd',917572,658782.52,'zvsbi')

statement ok
INSERT INTO tab0 VALUES(900,710205,889892.65,'gbscj',785858,375518.82,'nudgl')

statement ok
INSERT INTO tab0 VALUES(901,111633,77697.57,'acrwt',800262,646545.98,'jjdeb')

statement ok
INSERT INTO tab0 VALUES(902,442138,424163.68,'tgykf',562286,73669.97,'ilzyw')

statement ok
INSERT INTO tab0 VALUES(903,202545,832916.5,'wehpl',628448,393493.37,'iebav')

statement ok
INSERT INTO tab0 VALUES(904,161376,404754.15,'phoiw',135406,602416.97,'puqrf')

statement ok
INSERT INTO tab0 VALUES(905,979614,562835.50,'bfqey',424865,81573.40,'ybfru')

statement ok
INSERT INTO tab0 VALUES(906,835906,177520.27,'lqpab',668548,721801.78,'rbpyz')

statement ok
INSERT INTO tab0 VALUES(907,51483,691529.91,'zpasw',493408,48858.31,'urzex')

statement ok
INSERT INTO tab0 VALUES(908,715057,244750.79,'glurj',606323,348083.91,'ggdkp')

statement ok
INSERT INTO tab0 VALUES(909,308044,799377.79,'himmv',419311,789764.86,'wjlrc')

statement ok
INSERT INTO tab0 VALUES(910,329315,264862.97,'nsjog',674499,553771.39,'ofdrm')

statement ok
INSERT INTO tab0 VALUES(911,920440,622924.16,'dhrtg',69030,954895.35,'ljhie')

statement ok
INSERT INTO tab0 VALUES(912,490447,52520.62,'bfkzf',880187,567626.79,'blbkw')

statement ok
INSERT INTO tab0 VALUES(913,341064,54962.61,'bdxvn',590301,351196.61,'iqvgv')

statement ok
INSERT INTO tab0 VALUES(914,291473,578704.8,'bmnfo',511718,774628.19,'uiehy')

statement ok
INSERT INTO tab0 VALUES(915,303558,144592.24,'ahdax',412017,941741.0,'swdrt')

statement ok
INSERT INTO tab0 VALUES(916,106689,970611.22,'ftaql',138702,716064.23,'dahat')

statement ok
INSERT INTO tab0 VALUES(917,822814,97137.68,'iybro',244415,845947.41,'drwwk')

statement ok
INSERT INTO tab0 VALUES(918,591552,511688.44,'nfwoc',611907,89447.6,'vlwkh')

statement ok
INSERT INTO tab0 VALUES(919,195007,274169.9,'tcxep',78979,339447.27,'ohhcg')

statement ok
INSERT INTO tab0 VALUES(920,682861,641632.66,'nsqlm',63476,748535.37,'agdfm')

statement ok
INSERT INTO tab0 VALUES(921,997467,193482.18,'lnqza',188385,854125.52,'kwmqr')

statement ok
INSERT INTO tab0 VALUES(922,598663,956359.36,'axrsp',906707,703338.38,'kyvhc')

statement ok
INSERT INTO tab0 VALUES(923,88868,529174.18,'zuwms',126556,978088.66,'mfavv')

statement ok
INSERT INTO tab0 VALUES(924,838165,208129.52,'hgvug',836151,120086.84,'xumkv')

statement ok
INSERT INTO tab0 VALUES(925,609130,111602.83,'jevfl',728759,455780.71,'yzfbz')

statement ok
INSERT INTO tab0 VALUES(926,181915,305328.67,'aytff',827697,321319.4,'xvdni')

statement ok
INSERT INTO tab0 VALUES(927,979339,927276.43,'xvlrz',111419,187774.20,'krasd')

statement ok
INSERT INTO tab0 VALUES(928,691711,312652.87,'hzqne',138397,785827.78,'hwrmb')

statement ok
INSERT INTO tab0 VALUES(929,901947,119018.80,'lrgky',672210,230987.22,'xlbfg')

statement ok
INSERT INTO tab0 VALUES(930,710540,451110.70,'pekgr',306580,148529.42,'folhm')

statement ok
INSERT INTO tab0 VALUES(931,360534,985961.30,'eioyu',90148,798553.38,'vhoag')

statement ok
INSERT INTO tab0 VALUES(932,862640,97869.28,'vbpze',151824,200775.83,'hgpxx')

statement ok
INSERT INTO tab0 VALUES(933,620056,983367.81,'rgdza',325408,259826.82,'bblpw')

statement ok
INSERT INTO tab0 VALUES(934,53588,786346.26,'haljd',774963,890045.41,'pcvho')

statement ok
INSERT INTO tab0 VALUES(935,226623,722869.74,'ysqby',619445,140502.22,'tfimu')

statement ok
INSERT INTO tab0 VALUES(936,470123,206268.82,'reubt',558074,320068.11,'ocpnq')

statement ok
INSERT INTO tab0 VALUES(937,7629,972229.5,'ksdyu',494964,122406.78,'pdkgq')

statement ok
INSERT INTO tab0 VALUES(938,580261,203582.67,'cldsh',164489,750885.40,'zxxrc')

statement ok
INSERT INTO tab0 VALUES(939,71716,655517.20,'vbpgt',755950,43701.23,'pxpmy')

statement ok
INSERT INTO tab0 VALUES(940,133270,780487.6,'bmsbv',538787,598754.27,'dcnvz')

statement ok
INSERT INTO tab0 VALUES(941,808776,853118.21,'niltu',487548,898773.84,'gnlua')

statement ok
INSERT INTO tab0 VALUES(942,159667,95397.76,'ntivj',906799,436187.26,'ryucb')

statement ok
INSERT INTO tab0 VALUES(943,889953,801574.61,'bxwfz',56243,838226.42,'jocth')

statement ok
INSERT INTO tab0 VALUES(944,971221,463073.8,'vomvv',775634,991912.43,'qnure')

statement ok
INSERT INTO tab0 VALUES(945,267639,893676.49,'mxrkc',109741,169006.28,'fomdw')

statement ok
INSERT INTO tab0 VALUES(946,160949,354400.85,'sxhxa',933564,151000.39,'mrdsz')

statement ok
INSERT INTO tab0 VALUES(947,175476,678527.44,'ggjez',577026,354187.29,'ntbqy')

statement ok
INSERT INTO tab0 VALUES(948,603118,396606.44,'gqpus',450195,954650.24,'dbema')

statement ok
INSERT INTO tab0 VALUES(949,128356,861450.59,'fqbkh',668243,13184.84,'hdbyn')

statement ok
INSERT INTO tab0 VALUES(950,453247,373138.76,'chvlm',676391,600402.66,'vczfv')

statement ok
INSERT INTO tab0 VALUES(951,922424,304016.62,'opoxp',874908,921630.86,'angwo')

statement ok
INSERT INTO tab0 VALUES(952,148101,223663.23,'chctw',244171,442016.83,'hydft')

statement ok
INSERT INTO tab0 VALUES(953,635101,24017.71,'bkhrk',969665,11413.80,'pndex')

statement ok
INSERT INTO tab0 VALUES(954,405731,44189.82,'svfqj',66925,989501.47,'npzud')

statement ok
INSERT INTO tab0 VALUES(955,624969,195556.60,'rbipc',6530,370666.64,'imvth')

statement ok
INSERT INTO tab0 VALUES(956,225341,86853.2,'rtobh',339202,909088.83,'cvlgd')

statement ok
INSERT INTO tab0 VALUES(957,531951,148986.55,'yklsa',320678,243743.90,'xoekj')

statement ok
INSERT INTO tab0 VALUES(958,887512,760131.84,'ewgbx',536804,23315.69,'xffaw')

statement ok
INSERT INTO tab0 VALUES(959,277221,370819.34,'sbczi',528565,31311.63,'lsqcs')

statement ok
INSERT INTO tab0 VALUES(960,953948,628723.86,'tpbpj',416870,310943.37,'gznnj')

statement ok
INSERT INTO tab0 VALUES(961,63110,503875.29,'hlhne',527862,290252.41,'lqgsu')

statement ok
INSERT INTO tab0 VALUES(962,267730,413574.16,'lihuu',17700,906982.72,'viieo')

statement ok
INSERT INTO tab0 VALUES(963,373321,347290.27,'jruio',497589,733703.35,'vuvez')

statement ok
INSERT INTO tab0 VALUES(964,953063,991851.35,'pbbrc',658874,102691.10,'udflg')

statement ok
INSERT INTO tab0 VALUES(965,972717,856323.65,'auzol',897918,231018.9,'yntoo')

statement ok
INSERT INTO tab0 VALUES(966,415527,397033.58,'bqclf',941223,345550.43,'qzlvf')

statement ok
INSERT INTO tab0 VALUES(967,907440,142608.35,'ulwhr',470306,807891.81,'lwdus')

statement ok
INSERT INTO tab0 VALUES(968,341857,818847.54,'assex',746826,239379.15,'ilwxb')

statement ok
INSERT INTO tab0 VALUES(969,504852,473907.81,'nfduy',237457,646148.20,'oqsao')

statement ok
INSERT INTO tab0 VALUES(970,700073,603179.44,'crydw',239013,544129.22,'eqdfh')

statement ok
INSERT INTO tab0 VALUES(971,373657,274291.2,'pjfey',503356,83953.51,'ulwgb')

statement ok
INSERT INTO tab0 VALUES(972,739440,252227.2,'hsmms',862365,176086.14,'yqjil')

statement ok
INSERT INTO tab0 VALUES(973,403717,124146.48,'szase',853149,615692.50,'ctqqd')

statement ok
INSERT INTO tab0 VALUES(974,990478,424499.56,'avrlx',342742,207763.96,'uenyw')

statement ok
INSERT INTO tab0 VALUES(975,766174,760009.23,'aygre',153320,891998.47,'ursip')

statement ok
INSERT INTO tab0 VALUES(976,264953,934631.85,'etmjy',687165,867889.22,'gxbrt')

statement ok
INSERT INTO tab0 VALUES(977,913421,74676.84,'axfif',551574,719726.25,'sfmme')

statement ok
INSERT INTO tab0 VALUES(978,655883,753601.25,'yaonb',183990,541534.4,'idfgj')

statement ok
INSERT INTO tab0 VALUES(979,579101,117248.42,'qgxzr',476898,62042.19,'ydxhn')

statement ok
INSERT INTO tab0 VALUES(980,537536,8605.61,'zzfgo',402832,769897.3,'iauis')

statement ok
INSERT INTO tab0 VALUES(981,778137,93048.61,'hgybr',639434,38360.20,'dxsac')

statement ok
INSERT INTO tab0 VALUES(982,565429,983093.34,'jrkyn',194458,250518.35,'dmisv')

statement ok
INSERT INTO tab0 VALUES(983,806610,363648.55,'rvqxh',30700,924255.69,'gwfzj')

statement ok
INSERT INTO tab0 VALUES(984,676361,116760.37,'nztzz',691009,837158.69,'vezfo')

statement ok
INSERT INTO tab0 VALUES(985,241943,446838.96,'ztxyo',923339,151611.62,'qdjjs')

statement ok
INSERT INTO tab0 VALUES(986,88287,5523.16,'hqmuy',305755,539794.27,'aqmpt')

statement ok
INSERT INTO tab0 VALUES(987,942811,16723.7,'tqipi',871368,308624.48,'cnvqj')

statement ok
INSERT INTO tab0 VALUES(988,300506,401641.70,'zzpwf',733337,524749.84,'tbksb')

statement ok
INSERT INTO tab0 VALUES(989,49041,903656.62,'ztfkl',709960,139618.27,'wsxbl')

statement ok
INSERT INTO tab0 VALUES(990,93566,213500.52,'hirsn',949554,114471.68,'koumd')

statement ok
INSERT INTO tab0 VALUES(991,981842,94146.91,'bfkvp',555541,545258.56,'ndnbb')

statement ok
INSERT INTO tab0 VALUES(992,529174,505798.67,'gpxvp',211486,787750.61,'uxmum')

statement ok
INSERT INTO tab0 VALUES(993,443542,731018.76,'syolk',805877,582427.41,'cahcd')

statement ok
INSERT INTO tab0 VALUES(994,950408,499542.75,'jqeuz',57464,179595.97,'ctwom')

statement ok
INSERT INTO tab0 VALUES(995,417846,113403.52,'fqvvk',139892,464263.44,'zinpp')

statement ok
INSERT INTO tab0 VALUES(996,981506,571899.86,'ozced',307037,81268.65,'ylbvn')

statement ok
INSERT INTO tab0 VALUES(997,169586,696563.9,'crdoa',517791,560150.79,'bwbaf')

statement ok
INSERT INTO tab0 VALUES(998,527954,256286.67,'cawpm',61096,440246.3,'kdvnu')

statement ok
INSERT INTO tab0 VALUES(999,244964,92132.86,'kjahp',181030,395690.14,'lenyq')

statement ok
CREATE TABLE tab1(pk INTEGER PRIMARY KEY, col0 INTEGER, col1 FLOAT, col2 TEXT, col3 INTEGER, col4 FLOAT, col5 TEXT)

# Datafusion - DataFusion error: This feature is not implemented: Unsupported logical plan: CreateIndex
skipif Datafusion
statement ok
CREATE INDEX idx_tab1_0 on tab1 (col0)

# Datafusion - DataFusion error: This feature is not implemented: Unsupported logical plan: CreateIndex
skipif Datafusion
statement ok
CREATE INDEX idx_tab1_1 on tab1 (col1)

# Datafusion - DataFusion error: This feature is not implemented: Unsupported logical plan: CreateIndex
skipif Datafusion
statement ok
CREATE INDEX idx_tab1_3 on tab1 (col3)

# Datafusion - DataFusion error: This feature is not implemented: Unsupported logical plan: CreateIndex
skipif Datafusion
statement ok
CREATE INDEX idx_tab1_4 on tab1 (col4)

statement ok
INSERT INTO tab1 SELECT * FROM tab0

statement ok
CREATE TABLE tab2(pk INTEGER PRIMARY KEY, col0 INTEGER, col1 FLOAT, col2 TEXT, col3 INTEGER, col4 FLOAT, col5 TEXT)

# Datafusion - DataFusion error: This feature is not implemented: Unsupported logical plan: CreateIndex
skipif Datafusion
statement ok
CREATE UNIQUE INDEX idx_tab2_0 ON tab2 (col1,col4)

# Datafusion - DataFusion error: This feature is not implemented: Unsupported logical plan: CreateIndex
skipif Datafusion
statement ok
CREATE UNIQUE INDEX idx_tab2_1 ON tab2 (col3 DESC)

statement ok
INSERT INTO tab2 SELECT * FROM tab0

statement ok
CREATE TABLE tab3(pk INTEGER PRIMARY KEY, col0 INTEGER, col1 FLOAT, col2 TEXT, col3 INTEGER, col4 FLOAT, col5 TEXT)

# Datafusion - DataFusion error: This feature is not implemented: Unsupported logical plan: CreateIndex
skipif Datafusion
statement ok
CREATE INDEX idx_tab3_0 ON tab3 (col4)

# Datafusion - DataFusion error: This feature is not implemented: Unsupported logical plan: CreateIndex
skipif Datafusion
statement ok
CREATE UNIQUE INDEX idx_tab3_3 ON tab3 (col3 DESC,col1)

# Datafusion - DataFusion error: This feature is not implemented: Unsupported logical plan: CreateIndex
skipif Datafusion
statement ok
CREATE INDEX idx_tab3_5 ON tab3 (col1)

statement ok
INSERT INTO tab3 SELECT * FROM tab0

statement ok
CREATE TABLE tab4(pk INTEGER PRIMARY KEY, col0 INTEGER, col1 FLOAT, col2 TEXT, col3 INTEGER, col4 FLOAT, col5 TEXT)

# Datafusion - DataFusion error: This feature is not implemented: Unsupported logical plan: CreateIndex
skipif Datafusion
statement ok
CREATE UNIQUE INDEX idx_tab4_1 ON tab4 (col1 DESC)

# Datafusion - DataFusion error: This feature is not implemented: Unsupported logical plan: CreateIndex
skipif Datafusion
statement ok
CREATE UNIQUE INDEX idx_tab4_2 ON tab4 (col4)

# Datafusion - DataFusion error: This feature is not implemented: Unsupported logical plan: CreateIndex
skipif Datafusion
statement ok
CREATE INDEX idx_tab4_4 ON tab4 (col3 DESC)

statement ok
INSERT INTO tab4 SELECT * FROM tab0

# Datafusion - Types were automatically converted from:
# Datafusion - [Expected] III[I][I][I][I]
# Datafusion - [Actual  ] II[R][T]I[R][T]
query IIRTIRT rowsort label-0
SELECT * FROM tab0 WHERE NOT - col4 IS NOT NULL
----

# Datafusion - Types were automatically converted from:
# Datafusion - [Expected] III[I][I][I][I]
# Datafusion - [Actual  ] II[R][T]I[R][T]
query IIRTIRT rowsort label-0
SELECT * FROM tab1 WHERE NOT - col4 IS NOT NULL
----

# Datafusion - Types were automatically converted from:
# Datafusion - [Expected] III[I][I][I][I]
# Datafusion - [Actual  ] II[R][T]I[R][T]
query IIRTIRT rowsort label-0
SELECT * FROM tab2 WHERE NOT - col4 IS NOT NULL
----

# Datafusion - Types were automatically converted from:
# Datafusion - [Expected] III[I][I][I][I]
# Datafusion - [Actual  ] II[R][T]I[R][T]
query IIRTIRT rowsort label-0
SELECT * FROM tab3 WHERE NOT - col4 IS NOT NULL
----

# Datafusion - Types were automatically converted from:
# Datafusion - [Expected] III[I][I][I][I]
# Datafusion - [Actual  ] II[R][T]I[R][T]
query IIRTIRT rowsort label-0
SELECT * FROM tab4 WHERE NOT - col4 IS NOT NULL
----

# Datafusion - Types were automatically converted from:
# Datafusion - [Expected] [I]
# Datafusion - [Actual  ] [R]
query R rowsort label-5
SELECT DISTINCT col3 * col4 + col3 AS col1 FROM tab0 WHERE ( NULL ) <= col3
----

# Datafusion - Types were automatically converted from:
# Datafusion - [Expected] [I]
# Datafusion - [Actual  ] [R]
query R rowsort label-5
SELECT DISTINCT col3 * col4 + col3 AS col1 FROM tab1 WHERE ( NULL ) <= col3
----

# Datafusion - Types were automatically converted from:
# Datafusion - [Expected] [I]
# Datafusion - [Actual  ] [R]
query R rowsort label-5
SELECT DISTINCT col3 * col4 + col3 AS col1 FROM tab2 WHERE ( NULL ) <= col3
----

# Datafusion - Types were automatically converted from:
# Datafusion - [Expected] [I]
# Datafusion - [Actual  ] [R]
query R rowsort label-5
SELECT DISTINCT col3 * col4 + col3 AS col1 FROM tab3 WHERE ( NULL ) <= col3
----

# Datafusion - Types were automatically converted from:
# Datafusion - [Expected] [I]
# Datafusion - [Actual  ] [R]
query R rowsort label-5
SELECT DISTINCT col3 * col4 + col3 AS col1 FROM tab4 WHERE ( NULL ) <= col3
----

query I rowsort label-10
SELECT - 33 FROM tab0 WHERE NULL IS NULL
----
1000 values hashing to 2bba20072f0c95d269da6368b704a0d6

query I rowsort label-10
SELECT - 33 FROM tab1 WHERE NULL IS NULL
----
1000 values hashing to 2bba20072f0c95d269da6368b704a0d6

query I rowsort label-10
SELECT - 33 FROM tab2 WHERE NULL IS NULL
----
1000 values hashing to 2bba20072f0c95d269da6368b704a0d6

query I rowsort label-10
SELECT - 33 FROM tab3 WHERE NULL IS NULL
----
1000 values hashing to 2bba20072f0c95d269da6368b704a0d6

query I rowsort label-10
SELECT - 33 FROM tab4 WHERE NULL IS NULL
----
1000 values hashing to 2bba20072f0c95d269da6368b704a0d6

query I rowsort label-15
SELECT + col3 col1 FROM tab0 WHERE col4 IS NULL
----

query I rowsort label-15
SELECT + col3 col1 FROM tab1 WHERE col4 IS NULL
----

query I rowsort label-15
SELECT + col3 col1 FROM tab2 WHERE col4 IS NULL
----

query I rowsort label-15
SELECT + col3 col1 FROM tab3 WHERE col4 IS NULL
----

query I rowsort label-15
SELECT + col3 col1 FROM tab4 WHERE col4 IS NULL
----

query I rowsort label-20
SELECT DISTINCT - 60 AS col2 FROM tab0 WHERE NOT col4 NOT BETWEEN ( col4 ) AND + 31 / col3 + col3
----
-60

query I rowsort label-20
SELECT DISTINCT - 60 AS col2 FROM tab1 WHERE NOT col4 NOT BETWEEN ( col4 ) AND + 31 / col3 + col3
----
-60

query I rowsort label-20
SELECT DISTINCT - 60 AS col2 FROM tab2 WHERE NOT col4 NOT BETWEEN ( col4 ) AND + 31 / col3 + col3
----
-60

query I rowsort label-20
SELECT DISTINCT - 60 AS col2 FROM tab3 WHERE NOT col4 NOT BETWEEN ( col4 ) AND + 31 / col3 + col3
----
-60

query I rowsort label-20
SELECT DISTINCT - 60 AS col2 FROM tab4 WHERE NOT col4 NOT BETWEEN ( col4 ) AND + 31 / col3 + col3
----
-60

query I rowsort label-25
SELECT ALL ( - 48 ) FROM tab0 cor0 WHERE NOT NULL IS NULL
----

query I rowsort label-25
SELECT ALL ( - 48 ) FROM tab1 cor0 WHERE NOT NULL IS NULL
----

query I rowsort label-25
SELECT ALL ( - 48 ) FROM tab2 cor0 WHERE NOT NULL IS NULL
----

query I rowsort label-25
SELECT ALL ( - 48 ) FROM tab3 cor0 WHERE NOT NULL IS NULL
----

query I rowsort label-25
SELECT ALL ( - 48 ) FROM tab4 cor0 WHERE NOT NULL IS NULL
----

# Datafusion - Types were automatically converted from:
# Datafusion - [Expected] III[I][I][I][I]
# Datafusion - [Actual  ] II[R][T]I[R][T]
query IIRTIRT rowsort label-30
SELECT * FROM tab0 AS cor0 WHERE ( NOT NULL <> + col4 / CAST ( - col0 AS REAL ) )
----

# Datafusion - Types were automatically converted from:
# Datafusion - [Expected] III[I][I][I][I]
# Datafusion - [Actual  ] II[R][T]I[R][T]
query IIRTIRT rowsort label-30
SELECT * FROM tab1 AS cor0 WHERE ( NOT NULL <> + col4 / CAST ( - col0 AS REAL ) )
----

# Datafusion - Types were automatically converted from:
# Datafusion - [Expected] III[I][I][I][I]
# Datafusion - [Actual  ] II[R][T]I[R][T]
query IIRTIRT rowsort label-30
SELECT * FROM tab2 AS cor0 WHERE ( NOT NULL <> + col4 / CAST ( - col0 AS REAL ) )
----

# Datafusion - Types were automatically converted from:
# Datafusion - [Expected] III[I][I][I][I]
# Datafusion - [Actual  ] II[R][T]I[R][T]
query IIRTIRT rowsort label-30
SELECT * FROM tab3 AS cor0 WHERE ( NOT NULL <> + col4 / CAST ( - col0 AS REAL ) )
----

# Datafusion - Types were automatically converted from:
# Datafusion - [Expected] III[I][I][I][I]
# Datafusion - [Actual  ] II[R][T]I[R][T]
query IIRTIRT rowsort label-30
SELECT * FROM tab4 AS cor0 WHERE ( NOT NULL <> + col4 / CAST ( - col0 AS REAL ) )
----
