hash-threshold 8
control resultmode valuewise

statement ok
CREATE TABLE tab0(pk INTEGER PRIMARY KEY, col0 INTEGER, col1 FLOAT, col2 TEXT, col3 INTEGER, col4 FLOAT, col5 TEXT)

statement ok
INSERT INTO tab0 VALUES(0,820007,267639.92,'oklyx',591644,681762.8,'epbsl')

statement ok
INSERT INTO tab0 VALUES(1,709167,230255.44,'zzntj',363708,640441.92,'xofvo')

statement ok
INSERT INTO tab0 VALUES(2,226013,325805.0,'jroet',716064,577392.16,'wvqvg')

statement ok
INSERT INTO tab0 VALUES(3,397369,380249.42,'mtdjb',496795,854766.1,'rhhqn')

statement ok
INSERT INTO tab0 VALUES(4,548797,323089.19,'atdmw',165252,610.16,'jfowf')

statement ok
INSERT INTO tab0 VALUES(5,929748,312286.11,'ryzyg',417205,834075.43,'pblil')

statement ok
INSERT INTO tab0 VALUES(6,338439,859344.94,'lesjb',809631,590270.40,'wdpuo')

statement ok
INSERT INTO tab0 VALUES(7,746948,954284.99,'lgfdy',385925,45379.2,'lbopi')

statement ok
INSERT INTO tab0 VALUES(8,926177,190673.74,'kucxn',300781,641571.25,'omrfz')

statement ok
INSERT INTO tab0 VALUES(9,70892,890502.53,'nqdhn',445190,612030.67,'srovm')

statement ok
INSERT INTO tab0 VALUES(10,424591,229400.10,'rsepv',71563,105926.10,'ngwco')

statement ok
INSERT INTO tab0 VALUES(11,904724,361419.28,'ojhfu',418518,313507.27,'aqqtt')

statement ok
INSERT INTO tab0 VALUES(12,727508,544158.57,'viznb',336090,591003.39,'suict')

statement ok
INSERT INTO tab0 VALUES(13,32928,263763.79,'dzgga',910583,585662.79,'twaui')

statement ok
INSERT INTO tab0 VALUES(14,509918,359802.71,'kishp',89721,360717.57,'ztmin')

statement ok
INSERT INTO tab0 VALUES(15,21148,150482.65,'thvgt',307434,520477.19,'fsguu')

statement ok
INSERT INTO tab0 VALUES(16,228179,557434.14,'urvbh',109069,335205.13,'dawkd')

statement ok
INSERT INTO tab0 VALUES(17,216308,230865.49,'tkzqc',776245,866241.47,'qrxed')

statement ok
INSERT INTO tab0 VALUES(18,119781,674407.49,'kptmi',951995,90911.58,'wuenh')

statement ok
INSERT INTO tab0 VALUES(19,746582,370330.96,'lsuil',265563,27557.68,'fotwu')

statement ok
INSERT INTO tab0 VALUES(20,203582,904327.43,'lpfuj',957611,860504.49,'tofjc')

statement ok
INSERT INTO tab0 VALUES(21,521423,90637.74,'awowq',505096,65155.88,'znskp')

statement ok
INSERT INTO tab0 VALUES(22,279602,97015.67,'boarl',246276,532897.44,'hzbgb')

statement ok
INSERT INTO tab0 VALUES(23,231445,569763.56,'puqex',5798,696136.16,'vxwts')

statement ok
INSERT INTO tab0 VALUES(24,929107,758605.93,'hmfma',719604,653259.3,'wfuxe')

statement ok
INSERT INTO tab0 VALUES(25,348602,641906.15,'etrux',59967,293731.67,'slllu')

statement ok
INSERT INTO tab0 VALUES(26,514709,51452.99,'ctyxy',60485,422973.93,'wltps')

statement ok
INSERT INTO tab0 VALUES(27,126098,797607.30,'rgivt',741058,887512.55,'havpx')

statement ok
INSERT INTO tab0 VALUES(28,180175,794158.62,'kbmjm',732971,699768.79,'ljkgk')

statement ok
INSERT INTO tab0 VALUES(29,598297,183532.81,'wanww',903808,163238.1,'ixqtl')

statement ok
INSERT INTO tab0 VALUES(30,850555,461578.66,'xhhrh',982482,997497.34,'tukel')

statement ok
INSERT INTO tab0 VALUES(31,580902,602691.53,'ofhzc',184204,463012.27,'jpmch')

statement ok
INSERT INTO tab0 VALUES(32,232147,184783.96,'iragm',835571,486358.30,'vxngj')

statement ok
INSERT INTO tab0 VALUES(33,670867,514312.33,'icvxt',999481,785064.58,'xyggr')

statement ok
INSERT INTO tab0 VALUES(34,812500,751159.42,'gskzm',100158,992736.46,'pdrzc')

statement ok
INSERT INTO tab0 VALUES(35,246337,33843.11,'sjnun',548126,783966.22,'hyalh')

statement ok
INSERT INTO tab0 VALUES(36,860412,604339.95,'edkjf',365295,999359.62,'wfzga')

statement ok
INSERT INTO tab0 VALUES(37,466705,933074.81,'fxvim',809875,770507.53,'waxkf')

statement ok
INSERT INTO tab0 VALUES(38,425933,844085.50,'mbciy',1403,645080.59,'ldsqy')

statement ok
INSERT INTO tab0 VALUES(39,272705,639923.39,'cylvc',545745,711730.83,'uugjv')

statement ok
INSERT INTO tab0 VALUES(40,340393,226593.5,'mttlk',160064,725097.26,'zegcz')

statement ok
INSERT INTO tab0 VALUES(41,386230,238647.85,'sxeai',297912,230895.53,'fdndc')

statement ok
INSERT INTO tab0 VALUES(42,216278,164184.62,'kwttr',774139,690826.52,'awdet')

statement ok
INSERT INTO tab0 VALUES(43,310455,469726.23,'dpzgm',389892,607604.2,'eikah')

statement ok
INSERT INTO tab0 VALUES(44,447418,725433.25,'ihrvh',557739,649932.29,'acdaf')

statement ok
INSERT INTO tab0 VALUES(45,329803,729888.57,'nabif',926452,777587.75,'nurxc')

statement ok
INSERT INTO tab0 VALUES(46,208892,635223.2,'ifetd',6225,366333.54,'jycgu')

statement ok
INSERT INTO tab0 VALUES(47,509948,72082.97,'tmrrs',793518,332916.19,'dihdp')

statement ok
INSERT INTO tab0 VALUES(48,456939,274658.3,'hceeo',396209,260162.24,'jwcyh')

statement ok
INSERT INTO tab0 VALUES(49,697814,205596.56,'vqgfm',658386,521881.85,'tzjrh')

statement ok
INSERT INTO tab0 VALUES(50,929168,681091.41,'brrii',785552,407867.43,'engvw')

statement ok
INSERT INTO tab0 VALUES(51,521575,495849.48,'likhk',969482,248992.27,'zcexd')

statement ok
INSERT INTO tab0 VALUES(52,144348,548095.35,'jzwvm',13366,542114.15,'xwzdf')

statement ok
INSERT INTO tab0 VALUES(53,390655,964599.93,'itxzx',956604,75103.0,'jfdwk')

statement ok
INSERT INTO tab0 VALUES(54,402496,225585.4,'xhczr',700012,51818.49,'netoh')

statement ok
INSERT INTO tab0 VALUES(55,495727,289825.11,'birsr',630706,217193.66,'khubv')

statement ok
INSERT INTO tab0 VALUES(56,784973,719604.72,'efvmt',247100,982147.56,'zzfkn')

statement ok
INSERT INTO tab0 VALUES(57,808715,805725.27,'fttow',784027,548583.87,'llylo')

statement ok
INSERT INTO tab0 VALUES(58,154296,692535.63,'sptse',837524,34484.51,'ccemu')

statement ok
INSERT INTO tab0 VALUES(59,82824,502838.70,'cckbc',990051,598815.29,'selsc')

statement ok
INSERT INTO tab0 VALUES(60,154266,462982.9,'uqqlp',435333,566528.52,'noqch')

statement ok
INSERT INTO tab0 VALUES(61,852416,27832.70,'dpzig',603515,553680.62,'kfiwk')

statement ok
INSERT INTO tab0 VALUES(62,209930,5767.41,'tsmch',785949,592224.79,'yvter')

statement ok
INSERT INTO tab0 VALUES(63,433227,683715.62,'nvbyt',760406,255187.58,'qowpv')

statement ok
INSERT INTO tab0 VALUES(64,527587,952056.95,'tnkmt',415924,781646.56,'wmsba')

statement ok
INSERT INTO tab0 VALUES(65,922119,429718.82,'jrhdj',377960,201660.92,'imjbc')

statement ok
INSERT INTO tab0 VALUES(66,94787,589141.10,'wcrbz',633178,461303.10,'tnbst')

statement ok
INSERT INTO tab0 VALUES(67,197326,881317.71,'sgpog',154663,547668.43,'kpjyk')

statement ok
INSERT INTO tab0 VALUES(68,680328,860656.28,'dsruj',526763,613830.73,'ydhos')

statement ok
INSERT INTO tab0 VALUES(69,918243,310211.73,'nzylb',570251,103912.93,'rtnmi')

statement ok
INSERT INTO tab0 VALUES(70,834259,366455.94,'kxbet',967102,878112.75,'qugqg')

statement ok
INSERT INTO tab0 VALUES(71,525512,644409.34,'qnmms',885711,337524.27,'ubqlv')

statement ok
INSERT INTO tab0 VALUES(72,887908,362640.56,'mnnfg',605773,549346.56,'biumz')

statement ok
INSERT INTO tab0 VALUES(73,241119,468139.3,'uxobr',143310,371765.32,'laucg')

statement ok
INSERT INTO tab0 VALUES(74,953765,761535.65,'cqaln',875640,578948.53,'fuzcz')

statement ok
INSERT INTO tab0 VALUES(75,68206,21881.35,'sirxs',166473,986145.1,'bgbgk')

statement ok
INSERT INTO tab0 VALUES(76,925659,131805.76,'wsoyp',990814,574584.10,'dmbcu')

statement ok
INSERT INTO tab0 VALUES(77,791198,202362.83,'yjkkb',559967,616485.26,'dtthm')

statement ok
INSERT INTO tab0 VALUES(78,478668,698242.46,'ijkiv',946655,800140.72,'qbkpg')

statement ok
INSERT INTO tab0 VALUES(79,975769,562561.9,'xvpkj',709808,354827.6,'yvhcc')

statement ok
INSERT INTO tab0 VALUES(80,69030,341979.36,'xpwtc',519775,175842.88,'nlofr')

statement ok
INSERT INTO tab0 VALUES(81,968841,311676.74,'bvejp',783172,949462.41,'uzjcf')

statement ok
INSERT INTO tab0 VALUES(82,934356,600341.10,'xqnwp',268035,278045.12,'muefu')

statement ok
INSERT INTO tab0 VALUES(83,898590,315216.42,'rtfef',728607,804931.35,'screh')

statement ok
INSERT INTO tab0 VALUES(84,93383,666992.35,'pazxz',530548,339447.96,'cpcgs')

statement ok
INSERT INTO tab0 VALUES(85,674438,94909.84,'xfahb',275817,981994.94,'vfewd')

statement ok
INSERT INTO tab0 VALUES(86,346221,391723.80,'cneph',427673,248962.1,'xpjoy')

statement ok
INSERT INTO tab0 VALUES(87,987060,828735.70,'xfauk',935760,197723.28,'ctyex')

statement ok
INSERT INTO tab0 VALUES(88,274139,280700.20,'ngafz',861022,551757.87,'hudxk')

statement ok
INSERT INTO tab0 VALUES(89,308410,350891.76,'qysdv',732,825408.51,'jkfqi')

statement ok
INSERT INTO tab0 VALUES(90,239685,496215.29,'tosnx',513488,449218.19,'nnrql')

statement ok
INSERT INTO tab0 VALUES(91,891601,151916.78,'byxkm',544189,894592.78,'jcjhj')

statement ok
INSERT INTO tab0 VALUES(92,386657,856872.88,'sdovi',849121,799041.65,'xknpu')

statement ok
INSERT INTO tab0 VALUES(93,771118,378479.58,'zzlfu',420867,91064.29,'vbzum')

statement ok
INSERT INTO tab0 VALUES(94,640106,837585.80,'evacx',113342,115142.95,'nhgcp')

statement ok
INSERT INTO tab0 VALUES(95,762573,833587.1,'cckrp',266754,756866.26,'gvsgo')

statement ok
INSERT INTO tab0 VALUES(96,706329,569427.89,'vyrqt',332702,567687.84,'jirck')

statement ok
INSERT INTO tab0 VALUES(97,462951,976470.92,'bsxmg',499084,890258.95,'femiu')

statement ok
INSERT INTO tab0 VALUES(98,72875,839721.4,'fwijh',315124,983093.9,'lysze')

statement ok
INSERT INTO tab0 VALUES(99,250366,922607.24,'lkjti',316345,145812.64,'afhfw')

statement ok
INSERT INTO tab0 VALUES(100,8544,92102.19,'wmyuk',649688,844024.49,'nxmtg')

statement ok
INSERT INTO tab0 VALUES(101,284301,443695.89,'qciga',698272,834320.65,'bggqw')

statement ok
INSERT INTO tab0 VALUES(102,563385,426422.27,'dtowl',706726,289367.88,'lefwm')

statement ok
INSERT INTO tab0 VALUES(103,505401,967742.83,'azjfu',405883,922821.33,'lyuwg')

statement ok
INSERT INTO tab0 VALUES(104,568695,598754.26,'jbkcc',637908,114318.13,'uaijy')

statement ok
INSERT INTO tab0 VALUES(105,635559,579010.7,'wojln',981353,34576.5,'igisx')

statement ok
INSERT INTO tab0 VALUES(106,637054,21514.19,'uazol',376068,770294.13,'eakug')

statement ok
INSERT INTO tab0 VALUES(107,178009,17883.63,'hohfn',748199,449188.24,'tjnmc')

statement ok
INSERT INTO tab0 VALUES(108,162200,763244.9,'lnsvz',635314,364959.80,'aadgl')

statement ok
INSERT INTO tab0 VALUES(109,417144,681182.58,'kbgko',811187,102386.34,'otezn')

statement ok
INSERT INTO tab0 VALUES(110,319244,548828.4,'ltlar',911010,662200.12,'sdkjw')

statement ok
INSERT INTO tab0 VALUES(111,418640,621856.0,'ehpkr',56243,586242.81,'rdgrh')

statement ok
INSERT INTO tab0 VALUES(112,64422,759368.15,'rdytv',479766,82244.6,'oughh')

statement ok
INSERT INTO tab0 VALUES(113,29418,549102.2,'mzscl',150665,149017.16,'tqwkx')

statement ok
INSERT INTO tab0 VALUES(114,135345,432220.55,'ylged',399444,701446.64,'tqwrz')

statement ok
INSERT INTO tab0 VALUES(115,877655,828430.78,'dxfxv',542907,695312.93,'mohrh')

statement ok
INSERT INTO tab0 VALUES(116,50750,260986.42,'bspbv',509155,252502.93,'jrpso')

statement ok
INSERT INTO tab0 VALUES(117,372772,481567.49,'ugxvc',462677,785888.68,'kmxks')

statement ok
INSERT INTO tab0 VALUES(118,110748,595489.95,'qghpi',429260,124328.99,'jdyfz')

statement ok
INSERT INTO tab0 VALUES(119,705474,186492.34,'cnrjb',921020,637756.3,'yihey')

statement ok
INSERT INTO tab0 VALUES(120,396606,441864.38,'fpvor',561401,362060.96,'spolt')

statement ok
INSERT INTO tab0 VALUES(121,847625,277435.59,'njpov',710144,124237.58,'mggzc')

statement ok
INSERT INTO tab0 VALUES(122,770874,462463.96,'hqwhf',88378,667175.96,'fugdq')

statement ok
INSERT INTO tab0 VALUES(123,552429,744842.52,'nvwyy',403533,774871.2,'hsqjs')

statement ok
INSERT INTO tab0 VALUES(124,877319,975891.0,'enfnr',974334,397277.18,'owasw')

statement ok
INSERT INTO tab0 VALUES(125,354339,235473.44,'jfypl',355926,775421.2,'nlnns')

statement ok
INSERT INTO tab0 VALUES(126,141052,957000.82,'fsusf',964660,566314.83,'kfyze')

statement ok
INSERT INTO tab0 VALUES(127,568969,52307.69,'hahfr',703308,967987.32,'hlbzm')

statement ok
INSERT INTO tab0 VALUES(128,768341,36865.77,'owusl',585906,844451.15,'gkjkn')

statement ok
INSERT INTO tab0 VALUES(129,293304,154571.63,'mfrwj',362915,850799.66,'naqzt')

statement ok
INSERT INTO tab0 VALUES(130,746765,502868.25,'galyj',145996,558105.41,'olsvk')

statement ok
INSERT INTO tab0 VALUES(131,405456,157745.68,'xvwit',33233,578430.84,'etueq')

statement ok
INSERT INTO tab0 VALUES(132,845062,298614.67,'jkeih',734008,689910.90,'ronur')

statement ok
INSERT INTO tab0 VALUES(133,564910,333526.27,'ohytj',194000,961669.67,'anevu')

statement ok
INSERT INTO tab0 VALUES(134,613311,23956.48,'spolb',220275,878845.97,'vfqgq')

statement ok
INSERT INTO tab0 VALUES(135,212310,609954.86,'hjbyh',106201,467559.0,'slqrd')

statement ok
INSERT INTO tab0 VALUES(136,382812,934997.17,'elkfx',256469,420013.98,'fewtx')

statement ok
INSERT INTO tab0 VALUES(137,569580,571197.96,'vyodw',812103,219390.72,'yydab')

statement ok
INSERT INTO tab0 VALUES(138,266113,944091.24,'kaofj',275421,264862.32,'vojip')

statement ok
INSERT INTO tab0 VALUES(139,639892,457763.9,'wiwex',135131,996673.73,'eswqj')

statement ok
INSERT INTO tab0 VALUES(140,157043,619812.25,'bucom',491241,21057.41,'srhof')

statement ok
INSERT INTO tab0 VALUES(141,207641,166351.80,'ybqkq',680053,235229.97,'vtbyf')

statement ok
INSERT INTO tab0 VALUES(142,730590,187042.76,'qjgvr',899291,952484.73,'rdbpq')

statement ok
INSERT INTO tab0 VALUES(143,838562,250000.70,'oyqrr',832885,27099.42,'gifvf')

statement ok
INSERT INTO tab0 VALUES(144,443115,526885.39,'psjdt',276184,979370.76,'owfce')

statement ok
INSERT INTO tab0 VALUES(145,879547,917877.40,'cbxkc',760803,120574.9,'ryxqj')

statement ok
INSERT INTO tab0 VALUES(146,532104,176696.76,'gdyfz',179779,678070.1,'abjen')

statement ok
INSERT INTO tab0 VALUES(147,458801,35491.56,'wvlog',412353,920166.0,'gmyjc')

statement ok
INSERT INTO tab0 VALUES(148,16418,330047.56,'vcsgz',949188,281280.4,'qdlpt')

statement ok
INSERT INTO tab0 VALUES(149,485687,124572.86,'awopa',517242,486724.24,'aagmf')

statement ok
INSERT INTO tab0 VALUES(150,696075,836853.48,'nlmzu',704772,677917.44,'yxlpm')

statement ok
INSERT INTO tab0 VALUES(151,650909,363098.2,'rermq',586456,537231.89,'xzxay')

statement ok
INSERT INTO tab0 VALUES(152,152374,203155.26,'ifgqw',348175,413116.82,'ikmyo')

statement ok
INSERT INTO tab0 VALUES(153,426391,585296.79,'wziuu',912200,445007.9,'uzclx')

statement ok
INSERT INTO tab0 VALUES(154,747833,591339.65,'gveaa',562194,688354.82,'dwwyj')

statement ok
INSERT INTO tab0 VALUES(155,65338,281616.94,'lshpm',568023,239593.0,'magxd')

statement ok
INSERT INTO tab0 VALUES(156,626312,820007.45,'ewpno',810974,361236.12,'nzdlp')

statement ok
INSERT INTO tab0 VALUES(157,602111,598815.28,'hgllg',408630,606781.81,'oiyzc')

statement ok
INSERT INTO tab0 VALUES(158,712829,363983.48,'vhxye',339904,945709.43,'rnwvk')

statement ok
INSERT INTO tab0 VALUES(159,852447,339874.66,'dpumx',70007,888580.74,'skvuq')

statement ok
INSERT INTO tab0 VALUES(160,713684,354431.61,'xjtsx',175537,611938.49,'otvyj')

statement ok
INSERT INTO tab0 VALUES(161,413208,964019.95,'odojt',969390,83343.6,'iavay')

statement ok
INSERT INTO tab0 VALUES(162,116424,578643.72,'amysf',125793,186340.7,'eaagl')

statement ok
INSERT INTO tab0 VALUES(163,662628,586730.4,'dnbhl',305267,845550.4,'vixwt')

statement ok
INSERT INTO tab0 VALUES(164,189849,480255.73,'qmjla',779754,151550.97,'jcmty')

statement ok
INSERT INTO tab0 VALUES(165,760070,979705.89,'hpwzc',57403,486022.1,'npgbd')

statement ok
INSERT INTO tab0 VALUES(166,984039,159118.58,'dkdvp',507751,646545.3,'vymws')

statement ok
INSERT INTO tab0 VALUES(167,646270,570983.44,'kpprf',986724,971771.31,'qnfum')

statement ok
INSERT INTO tab0 VALUES(168,330230,371337.27,'wpnmr',461456,466430.10,'gwlqw')

statement ok
INSERT INTO tab0 VALUES(169,43121,444732.71,'sades',635498,926147.32,'fagyt')

statement ok
INSERT INTO tab0 VALUES(170,841003,529235.81,'zqwji',573699,62652.9,'fkxrz')

statement ok
INSERT INTO tab0 VALUES(171,453796,341461.71,'kpjuv',327239,628631.46,'ihauf')

statement ok
INSERT INTO tab0 VALUES(172,910186,701477.23,'rltbb',558593,542877.93,'elpac')

statement ok
INSERT INTO tab0 VALUES(173,162719,657867.51,'nknij',166625,15045.16,'xuifn')

statement ok
INSERT INTO tab0 VALUES(174,712768,612854.62,'xfwtv',911499,670989.56,'mblhp')

statement ok
INSERT INTO tab0 VALUES(175,235565,446990.19,'brufk',39672,677429.91,'sicov')

statement ok
INSERT INTO tab0 VALUES(176,205108,644500.7,'rjdzy',909027,867218.98,'lrkqg')

statement ok
INSERT INTO tab0 VALUES(177,519256,417999.89,'xcsil',613647,864074.20,'oxmup')

statement ok
INSERT INTO tab0 VALUES(178,124694,833740.74,'sroad',609039,207916.22,'gasth')

statement ok
INSERT INTO tab0 VALUES(179,641967,936431.76,'vnwcm',337005,479522.57,'axtht')

statement ok
INSERT INTO tab0 VALUES(180,990386,874237.78,'wehnn',850646,425781.31,'zzswi')

statement ok
INSERT INTO tab0 VALUES(181,13122,23957.97,'nczou',439453,84533.60,'swhcp')

statement ok
INSERT INTO tab0 VALUES(182,102203,115783.41,'sdssq',254211,909729.36,'qwwrk')

statement ok
INSERT INTO tab0 VALUES(183,823394,358551.75,'qgzde',932037,896209.88,'asrrx')

statement ok
INSERT INTO tab0 VALUES(184,541412,564514.84,'wdhjm',221374,704895.46,'dexmw')

statement ok
INSERT INTO tab0 VALUES(185,44738,274505.34,'puzwt',606964,787780.3,'iqsct')

statement ok
INSERT INTO tab0 VALUES(186,170623,882781.34,'scruj',934936,512756.77,'gtocq')

statement ok
INSERT INTO tab0 VALUES(187,430267,762237.2,'wqejc',37719,288787.73,'xcfyr')

statement ok
INSERT INTO tab0 VALUES(188,633605,389190.22,'rdrvc',359039,690917.46,'trwvx')

statement ok
INSERT INTO tab0 VALUES(189,514434,468536.10,'udyse',579040,585083.65,'ythgq')

statement ok
INSERT INTO tab0 VALUES(190,355407,58593.78,'aqhuu',239074,253326.74,'hiypi')

statement ok
INSERT INTO tab0 VALUES(191,612945,696319.93,'ouvni',366912,518676.54,'msctz')

statement ok
INSERT INTO tab0 VALUES(192,542327,522064.40,'ykpqb',101593,870147.86,'hiatz')

statement ok
INSERT INTO tab0 VALUES(193,822662,404815.87,'inoyj',318572,587829.14,'ofanl')

statement ok
INSERT INTO tab0 VALUES(194,181915,67016.45,'miwtw',254516,867797.7,'hqpgg')

statement ok
INSERT INTO tab0 VALUES(195,21820,209564.32,'clyrl',132507,947113.23,'zvphf')

statement ok
INSERT INTO tab0 VALUES(196,42968,636993.36,'rtocp',786926,228912.69,'pmgoc')

statement ok
INSERT INTO tab0 VALUES(197,869812,382263.73,'vyaxf',288452,407318.65,'qlmhv')

statement ok
INSERT INTO tab0 VALUES(198,675537,831878.57,'kfhdb',569152,592468.5,'ljtqs')

statement ok
INSERT INTO tab0 VALUES(199,807281,850860.56,'ktzlp',47393,435485.23,'efmhh')

statement ok
INSERT INTO tab0 VALUES(200,410949,907745.58,'lnsxk',252868,253570.51,'aazbu')

statement ok
INSERT INTO tab0 VALUES(201,56213,199615.31,'ovcob',451599,154876.85,'fnpoz')

statement ok
INSERT INTO tab0 VALUES(202,361694,777008.88,'ovuzi',270904,163665.46,'jozvl')

statement ok
INSERT INTO tab0 VALUES(203,619750,669006.50,'zkvaj',324493,345092.43,'hbayq')

statement ok
INSERT INTO tab0 VALUES(204,421600,8209.4,'inpjt',837371,930389.34,'liaoc')

statement ok
INSERT INTO tab0 VALUES(205,282318,155761.69,'ebxfs',270843,441864.91,'uwztn')

statement ok
INSERT INTO tab0 VALUES(206,265747,826232.61,'hhhte',947631,817718.60,'dymkt')

statement ok
INSERT INTO tab0 VALUES(207,609588,212829.48,'spaau',676666,537261.27,'cezxd')

statement ok
INSERT INTO tab0 VALUES(208,350372,112182.21,'wbhgi',378295,745758.74,'ggwyp')

statement ok
INSERT INTO tab0 VALUES(209,948486,49468.49,'xceup',709167,379577.50,'knpvp')

statement ok
INSERT INTO tab0 VALUES(210,913085,403411.48,'lcbnn',687225,290985.27,'lnwkk')

statement ok
INSERT INTO tab0 VALUES(211,427185,531188.37,'aymon',316802,373321.64,'vtplg')

statement ok
INSERT INTO tab0 VALUES(212,972656,893524.8,'exjuj',213531,686004.74,'ifimh')

statement ok
INSERT INTO tab0 VALUES(213,955108,179656.81,'jwesm',229370,579345.77,'mzygx')

statement ok
INSERT INTO tab0 VALUES(214,329101,432342.71,'ghzux',77575,819732.74,'kagks')

statement ok
INSERT INTO tab0 VALUES(215,222961,172851.52,'ysqhq',957824,714630.98,'gosfu')

statement ok
INSERT INTO tab0 VALUES(216,563781,526000.12,'tjxtp',180999,237396.88,'bzuar')

statement ok
INSERT INTO tab0 VALUES(217,702606,345062.24,'uunus',794372,152496.40,'bfcyp')

statement ok
INSERT INTO tab0 VALUES(218,39215,336853.5,'qming',206604,140380.81,'qminm')

statement ok
INSERT INTO tab0 VALUES(219,647247,186706.77,'vomit',812561,922485.20,'pwnlg')

statement ok
INSERT INTO tab0 VALUES(220,899200,683502.31,'shnkf',618530,386322.20,'hagvv')

statement ok
INSERT INTO tab0 VALUES(221,91339,844573.90,'wvmlf',867095,710388.56,'qtnih')

statement ok
INSERT INTO tab0 VALUES(222,68786,40802.72,'vszgb',662170,489166.77,'gnfhy')

statement ok
INSERT INTO tab0 VALUES(223,850494,121582.49,'qqmiy',593963,858215.71,'rjvtn')

statement ok
INSERT INTO tab0 VALUES(224,254272,539825.13,'pzhmy',364074,619079.25,'ldzvh')

statement ok
INSERT INTO tab0 VALUES(225,521697,476989.39,'tjspg',410400,364288.90,'fnhke')

statement ok
INSERT INTO tab0 VALUES(226,943206,967956.44,'rngah',532165,602478.42,'winvx')

statement ok
INSERT INTO tab0 VALUES(227,483062,26245.52,'uroku',514892,883148.43,'rixlz')

statement ok
INSERT INTO tab0 VALUES(228,404388,768798.56,'mftha',755523,921997.7,'jtygb')

statement ok
INSERT INTO tab0 VALUES(229,894073,541137.81,'ekmos',887207,725585.60,'icwpy')

statement ok
INSERT INTO tab0 VALUES(230,687866,42205.45,'mayhk',404479,716583.4,'qlmqq')

statement ok
INSERT INTO tab0 VALUES(231,695373,449584.23,'huegl',288269,858642.77,'jmmdo')

statement ok
INSERT INTO tab0 VALUES(232,624938,544281.8,'yhand',630707,781433.19,'ksnys')

statement ok
INSERT INTO tab0 VALUES(233,608886,835845.77,'iilgx',260345,905609.32,'xkhvs')

statement ok
INSERT INTO tab0 VALUES(234,828186,687347.47,'brkcj',367034,567901.42,'fbqvx')

statement ok
INSERT INTO tab0 VALUES(235,137756,440399.46,'nsgxk',126953,145996.65,'zbwaq')

statement ok
INSERT INTO tab0 VALUES(236,691345,540069.67,'abrno',327575,183654.66,'mjphf')

statement ok
INSERT INTO tab0 VALUES(237,566467,659973.36,'xbubs',992767,515625.22,'nzbpc')

statement ok
INSERT INTO tab0 VALUES(238,389526,827239.74,'tpmxq',7690,392669.86,'rtfyb')

statement ok
INSERT INTO tab0 VALUES(239,960662,547515.57,'lqicw',743835,606536.50,'iwuwe')

statement ok
INSERT INTO tab0 VALUES(240,878967,929992.80,'gutyy',683990,615051.2,'zpoae')

statement ok
INSERT INTO tab0 VALUES(241,167266,812316.20,'bbhwm',47332,667022.98,'eufuj')

statement ok
INSERT INTO tab0 VALUES(242,897277,885681.97,'iinuf',414337,927246.15,'qqudv')

statement ok
INSERT INTO tab0 VALUES(243,814453,819793.40,'mehwk',351806,601623.21,'qcovo')

statement ok
INSERT INTO tab0 VALUES(244,963195,387878.45,'thxdp',37841,61950.31,'tuhmp')

statement ok
INSERT INTO tab0 VALUES(245,311676,591705.38,'mfcba',886932,971099.75,'hjhyc')

statement ok
INSERT INTO tab0 VALUES(246,376831,786499.41,'eyhgp',174865,407989.58,'hiowm')

statement ok
INSERT INTO tab0 VALUES(247,849548,806030.33,'ppqyb',663757,992523.21,'qnypr')

statement ok
INSERT INTO tab0 VALUES(248,219451,87585.10,'cxeve',227050,10620.7,'eufoz')

statement ok
INSERT INTO tab0 VALUES(249,400024,796966.51,'kayos',474487,539184.21,'yrgxl')

statement ok
INSERT INTO tab0 VALUES(250,353607,953521.77,'azegr',377197,571197.94,'fzdhw')

statement ok
INSERT INTO tab0 VALUES(251,716308,555053.19,'gnhkm',892608,140625.42,'ojeky')

statement ok
INSERT INTO tab0 VALUES(252,423095,702911.73,'hkchx',589447,447448.35,'dzfmk')

statement ok
INSERT INTO tab0 VALUES(253,332763,726959.69,'ljarj',272857,982635.52,'qgrec')

statement ok
INSERT INTO tab0 VALUES(254,852966,310577.29,'fnziz',609191,653228.51,'oeqyf')

statement ok
INSERT INTO tab0 VALUES(255,565093,615692.34,'hdsxt',751220,907226.25,'gjawh')

statement ok
INSERT INTO tab0 VALUES(256,849517,407684.82,'ycvhn',962982,858734.67,'agrdj')

statement ok
INSERT INTO tab0 VALUES(257,510253,180480.52,'wraij',244934,412750.35,'iaorf')

statement ok
INSERT INTO tab0 VALUES(258,400299,281524.70,'ocanm',958740,390350.10,'ybtyi')

statement ok
INSERT INTO tab0 VALUES(259,46386,36773.64,'gdvol',452484,653686.62,'wtuhc')

statement ok
INSERT INTO tab0 VALUES(260,274108,875732.35,'cvyag',685546,230804.9,'rxmvy')

statement ok
INSERT INTO tab0 VALUES(261,832885,456359.12,'jyexo',853607,440856.86,'omkxl')

statement ok
INSERT INTO tab0 VALUES(262,20996,790161.22,'kudhq',13732,18951.99,'mgqum')

statement ok
INSERT INTO tab0 VALUES(263,310485,367156.44,'asebr',709289,241302.93,'eifhg')

statement ok
INSERT INTO tab0 VALUES(264,972259,280914.79,'ivliv',594970,49987.15,'mwbjp')

statement ok
INSERT INTO tab0 VALUES(265,701080,353424.8,'bnehg',61798,178283.72,'hsfty')

statement ok
INSERT INTO tab0 VALUES(266,240478,260314.58,'ocsrk',862091,275329.97,'uwwpl')

statement ok
INSERT INTO tab0 VALUES(267,7843,655639.59,'boqlb',734558,31372.12,'mhocg')

statement ok
INSERT INTO tab0 VALUES(268,719390,296997.12,'szzkk',29205,302642.88,'jngcl')

statement ok
INSERT INTO tab0 VALUES(269,15197,170532.51,'rjfwi',332366,236389.9,'cdnsj')

statement ok
INSERT INTO tab0 VALUES(270,84075,615844.1,'hdneh',91674,395843.34,'amqyn')

statement ok
INSERT INTO tab0 VALUES(271,288818,451049.44,'iuslr',241149,885314.60,'mkpkx')

statement ok
INSERT INTO tab0 VALUES(272,790863,97869.83,'uoqbu',826110,475067.83,'qrmvz')

statement ok
INSERT INTO tab0 VALUES(273,175628,706481.1,'kyanc',628204,726440.64,'wtjrx')

statement ok
INSERT INTO tab0 VALUES(274,77270,280517.24,'mlwuf',790374,116760.88,'vhoxn')

statement ok
INSERT INTO tab0 VALUES(275,803802,802246.86,'feicc',441955,164367.27,'lxqls')

statement ok
INSERT INTO tab0 VALUES(276,962066,357360.89,'qjyod',323577,553588.4,'ftrwg')

statement ok
INSERT INTO tab0 VALUES(277,82763,260101.68,'xdvql',412200,259826.54,'fbhdd')

statement ok
INSERT INTO tab0 VALUES(278,245361,178222.49,'kcqbr',546081,674468.89,'hwuar')

statement ok
INSERT INTO tab0 VALUES(279,703186,258026.18,'rvydk',49896,729919.56,'dokvm')

statement ok
INSERT INTO tab0 VALUES(280,508422,249237.78,'usapf',359527,24566.5,'lpdct')

statement ok
INSERT INTO tab0 VALUES(281,136993,630218.12,'llgdr',647277,947875.46,'bbfai')

statement ok
INSERT INTO tab0 VALUES(282,113800,732757.51,'vpezq',446716,805267.16,'bhzju')

statement ok
INSERT INTO tab0 VALUES(283,637390,867218.28,'dmnqh',277801,943267.39,'uodvs')

statement ok
INSERT INTO tab0 VALUES(284,205261,447387.47,'jkkmf',271789,874298.89,'gpvto')

statement ok
INSERT INTO tab0 VALUES(285,238739,115692.45,'qsoir',796264,401855.55,'zgtub')

statement ok
INSERT INTO tab0 VALUES(286,707916,867980.50,'ebgap',80139,745513.97,'fhhoe')

statement ok
INSERT INTO tab0 VALUES(287,756774,178649.49,'pgmgt',838623,665740.16,'errcg')

statement ok
INSERT INTO tab0 VALUES(288,328033,125610.45,'xugzw',898315,589111.12,'zodse')

statement ok
INSERT INTO tab0 VALUES(289,788360,515319.26,'rlmdt',822113,733154.48,'xqwkn')

statement ok
INSERT INTO tab0 VALUES(290,553161,7690.21,'eafgm',534240,231475.12,'mwhqo')

statement ok
INSERT INTO tab0 VALUES(291,711730,241149.68,'lxvdk',945251,258666.80,'oegwn')

statement ok
INSERT INTO tab0 VALUES(292,652130,957763.70,'mpbij',576995,155334.77,'nyxhq')

statement ok
INSERT INTO tab0 VALUES(293,686279,127929.66,'indyu',187713,553070.43,'jrbgi')

statement ok
INSERT INTO tab0 VALUES(294,674926,75714.87,'enxeu',396911,499542.91,'wtfeg')

statement ok
INSERT INTO tab0 VALUES(295,652648,603576.19,'qoawk',310516,583404.72,'quqvl')

statement ok
INSERT INTO tab0 VALUES(296,452880,117614.69,'qezhm',145660,59295.39,'fophn')

statement ok
INSERT INTO tab0 VALUES(297,332824,752349.25,'rkhrc',855895,972930.5,'kkljs')

statement ok
INSERT INTO tab0 VALUES(298,598541,495880.19,'adrtn',756072,286010.11,'czqfa')

statement ok
INSERT INTO tab0 VALUES(299,229949,314727.88,'pxzqg',147369,1251.84,'stcek')

statement ok
INSERT INTO tab0 VALUES(300,505737,279052.40,'lindk',942260,287353.1,'zubbu')

statement ok
INSERT INTO tab0 VALUES(301,628448,687438.14,'maeqo',289611,604095.52,'lhkcg')

statement ok
INSERT INTO tab0 VALUES(302,349456,192016.41,'yyhob',199584,827239.3,'getkf')

statement ok
INSERT INTO tab0 VALUES(303,593994,923461.11,'hdebd',168670,373535.57,'mujoj')

statement ok
INSERT INTO tab0 VALUES(304,86059,615875.32,'ljvqw',804656,325805.17,'fnrka')

statement ok
INSERT INTO tab0 VALUES(305,973510,731994.92,'xuktm',451721,557861.49,'oibme')

statement ok
INSERT INTO tab0 VALUES(306,453033,587982.26,'vlenm',815338,859497.45,'zndtn')

statement ok
INSERT INTO tab0 VALUES(307,395172,478546.73,'dyogo',587310,61584.83,'gfugr')

statement ok
INSERT INTO tab0 VALUES(308,969238,801910.41,'tclzb',70739,160980.92,'sckqg')

statement ok
INSERT INTO tab0 VALUES(309,268402,184844.71,'rrhlt',805114,445556.14,'faxxd')

statement ok
INSERT INTO tab0 VALUES(310,934692,607574.96,'ysbge',191223,619171.67,'jozwh')

statement ok
INSERT INTO tab0 VALUES(311,783874,528869.8,'cmows',116180,926757.3,'urbxg')

statement ok
INSERT INTO tab0 VALUES(312,430664,11016.16,'yvmat',578430,279235.80,'xkoqa')

statement ok
INSERT INTO tab0 VALUES(313,913543,844818.10,'xblnr',312713,378509.13,'kjyif')

statement ok
INSERT INTO tab0 VALUES(314,319763,674621.25,'diird',415161,842559.47,'clyuh')

statement ok
INSERT INTO tab0 VALUES(315,410522,123229.3,'olead',968200,330352.10,'hmmtn')

statement ok
INSERT INTO tab0 VALUES(316,245758,916992.54,'zjmzc',665588,666839.85,'rubqi')

statement ok
INSERT INTO tab0 VALUES(317,809295,10772.20,'jxdlc',437377,968078.63,'qvsfd')

statement ok
INSERT INTO tab0 VALUES(318,633697,712951.35,'sjviv',75012,766021.14,'gvccu')

statement ok
INSERT INTO tab0 VALUES(319,425476,810455.93,'nawky',856231,133697.45,'njvlk')

statement ok
INSERT INTO tab0 VALUES(320,689880,693664.4,'oznqx',170104,810180.60,'jdins')

statement ok
INSERT INTO tab0 VALUES(321,356048,481506.61,'eqbak',141998,325531.30,'ylenb')

statement ok
INSERT INTO tab0 VALUES(322,401855,146423.99,'nivgg',258666,125823.49,'mtewo')

statement ok
INSERT INTO tab0 VALUES(323,479125,639404.63,'kxobs',993164,698150.98,'toieh')

statement ok
INSERT INTO tab0 VALUES(324,538421,14862.63,'qofei',429870,695587.11,'xvfpf')

statement ok
INSERT INTO tab0 VALUES(325,454193,555847.43,'cfjsk',889465,62286.31,'urxrq')

statement ok
INSERT INTO tab0 VALUES(326,649658,898834.41,'uhfxw',554016,158355.79,'xxgsy')

statement ok
INSERT INTO tab0 VALUES(327,721893,158843.48,'dgrsn',91918,884979.13,'svusb')

statement ok
INSERT INTO tab0 VALUES(328,66802,54443.80,'viplc',282775,809326.90,'qtdsk')

statement ok
INSERT INTO tab0 VALUES(329,504119,32623.28,'gavjm',642700,289581.32,'enxpz')

statement ok
INSERT INTO tab0 VALUES(330,902435,394012.32,'kuhiq',48980,599914.84,'dkzrr')

statement ok
INSERT INTO tab0 VALUES(331,804107,417663.35,'dtgla',365325,55572.80,'rklee')

statement ok
INSERT INTO tab0 VALUES(332,50384,486206.51,'edirm',66741,137786.3,'lfzdg')

statement ok
INSERT INTO tab0 VALUES(333,406250,210693.25,'jaqjk',864562,618774.51,'qmsuv')

statement ok
INSERT INTO tab0 VALUES(334,185638,555816.95,'ryxaa',331420,686859.94,'iunha')

statement ok
INSERT INTO tab0 VALUES(335,876220,964691.57,'kpsyh',526336,71228.41,'kadin')

statement ok
INSERT INTO tab0 VALUES(336,764556,483978.25,'hgkpd',619628,167266.4,'rcdsi')

statement ok
INSERT INTO tab0 VALUES(337,560943,888854.94,'qplpq',517944,161224.53,'eoheg')

statement ok
INSERT INTO tab0 VALUES(338,24627,808044.4,'jhjaa',489227,155456.86,'chnrv')

statement ok
INSERT INTO tab0 VALUES(339,588592,848693.1,'ilzgx',787811,293304.88,'cyahm')

statement ok
INSERT INTO tab0 VALUES(340,984710,721588.0,'enlni',279327,884094.96,'gvnuq')

statement ok
INSERT INTO tab0 VALUES(341,868621,365936.47,'stnlx',65734,528228.55,'ggfez')

statement ok
INSERT INTO tab0 VALUES(342,444793,74493.82,'wvnub',110321,242095.91,'plcji')

statement ok
INSERT INTO tab0 VALUES(343,91644,618560.2,'wnncy',862670,583068.63,'oxyvz')

statement ok
INSERT INTO tab0 VALUES(344,986236,372894.23,'lgnds',883758,774627.33,'nfmet')

statement ok
INSERT INTO tab0 VALUES(345,729614,440795.43,'vxouq',470855,831146.24,'xolud')

statement ok
INSERT INTO tab0 VALUES(346,971557,779083.1,'xerjd',282531,683074.87,'jkxmi')

statement ok
INSERT INTO tab0 VALUES(347,35705,323090.46,'mliob',963745,301910.56,'adddl')

statement ok
INSERT INTO tab0 VALUES(348,544555,111663.93,'dggup',770782,825134.20,'jqxes')

statement ok
INSERT INTO tab0 VALUES(349,44372,412200.92,'qysaq',196136,681243.77,'pxolj')

statement ok
INSERT INTO tab0 VALUES(350,630279,845550.84,'wjrgt',593811,714721.3,'qucoc')

statement ok
INSERT INTO tab0 VALUES(351,571228,511108.66,'bluhh',803985,311157.10,'gkkvu')

statement ok
INSERT INTO tab0 VALUES(352,935028,111816.57,'vuqer',778289,522003.11,'ezgpz')

statement ok
INSERT INTO tab0 VALUES(353,213256,79040.56,'jitah',204528,189910.80,'kjobx')

statement ok
INSERT INTO tab0 VALUES(354,946350,697784.4,'oywmv',132019,73394.19,'zsisk')

statement ok
INSERT INTO tab0 VALUES(355,348571,231475.50,'beykh',596282,972076.16,'lyzfj')

statement ok
INSERT INTO tab0 VALUES(356,933044,47088.14,'oripd',244171,851562.9,'vqjvr')

statement ok
INSERT INTO tab0 VALUES(357,136657,740112.44,'rzwek',958923,968444.50,'tlxch')

statement ok
INSERT INTO tab0 VALUES(358,945159,259582.83,'gabnw',485076,995391.64,'nuslo')

statement ok
INSERT INTO tab0 VALUES(359,518157,32989.32,'mwepc',53466,146057.16,'lmryd')

statement ok
INSERT INTO tab0 VALUES(360,814025,91339.10,'xgjts',6317,300079.70,'skrqg')

statement ok
INSERT INTO tab0 VALUES(361,214996,194274.16,'titki',422149,128173.53,'rbsnu')

statement ok
INSERT INTO tab0 VALUES(362,152130,954772.95,'ubpku',740814,217041.16,'xdwxj')

statement ok
INSERT INTO tab0 VALUES(363,730346,964477.98,'rdmyj',388488,194396.1,'lhren')

statement ok
INSERT INTO tab0 VALUES(364,353302,918426.44,'ziizq',402648,853942.96,'qsajv')

statement ok
INSERT INTO tab0 VALUES(365,348603,740295.84,'hipax',57159,280456.5,'rsktz')

statement ok
INSERT INTO tab0 VALUES(366,592620,707183.63,'mfhqd',487182,974670.6,'hjzpb')

statement ok
INSERT INTO tab0 VALUES(367,135498,574768.83,'qfhcd',314208,978424.13,'ecvqj')

statement ok
INSERT INTO tab0 VALUES(368,826324,702148.64,'geizq',271026,999450.43,'blvvv')

statement ok
INSERT INTO tab0 VALUES(369,937957,177062.7,'njczn',826812,536590.75,'smbuc')

statement ok
INSERT INTO tab0 VALUES(370,792022,940673.59,'dzmgv',812042,4638.11,'fqsql')

statement ok
INSERT INTO tab0 VALUES(371,384094,912689.72,'ttpea',43518,859466.44,'yejoc')

statement ok
INSERT INTO tab0 VALUES(372,8483,116363.67,'wqybx',949340,722930.14,'vxzik')

statement ok
INSERT INTO tab0 VALUES(373,883361,803375.96,'blnqz',194030,507904.77,'jueas')

statement ok
INSERT INTO tab0 VALUES(374,775726,579040.6,'ckasj',303314,543243.61,'wndpu')

statement ok
INSERT INTO tab0 VALUES(375,626434,527099.1,'axuvd',289306,698883.34,'mfbpr')

statement ok
INSERT INTO tab0 VALUES(376,175109,334838.1,'jzfye',275512,510742.64,'hawsa')

statement ok
INSERT INTO tab0 VALUES(377,585235,418090.11,'eynwq',121643,305725.79,'pqtkb')

statement ok
INSERT INTO tab0 VALUES(378,69152,46112.78,'ddebs',48828,326812.36,'xeznx')

statement ok
INSERT INTO tab0 VALUES(379,512969,466796.55,'wlxfb',264495,857971.77,'anezl')

statement ok
INSERT INTO tab0 VALUES(380,101654,31463.65,'uatws',587402,349151.96,'jckis')

statement ok
INSERT INTO tab0 VALUES(381,944000,319976.63,'muibi',72601,541381.97,'xoikt')

statement ok
INSERT INTO tab0 VALUES(382,697662,265747.96,'pcwui',636535,591674.64,'jehzb')

statement ok
INSERT INTO tab0 VALUES(383,194061,280609.69,'fmiyw',681945,198059.13,'iumjj')

statement ok
INSERT INTO tab0 VALUES(384,63476,380035.6,'tcqrd',722900,724548.64,'kbyya')

statement ok
INSERT INTO tab0 VALUES(385,360015,307922.11,'flqcl',9765,326232.99,'hmyzz')

statement ok
INSERT INTO tab0 VALUES(386,186645,661712.34,'hyiye',154296,74188.24,'ysuca')

statement ok
INSERT INTO tab0 VALUES(387,320098,17395.29,'nsbdf',754547,80474.34,'rggzu')

statement ok
INSERT INTO tab0 VALUES(388,835968,54412.22,'gzkou',19897,623229.73,'ihlxz')

statement ok
INSERT INTO tab0 VALUES(389,733673,680725.67,'buqjt',396026,271575.99,'hzboj')

statement ok
INSERT INTO tab0 VALUES(390,561492,157897.14,'nslzt',190032,10650.45,'tipkc')

statement ok
INSERT INTO tab0 VALUES(391,41473,225952.71,'rinmd',195220,366577.81,'usgmr')

statement ok
INSERT INTO tab0 VALUES(392,694519,228363.60,'xzfgh',316284,531555.77,'lpfbd')

statement ok
INSERT INTO tab0 VALUES(393,465393,237243.90,'eiatr',194305,488769.66,'vztcc')

statement ok
INSERT INTO tab0 VALUES(394,347625,178131.10,'dyoya',831573,137390.7,'keizc')

statement ok
INSERT INTO tab0 VALUES(395,8605,955108.78,'farbg',216796,417663.47,'yktdk')

statement ok
INSERT INTO tab0 VALUES(396,414550,575775.19,'uypcx',949981,435821.80,'rkesm')

statement ok
INSERT INTO tab0 VALUES(397,455535,276245.91,'hybra',867462,589080.16,'mzmav')

statement ok
INSERT INTO tab0 VALUES(398,570404,646179.45,'jsmjk',666870,690734.39,'bwejf')

statement ok
INSERT INTO tab0 VALUES(399,371856,753692.88,'zyznr',532226,95062.72,'wampx')

statement ok
INSERT INTO tab0 VALUES(400,271423,270446.47,'kdqvj',758850,822357.35,'jnuqp')

statement ok
INSERT INTO tab0 VALUES(401,104492,596618.30,'pckye',378387,683898.15,'gaihr')

statement ok
INSERT INTO tab0 VALUES(402,755218,985931.90,'dnney',783782,407043.20,'hnssi')

statement ok
INSERT INTO tab0 VALUES(403,781616,670532.85,'lukzy',354370,760131.48,'uwubo')

statement ok
INSERT INTO tab0 VALUES(404,40527,986206.41,'vjxrw',80780,677490.48,'ljvgn')

statement ok
INSERT INTO tab0 VALUES(405,312652,497161.18,'trhax',189971,384521.80,'pptjj')

statement ok
INSERT INTO tab0 VALUES(406,927459,121185.70,'rnozc',770233,522613.78,'hudnr')

statement ok
INSERT INTO tab0 VALUES(407,388275,254486.4,'otkcg',396148,274139.18,'nqjfh')

statement ok
INSERT INTO tab0 VALUES(408,997283,896911.49,'rzmkd',753692,487548.72,'gvuhs')

statement ok
INSERT INTO tab0 VALUES(409,480438,776733.15,'yektq',265136,802276.77,'nqvea')

statement ok
INSERT INTO tab0 VALUES(410,612548,475769.56,'vewsu',714050,773773.94,'qtcwa')

statement ok
INSERT INTO tab0 VALUES(411,842254,554351.31,'tmyac',870422,998474.72,'hpnhn')

statement ok
INSERT INTO tab0 VALUES(412,917053,676361.69,'ztzhk',115447,238891.11,'rfnch')

statement ok
INSERT INTO tab0 VALUES(413,508178,734100.32,'wlynd',66711,548522.23,'nsaeh')

statement ok
INSERT INTO tab0 VALUES(414,835845,973510.72,'ypiyo',203186,396850.95,'larjs')

statement ok
INSERT INTO tab0 VALUES(415,293914,118988.1,'zeljq',490051,794433.53,'vmazd')

statement ok
INSERT INTO tab0 VALUES(416,75225,498382.49,'iylcj',3936,417816.20,'bkknt')

statement ok
INSERT INTO tab0 VALUES(417,796325,168151.27,'tzpgv',557678,734558.86,'rtjii')

statement ok
INSERT INTO tab0 VALUES(418,122741,38269.90,'tifqh',325500,128204.62,'ktpbl')

statement ok
INSERT INTO tab0 VALUES(419,393646,997161.0,'rnwhl',468017,23376.51,'koclo')

statement ok
INSERT INTO tab0 VALUES(420,247192,36804.87,'tlmbg',757049,10651.2,'ivixd')

statement ok
INSERT INTO tab0 VALUES(421,245269,377685.13,'gsqgn',200836,971710.80,'khjbv')

statement ok
INSERT INTO tab0 VALUES(422,498626,593841.34,'rkkio',668914,204132.23,'poynp')

statement ok
INSERT INTO tab0 VALUES(423,291839,737762.63,'usrjp',517120,546569.8,'uookr')

statement ok
INSERT INTO tab0 VALUES(424,708343,465484.31,'vneyv',212677,503753.12,'vhtzy')

statement ok
INSERT INTO tab0 VALUES(425,255340,161560.49,'obsmo',959106,371307.73,'shciy')

statement ok
INSERT INTO tab0 VALUES(426,488922,64056.77,'klfzg',321258,360961.58,'qnjww')

statement ok
INSERT INTO tab0 VALUES(427,638916,389587.75,'sluus',850311,725402.17,'fsqcx')

statement ok
INSERT INTO tab0 VALUES(428,234100,458221.77,'pzbag',708740,883422.53,'memeh')

statement ok
INSERT INTO tab0 VALUES(429,726989,818572.46,'ixbgu',295410,544708.82,'ehaoh')

statement ok
INSERT INTO tab0 VALUES(430,118957,372772.40,'jkmev',870483,835021.95,'shapp')

statement ok
INSERT INTO tab0 VALUES(431,585236,501464.72,'lvtfx',180450,421203.18,'kudde')

statement ok
INSERT INTO tab0 VALUES(432,99822,188842.75,'regbh',83099,635986.80,'pjygp')

statement ok
INSERT INTO tab0 VALUES(433,60577,147521.64,'vtjno',172607,603179.73,'sgdsb')

statement ok
INSERT INTO tab0 VALUES(434,914215,943756.97,'iymwj',404449,362670.13,'janvn')

statement ok
INSERT INTO tab0 VALUES(435,781188,122253.39,'jplrs',720428,995239.3,'rahuw')

statement ok
INSERT INTO tab0 VALUES(436,80902,331176.23,'cviid',673645,747772.97,'cfbnz')

statement ok
INSERT INTO tab0 VALUES(437,156494,447326.14,'snvqs',53619,158111.63,'wragx')

statement ok
INSERT INTO tab0 VALUES(438,899993,700897.71,'pbdpf',511077,180206.42,'ugbcz')

statement ok
INSERT INTO tab0 VALUES(439,377197,800720.11,'lyjxh',183135,308898.14,'sdxsx')

statement ok
INSERT INTO tab0 VALUES(440,452758,59082.67,'khjnn',318298,705108.58,'jpfvy')

statement ok
INSERT INTO tab0 VALUES(441,415161,516723.55,'dpdmp',901275,320831.18,'pordz')

statement ok
INSERT INTO tab0 VALUES(442,601715,68023.35,'zisjl',278198,23956.61,'pdgns')

statement ok
INSERT INTO tab0 VALUES(443,23590,585754.74,'enkzf',781494,723480.42,'vkfcr')

statement ok
INSERT INTO tab0 VALUES(444,990722,46325.6,'sjyzr',354919,494354.68,'gxgnn')

statement ok
INSERT INTO tab0 VALUES(445,736938,654602.98,'vyomc',178527,702606.55,'mkpty')

statement ok
INSERT INTO tab0 VALUES(446,44799,968902.12,'vvbsl',293762,130249.99,'xigra')

statement ok
INSERT INTO tab0 VALUES(447,870819,26184.63,'kncpo',228363,100311.30,'soard')

statement ok
INSERT INTO tab0 VALUES(448,970245,466797.88,'ojekh',621398,601806.79,'dzpjg')

statement ok
INSERT INTO tab0 VALUES(449,522216,659729.4,'zatmm',848236,414825.41,'mevcz')

statement ok
INSERT INTO tab0 VALUES(450,754608,827423.73,'ybnof',645629,235443.35,'ixrpr')

statement ok
INSERT INTO tab0 VALUES(451,569244,170776.63,'ppjvz',736633,800720.68,'rvnqq')

statement ok
INSERT INTO tab0 VALUES(452,166717,994323.10,'zcocp',455627,13793.97,'xfdte')

statement ok
INSERT INTO tab0 VALUES(453,671386,831024.83,'gsyvq',373291,68786.92,'ckvps')

statement ok
INSERT INTO tab0 VALUES(454,756561,567382.43,'qcxng',921722,575836.98,'amswz')

statement ok
INSERT INTO tab0 VALUES(455,269287,568420.10,'tzqim',19226,686065.98,'kzord')

statement ok
INSERT INTO tab0 VALUES(456,855468,802673.21,'pwgui',695495,216674.75,'xlhlu')

statement ok
INSERT INTO tab0 VALUES(457,584869,967224.95,'vlumx',716613,775817.74,'hbsfh')

statement ok
INSERT INTO tab0 VALUES(458,575988,612609.94,'rnnnm',209869,887756.67,'pfyos')

statement ok
INSERT INTO tab0 VALUES(459,621276,267913.89,'fjxft',288970,117645.12,'ggjzz')

statement ok
INSERT INTO tab0 VALUES(460,811950,565734.18,'lmuts',678924,196716.17,'bbxue')

statement ok
INSERT INTO tab0 VALUES(461,162994,367218.50,'lfove',341064,147277.5,'qqxjk')

statement ok
INSERT INTO tab0 VALUES(462,238342,886932.49,'ljgdl',98022,407531.71,'frogd')

statement ok
INSERT INTO tab0 VALUES(463,775665,818084.36,'awpeu',258819,956787.51,'wktgd')

statement ok
INSERT INTO tab0 VALUES(464,311523,457305.49,'cfgtm',243774,440307.78,'tykpv')

statement ok
INSERT INTO tab0 VALUES(465,806213,829803.9,'hkyrs',209533,294464.50,'cdmbf')

statement ok
INSERT INTO tab0 VALUES(466,268981,814208.81,'tfjia',674041,871520.90,'kaeza')

statement ok
INSERT INTO tab0 VALUES(467,382813,267791.35,'nerhh',141632,564819.7,'oqxsz')

statement ok
INSERT INTO tab0 VALUES(468,129577,151245.12,'pyhau',727935,933776.62,'vlrev')

statement ok
INSERT INTO tab0 VALUES(469,414916,653808.82,'zxcmk',784912,828704.28,'fbyri')

statement ok
INSERT INTO tab0 VALUES(470,693328,318237.12,'wduqt',525848,516021.52,'kxyks')

statement ok
INSERT INTO tab0 VALUES(471,593139,165802.23,'snqfh',650329,803100.22,'atral')

statement ok
INSERT INTO tab0 VALUES(472,541503,821319.55,'nxwjk',969329,163391.23,'qkckq')

statement ok
INSERT INTO tab0 VALUES(473,389434,638061.30,'ugubp',30120,861328.3,'xjhfz')

statement ok
INSERT INTO tab0 VALUES(474,36712,822845.16,'qptap',741271,77362.37,'uimny')

statement ok
INSERT INTO tab0 VALUES(475,57006,561035.84,'bojck',997772,32928.87,'pygjy')

statement ok
INSERT INTO tab0 VALUES(476,322723,141418.75,'yyrzo',305816,115539.64,'cgpoj')

statement ok
INSERT INTO tab0 VALUES(477,630218,81420.63,'ihfwd',408020,3692.93,'tpcct')

statement ok
INSERT INTO tab0 VALUES(478,324584,251892.15,'itdbz',908264,791870.74,'saaxa')

statement ok
INSERT INTO tab0 VALUES(479,924774,2227.54,'kmjos',896850,115631.44,'zymmi')

statement ok
INSERT INTO tab0 VALUES(480,748596,285339.21,'lisry',575286,276519.41,'pvnmm')

statement ok
INSERT INTO tab0 VALUES(481,537628,782684.42,'wmauj',881500,367065.65,'sthgw')

statement ok
INSERT INTO tab0 VALUES(482,82305,29144.82,'vdgtx',114685,395904.41,'tccrs')

statement ok
INSERT INTO tab0 VALUES(483,846923,538238.18,'gyotv',560455,412567.84,'kboob')

statement ok
INSERT INTO tab0 VALUES(484,594512,926910.90,'axpsu',115631,632659.56,'zmumb')

statement ok
INSERT INTO tab0 VALUES(485,12054,40679.75,'bumdd',913452,562835.34,'ihley')

statement ok
INSERT INTO tab0 VALUES(486,335296,78491.41,'ktxow',948455,125732.69,'bcxjh')

statement ok
INSERT INTO tab0 VALUES(487,973754,717926.11,'oelgv',701477,785003.49,'rahha')

statement ok
INSERT INTO tab0 VALUES(488,135894,239990.31,'izkvv',764739,670318.65,'qdujp')

statement ok
INSERT INTO tab0 VALUES(489,453918,654235.25,'bpgwu',466796,702331.68,'oepte')

statement ok
INSERT INTO tab0 VALUES(490,608887,823760.63,'xfnou',497406,717773.35,'hebbo')

statement ok
INSERT INTO tab0 VALUES(491,955718,590087.20,'tuygi',532836,594329.31,'aazwq')

statement ok
INSERT INTO tab0 VALUES(492,148101,898376.41,'ijthh',860534,375762.71,'mclne')

statement ok
INSERT INTO tab0 VALUES(493,763580,922210.1,'qvpie',4364,396820.83,'yzfme')

statement ok
INSERT INTO tab0 VALUES(494,928527,188720.72,'qovee',349487,408264.69,'oztiv')

statement ok
INSERT INTO tab0 VALUES(495,943176,703552.79,'sankk',767395,701843.71,'ewiav')

statement ok
INSERT INTO tab0 VALUES(496,906524,75897.67,'riqww',240875,235382.29,'uhcrh')

statement ok
INSERT INTO tab0 VALUES(497,341430,643402.64,'xzdkp',489105,757690.46,'mrjic')

statement ok
INSERT INTO tab0 VALUES(498,819580,597259.40,'jjemz',592559,933593.51,'lqpgv')

statement ok
INSERT INTO tab0 VALUES(499,586517,107177.73,'yncur',618041,468902.61,'ltpwy')

statement ok
INSERT INTO tab0 VALUES(500,186553,446380.8,'ksrut',243652,235504.42,'oaqga')

statement ok
INSERT INTO tab0 VALUES(501,87860,116638.24,'oxemz',383911,396240.73,'qsnrr')

statement ok
INSERT INTO tab0 VALUES(502,307434,973175.91,'lqlzs',814544,530029.9,'dssjw')

statement ok
INSERT INTO tab0 VALUES(503,36132,349761.39,'jnfbf',797668,756774.42,'mlqey')

statement ok
INSERT INTO tab0 VALUES(504,263580,183685.12,'buzvt',706787,862396.64,'cfnzv')

statement ok
INSERT INTO tab0 VALUES(505,403259,140747.41,'vcimp',651611,423797.31,'kcsmz')

statement ok
INSERT INTO tab0 VALUES(506,917510,740296.98,'szyrh',103271,933990.23,'fjuvs')

statement ok
INSERT INTO tab0 VALUES(507,942443,480133.60,'kqtiq',519195,926849.6,'qeqdg')

statement ok
INSERT INTO tab0 VALUES(508,913024,961608.77,'skcha',968139,102447.1,'hfogu')

statement ok
INSERT INTO tab0 VALUES(509,188049,14587.26,'klwti',755157,451721.37,'jjmfs')

statement ok
INSERT INTO tab0 VALUES(510,675170,822448.82,'llmbe',46691,381713.20,'wfycr')

statement ok
INSERT INTO tab0 VALUES(511,455810,47119.74,'bceha',495483,840423.95,'qskks')

statement ok
INSERT INTO tab0 VALUES(512,410247,953979.49,'zvdwi',865600,441955.5,'mxfvl')

statement ok
INSERT INTO tab0 VALUES(513,842590,536956.39,'lllen',657409,591308.57,'lmuva')

statement ok
INSERT INTO tab0 VALUES(514,105804,643493.18,'lojek',732666,609558.82,'qivin')

statement ok
INSERT INTO tab0 VALUES(515,226623,99548.64,'rombz',939422,858856.0,'rhefu')

statement ok
INSERT INTO tab0 VALUES(516,530639,834625.28,'vxqwv',737060,867248.81,'qricu')

statement ok
INSERT INTO tab0 VALUES(517,267303,6683.91,'ryhda',821258,453887.7,'eyfup')

statement ok
INSERT INTO tab0 VALUES(518,234802,127227.27,'bkmmk',749114,853881.36,'skobn')

statement ok
INSERT INTO tab0 VALUES(519,405273,186279.67,'gfbfp',563934,843444.63,'pqtgj')

statement ok
INSERT INTO tab0 VALUES(520,549621,777404.61,'xxsah',420440,864654.83,'biivk')

statement ok
INSERT INTO tab0 VALUES(521,862518,222595.41,'fkdoe',209625,150787.55,'otuzo')

statement ok
INSERT INTO tab0 VALUES(522,587585,697479.83,'coebd',183868,850982.62,'smukn')

statement ok
INSERT INTO tab0 VALUES(523,642181,356109.67,'gtyzm',581848,155487.75,'oaktw')

statement ok
INSERT INTO tab0 VALUES(524,242523,456085.46,'grxpy',253570,420532.16,'qgcjh')

statement ok
INSERT INTO tab0 VALUES(525,528686,483551.1,'vuduu',285369,293365.17,'cjyxo')

statement ok
INSERT INTO tab0 VALUES(526,189514,278106.8,'waeic',624877,837219.89,'tgrws')

statement ok
INSERT INTO tab0 VALUES(527,87707,157867.1,'nimxs',706115,656402.79,'kdwif')

statement ok
INSERT INTO tab0 VALUES(528,884796,44586.31,'kmijl',74401,21179.32,'ujana')

statement ok
INSERT INTO tab0 VALUES(529,666168,588348.30,'rmasg',11383,992889.60,'twtmu')

statement ok
INSERT INTO tab0 VALUES(530,565979,292877.76,'fjxkg',160003,548858.96,'luwox')

statement ok
INSERT INTO tab0 VALUES(531,392242,640411.53,'prtew',149627,707427.64,'ihkgt')

statement ok
INSERT INTO tab0 VALUES(532,251831,216644.13,'meppc',220825,652923.37,'izzro')

statement ok
INSERT INTO tab0 VALUES(533,175354,835815.39,'lmzsk',850555,860778.99,'cqtew')

statement ok
INSERT INTO tab0 VALUES(534,742370,665679.9,'kresb',377166,222290.12,'ytmbl')

statement ok
INSERT INTO tab0 VALUES(535,706176,352539.59,'jxdkc',625213,169952.74,'cfvfk')

statement ok
INSERT INTO tab0 VALUES(536,618957,146118.40,'zzsao',530670,802124.84,'sakom')

statement ok
INSERT INTO tab0 VALUES(537,456665,24780.88,'jdtsp',765808,8270.3,'ctxxa')

statement ok
INSERT INTO tab0 VALUES(538,244110,820312.81,'gmhhm',364196,593811.17,'wfelb')

statement ok
INSERT INTO tab0 VALUES(539,679931,343078.4,'htpty',345825,405273.0,'ydjjq')

statement ok
INSERT INTO tab0 VALUES(540,761627,506866.11,'auhxc',341888,455078.78,'svenv')

statement ok
INSERT INTO tab0 VALUES(541,410461,454101.87,'alnbq',220001,46722.87,'gqtdv')

statement ok
INSERT INTO tab0 VALUES(542,96557,680633.13,'cwcrb',709045,899780.38,'jubga')

statement ok
INSERT INTO tab0 VALUES(543,463867,160858.23,'hjpvo',24322,274719.84,'quuki')

statement ok
INSERT INTO tab0 VALUES(544,955200,472686.73,'dxkzk',492340,98114.72,'ugqld')

statement ok
INSERT INTO tab0 VALUES(545,437133,922576.98,'suzqy',176025,87493.17,'pjivm')

statement ok
INSERT INTO tab0 VALUES(546,825103,670440.79,'tjyvr',499572,876464.57,'aqvod')

statement ok
INSERT INTO tab0 VALUES(547,708374,854736.2,'vlctm',873596,139617.16,'llkpw')

statement ok
INSERT INTO tab0 VALUES(548,975067,717437.24,'lbqps',319915,717559.71,'vrtok')

statement ok
INSERT INTO tab0 VALUES(549,437072,729034.30,'cejwh',96771,741882.12,'okelq')

statement ok
INSERT INTO tab0 VALUES(550,455139,713562.2,'obqhv',323699,760253.0,'zjqzs')

statement ok
INSERT INTO tab0 VALUES(551,563873,973480.77,'venfv',606536,861329.39,'dvypf')

statement ok
INSERT INTO tab0 VALUES(552,96618,414886.11,'kqcks',662536,799743.29,'dzwuf')

statement ok
INSERT INTO tab0 VALUES(553,810668,672302.43,'iyjpa',945159,121246.36,'fsfwl')

statement ok
INSERT INTO tab0 VALUES(554,512084,233825.54,'gmmbm',269256,287445.49,'wcbom')

statement ok
INSERT INTO tab0 VALUES(555,680694,565979.32,'sfwhf',436065,801147.44,'wfros')

statement ok
INSERT INTO tab0 VALUES(556,95275,238922.34,'ekitr',858032,331024.50,'qowjn')

statement ok
INSERT INTO tab0 VALUES(557,458343,51239.49,'dbefb',184020,836853.7,'avbpp')

statement ok
INSERT INTO tab0 VALUES(558,21301,155059.59,'frjqe',924194,694396.31,'ulgvt')

statement ok
INSERT INTO tab0 VALUES(559,209289,181060.3,'muorr',75042,820404.73,'mhjgh')

statement ok
INSERT INTO tab0 VALUES(560,246398,363342.39,'hrkih',744354,797698.88,'rffdy')

statement ok
INSERT INTO tab0 VALUES(561,780456,664642.6,'rznpr',776306,91.92,'arrof')

statement ok
INSERT INTO tab0 VALUES(562,508179,901123.88,'gfobu',376373,717376.25,'lnxyi')

statement ok
INSERT INTO tab0 VALUES(563,800018,867492.75,'nnplx',736358,280426.18,'fihwj')

statement ok
INSERT INTO tab0 VALUES(564,325378,462005.24,'vhylu',659393,186096.47,'eislm')

statement ok
INSERT INTO tab0 VALUES(565,677429,811340.27,'rqoet',184906,222259.7,'rwqfz')

statement ok
INSERT INTO tab0 VALUES(566,998107,395812.66,'reyuv',213714,592773.62,'wydll')

statement ok
INSERT INTO tab0 VALUES(567,603302,174163.83,'trjhx',132934,42572.19,'vcfbv')

statement ok
INSERT INTO tab0 VALUES(568,607635,708679.38,'imaww',440979,982574.82,'mvvdq')

statement ok
INSERT INTO tab0 VALUES(569,549591,290161.70,'hkbup',372650,614685.18,'ahwmb')

statement ok
INSERT INTO tab0 VALUES(570,16510,62957.65,'gcvxg',524047,56884.20,'tvojy')

statement ok
INSERT INTO tab0 VALUES(571,269470,149871.14,'rvwhi',477600,468139.69,'nvlbd')

statement ok
INSERT INTO tab0 VALUES(572,868530,777252.77,'wdeut',427062,173431.95,'mbkmn')

statement ok
INSERT INTO tab0 VALUES(573,297393,399963.47,'fgfvc',802490,788726.42,'nmyvb')

statement ok
INSERT INTO tab0 VALUES(574,588714,826416.8,'jabwo',895324,346069.28,'fvjib')

statement ok
INSERT INTO tab0 VALUES(575,948974,343444.2,'egocg',483306,418457.9,'bgrnd')

statement ok
INSERT INTO tab0 VALUES(576,383422,841522.91,'zmnbf',455505,244995.42,'nvvho')

statement ok
INSERT INTO tab0 VALUES(577,321197,939544.17,'rqrfp',437286,855682.46,'ekxge')

statement ok
INSERT INTO tab0 VALUES(578,240203,109954.67,'unxss',415405,196594.65,'waejo')

statement ok
INSERT INTO tab0 VALUES(579,292175,803741.33,'tpkwh',362916,254882.31,'tpfrh')

statement ok
INSERT INTO tab0 VALUES(580,927795,575317.76,'ukqvl',864196,183593.27,'npayx')

statement ok
INSERT INTO tab0 VALUES(581,521392,207733.92,'imshx',739959,426879.47,'oqgcb')

statement ok
INSERT INTO tab0 VALUES(582,996276,837463.65,'wrhye',672210,844848.61,'vbdbu')

statement ok
INSERT INTO tab0 VALUES(583,449493,79528.41,'gaufm',829345,838684.77,'hqvgm')

statement ok
INSERT INTO tab0 VALUES(584,776947,152496.82,'vepzd',491058,475555.3,'wekfz')

statement ok
INSERT INTO tab0 VALUES(585,298400,3387.31,'jezyk',673339,613647.10,'pbykw')

statement ok
INSERT INTO tab0 VALUES(586,382385,432739.76,'jzmnx',753570,27130.94,'sawnn')

statement ok
INSERT INTO tab0 VALUES(587,71289,219696.13,'ffthm',95458,531250.38,'yqujc')

statement ok
INSERT INTO tab0 VALUES(588,706330,246856.4,'dozrn',673919,107238.75,'kyumw')

statement ok
INSERT INTO tab0 VALUES(589,552551,625274.44,'lrtpy',700378,27313.53,'ugpoh')

statement ok
INSERT INTO tab0 VALUES(590,423858,819641.22,'roiaj',247436,979797.93,'songz')

statement ok
INSERT INTO tab0 VALUES(591,307922,773071.84,'njssj',874114,193878.55,'mhvub')

statement ok
INSERT INTO tab0 VALUES(592,991302,32226.92,'iywsi',250732,564941.97,'muqnd')

statement ok
INSERT INTO tab0 VALUES(593,684326,872283.93,'vkqcv',783935,779235.43,'fednl')

statement ok
INSERT INTO tab0 VALUES(594,646148,421966.77,'nydlp',241668,439117.39,'kuuka')

statement ok
INSERT INTO tab0 VALUES(595,809875,788421.38,'qeqqs',378296,187927.20,'dvhsu')

statement ok
INSERT INTO tab0 VALUES(596,407257,182434.43,'lbvju',559387,834991.73,'bbvqt')

statement ok
INSERT INTO tab0 VALUES(597,594024,43212.88,'eixvy',386901,480712.95,'iiduz')

statement ok
INSERT INTO tab0 VALUES(598,74645,163543.62,'getgz',324188,641479.59,'xitmw')

statement ok
INSERT INTO tab0 VALUES(599,727447,814636.12,'mvyrr',320800,374694.76,'rcwtf')

statement ok
INSERT INTO tab0 VALUES(600,229614,871337.5,'bhyjq',437713,403747.57,'kqssh')

statement ok
INSERT INTO tab0 VALUES(601,682067,936920.88,'qwgsp',472198,243103.76,'csqfc')

statement ok
INSERT INTO tab0 VALUES(602,234680,468200.50,'tunno',582824,323181.32,'whbpj')

statement ok
INSERT INTO tab0 VALUES(603,711090,900512.91,'nzqzu',914581,115478.12,'ifvfs')

statement ok
INSERT INTO tab0 VALUES(604,233703,772735.76,'fjvaa',223663,257476.53,'nxgau')

statement ok
INSERT INTO tab0 VALUES(605,848876,852172.4,'yxxbr',502685,677673.4,'bvbil')

statement ok
INSERT INTO tab0 VALUES(606,151702,259765.66,'fxhst',605529,720581.89,'lhwit')

statement ok
INSERT INTO tab0 VALUES(607,911163,594879.10,'ruddd',872497,271697.72,'waase')

statement ok
INSERT INTO tab0 VALUES(608,694976,60455.4,'mqnat',755096,882568.15,'rrtkt')

statement ok
INSERT INTO tab0 VALUES(609,494812,587860.97,'hynwm',441253,895812.44,'gqnbd')

statement ok
INSERT INTO tab0 VALUES(610,351074,962097.81,'obivo',480163,569946.8,'emvsu')

statement ok
INSERT INTO tab0 VALUES(611,978057,946594.55,'jzkjk',407440,204589.47,'ospna')

statement ok
INSERT INTO tab0 VALUES(612,388793,408325.87,'xxqrz',369903,265350.48,'ujeef')

statement ok
INSERT INTO tab0 VALUES(613,520263,442779.77,'jwikx',750793,508819.13,'cqmvx')

statement ok
INSERT INTO tab0 VALUES(614,858215,498992.18,'ahmlk',794647,107666.18,'hkciv')

statement ok
INSERT INTO tab0 VALUES(615,62164,504455.60,'otxgp',232299,775543.77,'cblgf')

statement ok
INSERT INTO tab0 VALUES(616,590576,990203.72,'dmfsm',906005,892089.5,'gwxet')

statement ok
INSERT INTO tab0 VALUES(617,325653,215789.4,'hcaqh',394226,628021.78,'qwzpv')

statement ok
INSERT INTO tab0 VALUES(618,198455,294281.50,'lddni',636810,70037.98,'igghp')

statement ok
INSERT INTO tab0 VALUES(619,813903,317291.11,'sspxi',559997,345855.56,'ugteb')

statement ok
INSERT INTO tab0 VALUES(620,75683,479858.57,'dewkl',701232,749176.91,'ymvsi')

statement ok
INSERT INTO tab0 VALUES(621,811340,205657.88,'wpvyl',834381,864776.55,'ktnvq')

statement ok
INSERT INTO tab0 VALUES(622,397247,271789.0,'esbnt',594604,693389.78,'mqndk')

statement ok
INSERT INTO tab0 VALUES(623,383636,933929.44,'scyat',103393,776855.24,'jchyo')

statement ok
INSERT INTO tab0 VALUES(624,119506,51177.90,'ngqnp',593536,322906.59,'fdiqo')

statement ok
INSERT INTO tab0 VALUES(625,377716,211273.91,'evkdt',34240,330383.12,'jjdkk')

statement ok
INSERT INTO tab0 VALUES(626,979949,855377.41,'znqor',755889,714080.36,'iqmxa')

statement ok
INSERT INTO tab0 VALUES(627,421752,403198.44,'bpwsj',75378,429870.73,'bvjtc')

statement ok
INSERT INTO tab0 VALUES(628,497436,377990.70,'ioeie',920806,599609.14,'yehfk')

statement ok
INSERT INTO tab0 VALUES(629,925170,531433.22,'zqara',456604,636169.64,'adiww')

statement ok
INSERT INTO tab0 VALUES(630,971984,968841.96,'fqqco',708587,368408.1,'bxhgt')

statement ok
INSERT INTO tab0 VALUES(631,78643,273956.46,'qjvpj',188873,166259.44,'rdsio')

statement ok
INSERT INTO tab0 VALUES(632,484863,634063.43,'ejmow',520874,65643.10,'nlchl')

statement ok
INSERT INTO tab0 VALUES(633,854125,964996.41,'lnjlp',64392,893463.78,'jbdde')

statement ok
INSERT INTO tab0 VALUES(634,898681,36010.37,'rqkcj',540527,392700.54,'fopei')

statement ok
INSERT INTO tab0 VALUES(635,4730,595001.35,'xcvuh',656707,347320.30,'kjpwi')

statement ok
INSERT INTO tab0 VALUES(636,857208,493286.8,'boenx',731689,707275.51,'vjsfr')

statement ok
INSERT INTO tab0 VALUES(637,64910,810729.59,'gkptj',320526,713623.71,'ysbpy')

statement ok
INSERT INTO tab0 VALUES(638,785491,980743.88,'roudp',839660,23284.22,'zfohc')

statement ok
INSERT INTO tab0 VALUES(639,350373,915161.48,'uzgzg',191833,834381.72,'bduak')

statement ok
INSERT INTO tab0 VALUES(640,889831,129455.13,'pijxa',391113,10894.91,'gtlur')

statement ok
INSERT INTO tab0 VALUES(641,957977,867523.37,'prmpr',187866,207917.9,'szdhj')

statement ok
INSERT INTO tab0 VALUES(642,157775,226837.21,'zydfe',693878,996520.85,'zzuqv')

statement ok
INSERT INTO tab0 VALUES(643,765960,283294.68,'trdgv',7110,988769.61,'wupbc')

statement ok
INSERT INTO tab0 VALUES(644,358123,216430.55,'vppak',837036,962829.34,'pbfik')

statement ok
INSERT INTO tab0 VALUES(645,433715,434173.85,'fiegi',129333,987731.10,'flwoc')

statement ok
INSERT INTO tab0 VALUES(646,40924,698089.59,'awgvo',691009,548706.72,'immvt')

statement ok
INSERT INTO tab0 VALUES(647,401885,248199.33,'tjwhd',815460,671844.40,'natpj')

statement ok
INSERT INTO tab0 VALUES(648,537506,927978.82,'ipxpv',907379,49346.34,'iblrm')

statement ok
INSERT INTO tab0 VALUES(649,892456,309539.62,'ftlrr',107757,164398.39,'kaglh')

statement ok
INSERT INTO tab0 VALUES(650,960357,818420.75,'mxmzu',919006,416168.62,'rvfxs')

statement ok
INSERT INTO tab0 VALUES(651,908569,858703.26,'etkft',829742,244903.99,'jdnxq')

statement ok
INSERT INTO tab0 VALUES(652,203308,937988.92,'dezym',939971,256835.96,'hdzcx')

statement ok
INSERT INTO tab0 VALUES(653,234649,792388.80,'hwkfp',586090,349182.13,'vhwjp')

statement ok
INSERT INTO tab0 VALUES(654,941436,511566.92,'ubqei',965698,835235.84,'cqdlz')

statement ok
INSERT INTO tab0 VALUES(655,436370,663635.84,'azgpu',762847,569274.80,'cusqt')

statement ok
INSERT INTO tab0 VALUES(656,630981,420257.34,'wputc',772766,71594.73,'wfgmf')

statement ok
INSERT INTO tab0 VALUES(657,860656,681610.99,'sevuk',527191,653472.99,'lerfe')

statement ok
INSERT INTO tab0 VALUES(658,509552,201416.82,'ryalb',919067,542266.17,'gbyni')

statement ok
INSERT INTO tab0 VALUES(659,635681,711853.91,'ruhrv',827667,6317.75,'agnaf')

statement ok
INSERT INTO tab0 VALUES(660,595916,48614.4,'nrzjw',743652,479949.70,'xqddk')

statement ok
INSERT INTO tab0 VALUES(661,670868,276000.29,'cnxty',393951,688568.14,'ueenr')

statement ok
INSERT INTO tab0 VALUES(662,690093,811767.69,'npngo',366913,773559.91,'hrtra')

statement ok
INSERT INTO tab0 VALUES(663,656921,552124.83,'cibaz',737091,417297.25,'uitsv')

statement ok
INSERT INTO tab0 VALUES(664,373443,996917.51,'stqlo',690460,968231.41,'vgaxb')

statement ok
INSERT INTO tab0 VALUES(665,65704,374420.30,'rkizp',149291,565795.23,'wileh')

statement ok
INSERT INTO tab0 VALUES(666,8484,766448.25,'bolrt',397186,265441.84,'uqfbw')

statement ok
INSERT INTO tab0 VALUES(667,150421,233337.46,'tgmtw',704040,163604.23,'terzb')

statement ok
INSERT INTO tab0 VALUES(668,739013,938964.72,'mqhij',951141,522796.89,'lluae')

statement ok
INSERT INTO tab0 VALUES(669,945526,275665.13,'csixf',256072,896514.44,'eczrq')

statement ok
INSERT INTO tab0 VALUES(670,490081,989288.74,'rxqfc',597717,254241.26,'xoked')

statement ok
INSERT INTO tab0 VALUES(671,266632,304321.15,'nuzon',441375,106536.9,'qqblv')

statement ok
INSERT INTO tab0 VALUES(672,967987,48583.16,'kpbtz',363555,629943.69,'fcwkh')

statement ok
INSERT INTO tab0 VALUES(673,710723,778533.38,'pwpkb',677185,792022.44,'rnuxx')

statement ok
INSERT INTO tab0 VALUES(674,660278,904144.87,'eekvo',56488,476318.95,'hobdq')

statement ok
INSERT INTO tab0 VALUES(675,655914,813842.74,'xpnoo',161987,607452.76,'rweim')

statement ok
INSERT INTO tab0 VALUES(676,835754,999603.80,'nlnyr',265594,276000.85,'yodim')

statement ok
INSERT INTO tab0 VALUES(677,261688,181945.16,'vwiub',875518,863647.38,'xakjs')

statement ok
INSERT INTO tab0 VALUES(678,544464,434814.89,'vlobq',361297,167968.22,'afhmq')

statement ok
INSERT INTO tab0 VALUES(679,468688,310791.60,'uwpjc',578765,527618.64,'pquia')

statement ok
INSERT INTO tab0 VALUES(680,617736,965881.12,'lntsd',495178,947326.91,'bsyqf')

statement ok
INSERT INTO tab0 VALUES(681,998840,284637.7,'acfao',813995,222717.93,'wqvzg')

statement ok
INSERT INTO tab0 VALUES(682,668060,5126.51,'ngmxh',600097,65521.84,'srshx')

statement ok
INSERT INTO tab0 VALUES(683,355285,843963.58,'rhdds',904632,228424.66,'seeqt')

statement ok
INSERT INTO tab0 VALUES(684,89263,621215.10,'epihq',390136,630218.92,'lygpp')

statement ok
INSERT INTO tab0 VALUES(685,822509,385498.20,'vmnmj',955474,480590.27,'bvpef')

statement ok
INSERT INTO tab0 VALUES(686,56427,538940.97,'mrzxa',360717,405303.11,'opmes')

statement ok
INSERT INTO tab0 VALUES(687,466156,962188.3,'lapmn',852447,571198.23,'thbzr')

statement ok
INSERT INTO tab0 VALUES(688,525787,139434.22,'izhlu',788421,811004.41,'kbldc')

statement ok
INSERT INTO tab0 VALUES(689,133148,283295.18,'klxav',262847,748535.5,'mqsyr')

statement ok
INSERT INTO tab0 VALUES(690,234954,460021.99,'pgjat',731140,923675.82,'eagdx')

statement ok
INSERT INTO tab0 VALUES(691,451690,714324.80,'otyod',635101,917205.27,'yetnd')

statement ok
INSERT INTO tab0 VALUES(692,702667,194366.45,'znhky',27923,476013.42,'xmimu')

statement ok
INSERT INTO tab0 VALUES(693,831146,276947.9,'nzoau',199005,637939.44,'rnrsj')

statement ok
INSERT INTO tab0 VALUES(694,229034,692260.81,'dbmvy',299163,856933.27,'qqevs')

statement ok
INSERT INTO tab0 VALUES(695,462219,649139.25,'yqpzo',965515,127838.18,'bpazb')

statement ok
INSERT INTO tab0 VALUES(696,895324,959869.28,'qljzt',946472,111572.49,'gbkme')

statement ok
INSERT INTO tab0 VALUES(697,316833,165191.54,'ilfkq',726867,260131.12,'onokk')

statement ok
INSERT INTO tab0 VALUES(698,564086,659484.14,'yprgq',152740,941406.24,'powgy')

statement ok
INSERT INTO tab0 VALUES(699,148193,815521.24,'cloxm',56518,564392.90,'jtdow')

statement ok
INSERT INTO tab0 VALUES(700,879119,109710.68,'kqdlk',882019,704040.67,'jenmh')

statement ok
INSERT INTO tab0 VALUES(701,490661,246917.65,'nvbne',309265,226379.23,'rbunl')

statement ok
INSERT INTO tab0 VALUES(702,265472,285461.23,'hatwg',879699,413421.2,'ejmaw')

statement ok
INSERT INTO tab0 VALUES(703,659942,762298.11,'wggyz',621063,88195.83,'plvxl')

statement ok
INSERT INTO tab0 VALUES(704,929443,817810.14,'vjqmr',672424,739715.50,'psbhr')

statement ok
INSERT INTO tab0 VALUES(705,752990,320922.0,'hnvht',909149,648071.46,'bemyr')

statement ok
INSERT INTO tab0 VALUES(706,858581,994079.80,'bubrt',568024,9338.40,'bereg')

statement ok
INSERT INTO tab0 VALUES(707,647949,538239.72,'uurgq',872039,60577.90,'zwjhf')

statement ok
INSERT INTO tab0 VALUES(708,821685,757904.62,'zmlku',655578,204925.2,'wzxfk')

statement ok
INSERT INTO tab0 VALUES(709,4211,686035.70,'hmsbf',989410,136505.96,'ejces')

statement ok
INSERT INTO tab0 VALUES(710,368804,709136.7,'nakeq',805511,965454.68,'hqoik')

statement ok
INSERT INTO tab0 VALUES(711,262512,692230.42,'shfln',522277,342895.51,'iuojc')

statement ok
INSERT INTO tab0 VALUES(712,831237,103851.62,'lfrzl',669403,586029.76,'mxmcy')

statement ok
INSERT INTO tab0 VALUES(713,644744,141082.36,'tdksy',512878,803009.41,'aprdt')

statement ok
INSERT INTO tab0 VALUES(714,321563,854461.78,'mgdjv',680114,18096.65,'nwunc')

statement ok
INSERT INTO tab0 VALUES(715,154083,273071.7,'diwrh',784729,296447.58,'vmqim')

statement ok
INSERT INTO tab0 VALUES(716,733520,529510.10,'glxkv',51757,869323.78,'jvrgj')

statement ok
INSERT INTO tab0 VALUES(717,574951,984924.8,'jkdrt',942504,258941.96,'dkthl')

statement ok
INSERT INTO tab0 VALUES(718,742218,353881.15,'hnctw',779663,403594.60,'xmnjq')

statement ok
INSERT INTO tab0 VALUES(719,473022,829589.1,'zebpz',372253,782562.53,'hrkxh')

statement ok
INSERT INTO tab0 VALUES(720,803894,208679.55,'zkent',640533,541137.61,'xqwnf')

statement ok
INSERT INTO tab0 VALUES(721,195220,16357.47,'ispvz',241150,615600.29,'mthoz')

statement ok
INSERT INTO tab0 VALUES(722,156158,631256.92,'skpjr',192138,858306.32,'bojwu')

statement ok
INSERT INTO tab0 VALUES(723,869720,410644.11,'rluhf',497741,162567.28,'xodgx')

statement ok
INSERT INTO tab0 VALUES(724,817749,815216.94,'szcni',773620,587799.28,'ysyem')

statement ok
INSERT INTO tab0 VALUES(725,405944,534210.62,'gaynm',871704,484313.56,'pdvky')

statement ok
INSERT INTO tab0 VALUES(726,588775,610382.31,'czmst',505340,618530.9,'bunqv')

statement ok
INSERT INTO tab0 VALUES(727,494567,565032.72,'ejmlc',874084,297821.24,'myncg')

statement ok
INSERT INTO tab0 VALUES(728,50506,522888.76,'zltfj',288909,495635.36,'wwhct')

statement ok
INSERT INTO tab0 VALUES(729,607543,337310.15,'ltzqq',797088,976409.44,'lokun')

statement ok
INSERT INTO tab0 VALUES(730,565490,715087.5,'gtbvb',807220,420593.72,'qgpuo')

statement ok
INSERT INTO tab0 VALUES(731,997985,341583.68,'ypddf',714202,549621.32,'gaxpt')

statement ok
INSERT INTO tab0 VALUES(732,277496,5584.97,'wpsvb',524322,251007.86,'onwoa')

statement ok
INSERT INTO tab0 VALUES(733,700347,724517.14,'muvpg',480164,703247.8,'onndk')

statement ok
INSERT INTO tab0 VALUES(734,111633,869232.36,'nveeb',685607,500823.49,'vosug')

statement ok
INSERT INTO tab0 VALUES(735,530334,289123.36,'wjdbq',730957,779296.95,'ypanh')

statement ok
INSERT INTO tab0 VALUES(736,774169,437103.7,'xsbec',317718,340209.34,'knzkv')

statement ok
INSERT INTO tab0 VALUES(737,84808,494628.22,'qqfgr',883819,776092.17,'xafks')

statement ok
INSERT INTO tab0 VALUES(738,752685,496582.99,'rtdts',228485,595581.19,'hwovr')

statement ok
INSERT INTO tab0 VALUES(739,742004,456481.61,'khmiz',137237,348205.4,'vwdah')

statement ok
INSERT INTO tab0 VALUES(740,315917,491271.3,'frjlt',6988,749572.84,'hgoze')

statement ok
INSERT INTO tab0 VALUES(741,661315,946472.48,'oejat',470947,806365.86,'anzbc')

statement ok
INSERT INTO tab0 VALUES(742,513946,521026.14,'aoudn',23651,941162.12,'dtgkd')

statement ok
INSERT INTO tab0 VALUES(743,783386,392517.78,'moqoj',645965,117614.0,'rpatq')

statement ok
INSERT INTO tab0 VALUES(744,178070,341949.32,'isskr',430053,965455.89,'opzbr')

statement ok
INSERT INTO tab0 VALUES(745,830200,878875.52,'lwztv',204467,905303.82,'xavzu')

statement ok
INSERT INTO tab0 VALUES(746,920837,366394.57,'kvmhk',159057,273895.6,'ajkpk')

statement ok
INSERT INTO tab0 VALUES(747,304901,146026.72,'pxnxj',469970,448913.75,'sazau')

statement ok
INSERT INTO tab0 VALUES(748,136077,662933.93,'issje',924774,974121.54,'cweah')

statement ok
INSERT INTO tab0 VALUES(749,491912,590698.45,'zqhwt',547241,684265.22,'aahrj')

statement ok
INSERT INTO tab0 VALUES(750,998779,956451.48,'dpbsx',222564,830108.31,'chfzt')

statement ok
INSERT INTO tab0 VALUES(751,456909,265838.79,'qlpzc',322204,203399.71,'rwskp')

statement ok
INSERT INTO tab0 VALUES(752,465301,628051.33,'txkax',329040,261962.33,'hznqp')

statement ok
INSERT INTO tab0 VALUES(753,46813,880737.87,'kxxfx',462158,254608.72,'lokca')

statement ok
INSERT INTO tab0 VALUES(754,273132,715088.62,'akulx',302062,346160.65,'xrhrz')

statement ok
INSERT INTO tab0 VALUES(755,889801,800811.84,'byvyc',415527,742431.79,'wkofn')

statement ok
INSERT INTO tab0 VALUES(756,941131,911132.50,'sdjsc',980743,815307.31,'ahxgp')

statement ok
INSERT INTO tab0 VALUES(757,395294,47821.89,'iqdfc',412109,227630.49,'pbqrk')

statement ok
INSERT INTO tab0 VALUES(758,769317,566101.20,'kjnaz',985443,58319.38,'qdvek')

statement ok
INSERT INTO tab0 VALUES(759,753967,299743.22,'umslo',462860,927276.41,'ajgak')

statement ok
INSERT INTO tab0 VALUES(760,838989,686036.93,'sssdm',717773,120422.0,'qrsrv')

statement ok
INSERT INTO tab0 VALUES(761,937774,890777.10,'yfqsq',360015,714660.19,'nobir')

statement ok
INSERT INTO tab0 VALUES(762,12664,933319.96,'bapja',360626,703002.29,'wujpt')

statement ok
INSERT INTO tab0 VALUES(763,699829,811462.80,'gvdoy',677032,119323.49,'jaads')

statement ok
INSERT INTO tab0 VALUES(764,934204,626556.59,'vlaoh',878051,163696.45,'bnvgi')

statement ok
INSERT INTO tab0 VALUES(765,574615,708465.62,'appcl',768707,327056.99,'sneom')

statement ok
INSERT INTO tab0 VALUES(766,28625,740570.13,'hkwbn',15472,516448.68,'ugdnh')

statement ok
INSERT INTO tab0 VALUES(767,877746,884796.91,'lcozm',770996,179901.44,'rcrfi')

statement ok
INSERT INTO tab0 VALUES(768,502227,906524.95,'rpitg',299438,431427.21,'qqqur')

statement ok
INSERT INTO tab0 VALUES(769,706207,299682.5,'rfthv',601135,176116.56,'ezyha')

statement ok
INSERT INTO tab0 VALUES(770,342559,411712.44,'zbqcl',37872,235046.32,'aqtax')

statement ok
INSERT INTO tab0 VALUES(771,938110,568572.42,'tazur',957641,470275.17,'evnlr')

statement ok
INSERT INTO tab0 VALUES(772,318420,199768.0,'gbgzo',319824,909942.31,'glcqv')

statement ok
INSERT INTO tab0 VALUES(773,232940,963256.48,'qzirq',320190,873168.7,'llzyx')

statement ok
INSERT INTO tab0 VALUES(774,979888,870544.10,'jctzh',15716,95063.52,'qojqt')

statement ok
INSERT INTO tab0 VALUES(775,31341,411651.68,'dtwrr',949798,851837.11,'qygnr')

statement ok
INSERT INTO tab0 VALUES(776,658203,680145.22,'dawax',777130,85601.30,'hunoj')

statement ok
INSERT INTO tab0 VALUES(777,555206,498016.53,'bizcf',888702,529541.17,'lvgmi')

statement ok
INSERT INTO tab0 VALUES(778,465942,540893.86,'hansa',36926,832916.5,'hepls')

statement ok
INSERT INTO tab0 VALUES(779,807769,462829.54,'bzctb',960418,685882.16,'itdqr')

statement ok
INSERT INTO tab0 VALUES(780,296936,21453.58,'lktcp',9216,944671.21,'pavxh')

statement ok
INSERT INTO tab0 VALUES(781,573425,202819.29,'rfxzk',769622,756591.3,'trgjx')

statement ok
INSERT INTO tab0 VALUES(782,826171,346618.94,'cxuub',689361,684844.23,'cbpba')

statement ok
INSERT INTO tab0 VALUES(783,417846,270965.36,'kxfqx',702362,833740.76,'zxanq')

statement ok
INSERT INTO tab0 VALUES(784,510009,397521.56,'slzzh',853973,973541.59,'pclne')

statement ok
INSERT INTO tab0 VALUES(785,687957,876464.37,'qcxeo',925811,665618.33,'izaov')

statement ok
INSERT INTO tab0 VALUES(786,585937,711486.7,'phwhl',60913,387207.82,'tibnm')

statement ok
INSERT INTO tab0 VALUES(787,511932,884826.99,'recnv',388519,656738.80,'wscjy')

statement ok
INSERT INTO tab0 VALUES(788,72814,482177.14,'zzdyf',649291,158538.48,'dhgsa')

statement ok
INSERT INTO tab0 VALUES(789,799224,817779.88,'rvbco',820190,867950.22,'rgclt')

statement ok
INSERT INTO tab0 VALUES(790,770660,559387.48,'bhpqp',739471,176361.14,'hqakj')

statement ok
INSERT INTO tab0 VALUES(791,240447,853302.78,'tzfyy',731781,16235.71,'ryevn')

statement ok
INSERT INTO tab0 VALUES(792,260742,449279.81,'vhhsc',233062,985931.42,'pmphk')

statement ok
INSERT INTO tab0 VALUES(793,307556,825592.42,'xxepr',415588,474914.38,'ulmbv')

statement ok
INSERT INTO tab0 VALUES(794,905670,314147.89,'hkixn',812957,788604.96,'jcftl')

statement ok
INSERT INTO tab0 VALUES(795,253723,225189.58,'capcu',945068,273529.40,'ttmdt')

statement ok
INSERT INTO tab0 VALUES(796,849212,972595.53,'ifbod',943206,442108.45,'vckph')

statement ok
INSERT INTO tab0 VALUES(797,113403,198760.8,'cfjcu',174957,97839.96,'fbrts')

statement ok
INSERT INTO tab0 VALUES(798,16419,899536.54,'rswoq',869232,460296.58,'ditfb')

statement ok
INSERT INTO tab0 VALUES(799,702209,549316.76,'rmpqn',741241,289947.29,'uyvap')

statement ok
INSERT INTO tab0 VALUES(800,113586,226013.78,'bblhc',617584,13366.10,'hzblg')

statement ok
INSERT INTO tab0 VALUES(801,617126,736083.48,'kfklg',61157,848083.64,'xdtop')

statement ok
INSERT INTO tab0 VALUES(802,628265,739440.15,'ztoqz',996185,927703.79,'flhux')

statement ok
INSERT INTO tab0 VALUES(803,236297,874542.15,'wafrr',333190,426818.30,'atlpk')

statement ok
INSERT INTO tab0 VALUES(804,829254,883361.55,'apdde',594085,686035.44,'tmmdi')

statement ok
INSERT INTO tab0 VALUES(805,719116,736389.72,'nvnbx',537078,336944.58,'kddwc')

statement ok
INSERT INTO tab0 VALUES(806,766601,757659.95,'opfrz',781707,427215.88,'sbybi')

statement ok
INSERT INTO tab0 VALUES(807,6317,749633.13,'rvyvk',433837,545501.84,'gxdqc')

statement ok
INSERT INTO tab0 VALUES(808,271636,118408.32,'wddvc',710632,946441.98,'rlaob')

statement ok
INSERT INTO tab0 VALUES(809,819793,998504.39,'qmiuc',565643,675781.45,'sayqj')

statement ok
INSERT INTO tab0 VALUES(810,956848,378021.67,'evfpq',313720,695129.64,'ghjdc')

statement ok
INSERT INTO tab0 VALUES(811,662719,223480.54,'nprgh',256011,7293.82,'srdhd')

statement ok
INSERT INTO tab0 VALUES(812,216064,605041.5,'pnaqc',305084,780944.78,'xiqyl')

statement ok
INSERT INTO tab0 VALUES(813,819519,821289.62,'kdcbr',609710,475860.41,'hjpic')

statement ok
INSERT INTO tab0 VALUES(814,224365,524353.54,'elhzk',180084,967803.36,'atsom')

statement ok
INSERT INTO tab0 VALUES(815,355865,844909.72,'imwpk',512664,673522.67,'euggj')

statement ok
INSERT INTO tab0 VALUES(816,937988,517059.24,'uaxiw',215332,675842.37,'vxqea')

statement ok
INSERT INTO tab0 VALUES(817,118682,3540.99,'cfmtz',632171,848571.13,'dcfxk')

statement ok
INSERT INTO tab0 VALUES(818,94543,620513.29,'iawvg',468688,981506.84,'ooplh')

statement ok
INSERT INTO tab0 VALUES(819,736145,662689.55,'nenyj',416656,905548.30,'vnstf')

statement ok
INSERT INTO tab0 VALUES(820,212799,528320.86,'nmjfq',779266,617462.81,'hqyow')

statement ok
INSERT INTO tab0 VALUES(821,617675,844086.61,'iptfw',95916,405212.77,'usfua')

statement ok
INSERT INTO tab0 VALUES(822,592773,590301.14,'artqq',767425,972625.36,'ajeht')

statement ok
INSERT INTO tab0 VALUES(823,953948,225708.37,'cxczg',680908,564636.13,'mohmo')

statement ok
INSERT INTO tab0 VALUES(824,315826,812591.38,'jemyd',834777,92163.61,'shzxl')

statement ok
INSERT INTO tab0 VALUES(825,716888,141784.8,'iupir',963867,257110.0,'hgsxa')

statement ok
INSERT INTO tab0 VALUES(826,244476,857543.83,'awflo',164215,677459.72,'cgdfs')

statement ok
INSERT INTO tab0 VALUES(827,659698,582763.3,'lgmvr',518280,12176.6,'kehqx')

statement ok
INSERT INTO tab0 VALUES(828,22521,43762.79,'jxvxp',719787,86242.84,'xipow')

statement ok
INSERT INTO tab0 VALUES(829,316741,195404.52,'treng',698852,15625.99,'addtc')

statement ok
INSERT INTO tab0 VALUES(830,75012,346099.58,'rtesl',246917,332366.20,'vwoul')

statement ok
INSERT INTO tab0 VALUES(831,3753,282684.89,'mnect',641632,109466.52,'hdlxb')

statement ok
INSERT INTO tab0 VALUES(832,608245,395629.56,'caltr',272155,86029.3,'iogip')

statement ok
INSERT INTO tab0 VALUES(833,817596,803833.52,'vrfry',263854,792053.41,'clogl')

statement ok
INSERT INTO tab0 VALUES(834,609771,479736.12,'tuxli',103424,673614.60,'xiccs')

statement ok
INSERT INTO tab0 VALUES(835,636505,374328.80,'shdya',263946,217864.43,'kqaml')

statement ok
INSERT INTO tab0 VALUES(836,848388,542022.68,'phzur',829772,77850.21,'vjtos')

statement ok
INSERT INTO tab0 VALUES(837,119842,265869.18,'ftydo',121673,197724.41,'zpmvr')

statement ok
INSERT INTO tab0 VALUES(838,874145,182342.68,'ocgfp',321624,937591.21,'kfyrv')

statement ok
INSERT INTO tab0 VALUES(839,708344,406494.12,'buvap',98023,198638.19,'nmuba')

statement ok
INSERT INTO tab0 VALUES(840,18341,656799.62,'mamuh',230560,548034.94,'tqoas')

statement ok
INSERT INTO tab0 VALUES(841,623901,380371.12,'cjbvn',235229,343963.66,'qrxmy')

statement ok
INSERT INTO tab0 VALUES(842,393554,877716.99,'zfoai',989440,860595.81,'zsrqn')

statement ok
INSERT INTO tab0 VALUES(843,869689,428009.70,'ysekc',356811,413177.73,'wwawe')

statement ok
INSERT INTO tab0 VALUES(844,893524,413757.36,'tbnzs',812377,482940.25,'atncr')

statement ok
INSERT INTO tab0 VALUES(845,230133,446105.42,'fjtcp',67443,842132.34,'qbjpx')

statement ok
INSERT INTO tab0 VALUES(846,193359,489715.28,'hfqhx',694732,678985.71,'tjlnc')

statement ok
INSERT INTO tab0 VALUES(847,270904,987701.88,'ifqup',753173,722778.46,'gomou')

statement ok
INSERT INTO tab0 VALUES(848,749298,986724.37,'arfdr',413116,368865.69,'ynboc')

statement ok
INSERT INTO tab0 VALUES(849,338928,261962.70,'sgtwe',581176,803497.11,'xvxeu')

statement ok
INSERT INTO tab0 VALUES(850,798950,442138.27,'iqudi',525390,129028.69,'ijykj')

statement ok
INSERT INTO tab0 VALUES(851,562377,134399.54,'qyehs',500000,488800.30,'vuljh')

statement ok
INSERT INTO tab0 VALUES(852,361053,49530.65,'jrcnl',370666,192138.29,'mjaua')

statement ok
INSERT INTO tab0 VALUES(853,850677,126739.6,'hyfnc',239349,839447.12,'amzqe')

statement ok
INSERT INTO tab0 VALUES(854,235717,658813.20,'inxab',69305,447113.5,'xghxp')

statement ok
INSERT INTO tab0 VALUES(855,894500,416961.1,'uehno',310180,572540.66,'lhrzp')

statement ok
INSERT INTO tab0 VALUES(856,4212,776031.65,'hjgxr',522918,439118.59,'zcwnz')

statement ok
INSERT INTO tab0 VALUES(857,165802,839294.11,'dwxxs',4791,61309.6,'yyryf')

statement ok
INSERT INTO tab0 VALUES(858,29083,563568.78,'fmhyc',414398,369537.56,'afcao')

statement ok
INSERT INTO tab0 VALUES(859,917694,884185.15,'gnvrq',396636,335327.47,'hilpc')

statement ok
INSERT INTO tab0 VALUES(860,454132,840026.38,'xoinq',207794,96099.64,'helea')

statement ok
INSERT INTO tab0 VALUES(861,184631,698394.94,'yyzkv',340454,80352.8,'etmnq')

statement ok
INSERT INTO tab0 VALUES(862,204406,80230.26,'fnulx',148529,132659.53,'wwojo')

statement ok
INSERT INTO tab0 VALUES(863,782318,84899.32,'yejhe',472229,638488.12,'ernws')

statement ok
INSERT INTO tab0 VALUES(864,986206,415344.29,'uohdz',263153,649383.98,'vkemr')

statement ok
INSERT INTO tab0 VALUES(865,307617,502929.16,'xpezw',209197,7965.85,'sxkio')

statement ok
INSERT INTO tab0 VALUES(866,287078,632659.36,'eernk',359588,472747.75,'bhgzi')

statement ok
INSERT INTO tab0 VALUES(867,138763,67962.37,'ivupq',749847,843353.55,'hndbv')

statement ok
INSERT INTO tab0 VALUES(868,375823,175811.38,'yevaa',26885,85388.64,'kexvy')

statement ok
INSERT INTO tab0 VALUES(869,435150,551696.88,'suryp',73913,455444.54,'cwyvq')

statement ok
INSERT INTO tab0 VALUES(870,302490,144653.30,'lpvqd',635467,626190.50,'rcjnf')

statement ok
INSERT INTO tab0 VALUES(871,137451,382171.65,'iqoef',942413,811279.17,'kqdwk')

statement ok
INSERT INTO tab0 VALUES(872,898376,295288.12,'ztyxl',336914,890350.18,'mibaj')

statement ok
INSERT INTO tab0 VALUES(873,967559,643554.69,'nxfek',897521,534118.81,'hreya')

statement ok
INSERT INTO tab0 VALUES(874,776062,40039.83,'ugpwa',64086,329284.58,'kloyz')

statement ok
INSERT INTO tab0 VALUES(875,428710,76354.2,'kiqfm',262756,903564.89,'ugslu')

statement ok
INSERT INTO tab0 VALUES(876,329284,447540.48,'yahck',531097,50659.63,'xhnja')

statement ok
INSERT INTO tab0 VALUES(877,805297,77270.71,'byycd',142883,855346.83,'vvodk')

statement ok
INSERT INTO tab0 VALUES(878,733123,242675.15,'nftso',233306,818389.28,'iyxxx')

statement ok
INSERT INTO tab0 VALUES(879,162995,699340.83,'mbmgm',423828,981536.12,'edqmy')

statement ok
INSERT INTO tab0 VALUES(880,943908,806488.95,'liwjs',447326,52612.53,'awssk')

statement ok
INSERT INTO tab0 VALUES(881,348724,651733.53,'nhqpc',772888,530426.27,'qgdjx')

statement ok
INSERT INTO tab0 VALUES(882,699157,176330.1,'mcqes',231018,829772.39,'dsdmt')

statement ok
INSERT INTO tab0 VALUES(883,990661,299957.94,'znbnx',638488,406524.80,'vngff')

statement ok
INSERT INTO tab0 VALUES(884,517639,45867.51,'mnhxo',423492,882537.92,'tlmjo')

statement ok
INSERT INTO tab0 VALUES(885,498229,665740.25,'owlaf',250427,170684.29,'imlaf')

statement ok
INSERT INTO tab0 VALUES(886,699462,764892.64,'zxdtx',645111,599822.20,'wjiev')

statement ok
INSERT INTO tab0 VALUES(887,62133,427062.69,'wwupt',619659,39886.32,'ndgio')

statement ok
INSERT INTO tab0 VALUES(888,325897,339538.63,'qvrmr',297485,26794.34,'kygda')

statement ok
INSERT INTO tab0 VALUES(889,654235,918151.49,'kdchs',538421,887451.55,'voldl')

statement ok
INSERT INTO tab0 VALUES(890,259460,432159.75,'wenlf',563507,864837.50,'fzdcy')

statement ok
INSERT INTO tab0 VALUES(891,27740,129456.94,'ouqqr',580200,242919.62,'mfxaj')

statement ok
INSERT INTO tab0 VALUES(892,144012,361358.29,'zcolg',407226,471649.84,'yqxku')

statement ok
INSERT INTO tab0 VALUES(893,717102,707733.34,'sauuo',99731,292083.23,'qwsci')

statement ok
INSERT INTO tab0 VALUES(894,404571,101989.58,'jaruz',574066,861145.58,'hgswh')

statement ok
INSERT INTO tab0 VALUES(895,37933,955963.4,'amcht',233001,876953.10,'lobzo')

statement ok
INSERT INTO tab0 VALUES(896,247436,285125.97,'dqala',590576,703491.96,'smvxm')

statement ok
INSERT INTO tab0 VALUES(897,87219,833374.41,'rzgjb',897247,495849.98,'ungvy')

statement ok
INSERT INTO tab0 VALUES(898,660156,198181.86,'jywuh',764678,325103.24,'rhslt')

statement ok
INSERT INTO tab0 VALUES(899,743072,955444.86,'rqcrp',790954,303314.67,'rjwko')

statement ok
INSERT INTO tab0 VALUES(900,411560,784698.65,'bgquf',185424,708648.73,'ovxaa')

statement ok
INSERT INTO tab0 VALUES(901,664978,593872.81,'zwrla',393859,110137.98,'uyowz')

statement ok
INSERT INTO tab0 VALUES(902,51635,644561.81,'dbyyo',723236,493011.76,'oqgno')

statement ok
INSERT INTO tab0 VALUES(903,293579,676696.73,'mkckh',966949,383361.76,'yjeaf')

statement ok
INSERT INTO tab0 VALUES(904,911712,33844.81,'kfngn',29693,973388.70,'xnona')

statement ok
INSERT INTO tab0 VALUES(905,850799,788085.13,'weswu',552490,246276.89,'qdrcq')

statement ok
INSERT INTO tab0 VALUES(906,104339,864959.17,'nwhgt',537658,101196.94,'onzcn')

statement ok
INSERT INTO tab0 VALUES(907,339782,168548.52,'vmbqk',973907,478393.29,'lwgzz')

statement ok
INSERT INTO tab0 VALUES(908,523345,706451.43,'ekgbf',461242,484100.91,'pyrum')

statement ok
INSERT INTO tab0 VALUES(909,545013,714813.47,'zvrbh',835968,515533.88,'vpdzn')

statement ok
INSERT INTO tab0 VALUES(910,843719,783203.16,'vmrgj',795806,385986.6,'ulbtw')

statement ok
INSERT INTO tab0 VALUES(911,32135,979827.58,'sbkab',524688,449737.66,'aouzu')

statement ok
INSERT INTO tab0 VALUES(912,521820,976318.98,'zbwzz',317962,727081.89,'zyqqy')

statement ok
INSERT INTO tab0 VALUES(913,148071,172852.45,'mgexu',207244,29296.62,'iixlu')

statement ok
INSERT INTO tab0 VALUES(914,795135,823150.52,'xklyi',585571,83740.92,'wqcpl')

statement ok
INSERT INTO tab0 VALUES(915,21026,159393.76,'ovcqw',832183,658752.79,'wsdhz')

statement ok
INSERT INTO tab0 VALUES(916,682525,517272.45,'wazib',937744,688659.70,'ayijl')

statement ok
INSERT INTO tab0 VALUES(917,560363,461120.17,'dklte',129211,398864.26,'rvnyd')

statement ok
INSERT INTO tab0 VALUES(918,984008,908599.46,'zskve',494842,430755.81,'yqhen')

statement ok
INSERT INTO tab0 VALUES(919,456787,256011.41,'hxqfx',609283,966705.11,'tabnm')

statement ok
INSERT INTO tab0 VALUES(920,280853,503173.30,'jprud',158508,855194.87,'atdun')

statement ok
INSERT INTO tab0 VALUES(921,182220,378356.23,'bqfnt',564697,735565.47,'xbzmr')

statement ok
INSERT INTO tab0 VALUES(922,935668,463378.72,'yzyyv',611541,163360.52,'ppfnv')

statement ok
INSERT INTO tab0 VALUES(923,989868,318572.40,'jbxuu',68908,734985.52,'xvtxt')

statement ok
INSERT INTO tab0 VALUES(924,92224,607818.53,'ponqm',318084,212951.45,'xtzgf')

statement ok
INSERT INTO tab0 VALUES(925,914093,223449.73,'azqpk',976654,650756.43,'lowld')

statement ok
INSERT INTO tab0 VALUES(926,675567,411346.53,'cgwtt',523529,517883.35,'adbht')

statement ok
INSERT INTO tab0 VALUES(927,770629,895904.6,'sllbo',923919,824890.44,'cubeq')

statement ok
INSERT INTO tab0 VALUES(928,391998,5035.60,'cgprt',254425,248321.96,'avgoa')

statement ok
INSERT INTO tab0 VALUES(929,156341,795166.27,'dumvm',327941,255737.80,'ihdtp')

statement ok
INSERT INTO tab0 VALUES(930,729064,176269.62,'gbmhz',318695,230682.7,'ujmmz')

statement ok
INSERT INTO tab0 VALUES(931,449462,36774.26,'tsdcw',387207,597778.79,'oeflp')

statement ok
INSERT INTO tab0 VALUES(932,955566,368652.50,'ymlcg',305419,947601.46,'gjvbz')

statement ok
INSERT INTO tab0 VALUES(933,809356,392425.97,'cbxqu',81451,161834.73,'ctjyt')

statement ok
INSERT INTO tab0 VALUES(934,121582,682037.21,'rnqcx',584930,538055.98,'bxosv')

statement ok
INSERT INTO tab0 VALUES(935,176757,290069.35,'mbmqu',171691,914947.98,'csymn')

statement ok
INSERT INTO tab0 VALUES(936,58349,872528.71,'snftq',308898,797149.49,'yfcnr')

statement ok
INSERT INTO tab0 VALUES(937,273559,813964.42,'deqws',200103,480377.91,'rzmxt')

statement ok
INSERT INTO tab0 VALUES(938,378448,352447.3,'gdqdn',410156,176330.88,'mwzbb')

statement ok
INSERT INTO tab0 VALUES(939,602935,704589.19,'hdksx',490203,137695.93,'xspmu')

statement ok
INSERT INTO tab0 VALUES(940,475708,190460.21,'kflud',602813,783264.9,'bsyib')

statement ok
INSERT INTO tab0 VALUES(941,449310,358673.72,'ybwzb',146759,822723.49,'qkcch')

statement ok
INSERT INTO tab0 VALUES(942,525115,111358.31,'gyjxi',382232,381835.6,'cxwba')

statement ok
INSERT INTO tab0 VALUES(943,878356,829162.12,'cfjai',55694,127441.6,'tvxci')

statement ok
INSERT INTO tab0 VALUES(944,483032,496276.46,'rvgbm',25024,392272.79,'xuuht')

statement ok
INSERT INTO tab0 VALUES(945,736999,825347.49,'reiuf',884307,300140.15,'ybell')

statement ok
INSERT INTO tab0 VALUES(946,86944,382568.79,'npdmh',589050,890930.30,'pcxul')

statement ok
INSERT INTO tab0 VALUES(947,653411,712646.0,'kxjrr',81054,245422.28,'xjdoo')

statement ok
INSERT INTO tab0 VALUES(948,855712,463806.46,'nfeux',913421,610504.64,'junss')

statement ok
INSERT INTO tab0 VALUES(949,37017,512817.82,'amfra',875641,524017.4,'dkgly')

statement ok
INSERT INTO tab0 VALUES(950,89324,89874.68,'ibshv',618499,939910.90,'ccevp')

statement ok
INSERT INTO tab0 VALUES(951,78491,903808.18,'cjuia',279113,353027.1,'cbboj')

statement ok
INSERT INTO tab0 VALUES(952,869140,266906.67,'nqhtc',105926,924285.18,'uonkn')

statement ok
INSERT INTO tab0 VALUES(953,749786,219909.32,'fiepu',83679,605682.83,'dmizy')

statement ok
INSERT INTO tab0 VALUES(954,57678,657196.71,'nxnkz',558502,265106.64,'gzjgi')

statement ok
INSERT INTO tab0 VALUES(955,804016,451538.52,'rjqby',862823,811553.16,'pdyhf')

statement ok
INSERT INTO tab0 VALUES(956,298736,579376.9,'tyfeh',940368,319976.45,'dmrsf')

statement ok
INSERT INTO tab0 VALUES(957,775634,245483.9,'wtmwk',971282,156402.70,'otyoc')

statement ok
INSERT INTO tab0 VALUES(958,17364,8270.13,'kfiie',996917,102844.83,'dkprv')

statement ok
INSERT INTO tab0 VALUES(959,980346,904663.37,'aaioo',545043,482330.15,'dinly')

statement ok
INSERT INTO tab0 VALUES(960,419860,575042.18,'tlavg',254699,283874.0,'tlkmh')

statement ok
INSERT INTO tab0 VALUES(961,515014,388336.73,'gbvje',501342,287567.29,'hfccn')

statement ok
INSERT INTO tab0 VALUES(962,493774,566986.64,'vombk',21636,189483.24,'kmncz')

statement ok
INSERT INTO tab0 VALUES(963,257873,311950.59,'pawyl',538665,726684.90,'zycfz')

statement ok
INSERT INTO tab0 VALUES(964,7904,927734.93,'qwgzd',386810,802307.85,'mupzu')

statement ok
INSERT INTO tab0 VALUES(965,868316,947296.36,'ahkoy',136749,610473.79,'yjhbx')

statement ok
INSERT INTO tab0 VALUES(966,512298,257141.49,'byvcd',220550,761322.17,'evhca')

statement ok
INSERT INTO tab0 VALUES(967,786987,222290.52,'jorws',556579,405975.82,'wrlig')

statement ok
INSERT INTO tab0 VALUES(968,338287,811279.81,'xpakr',174530,361633.56,'skpbh')

statement ok
INSERT INTO tab0 VALUES(969,235870,721191.56,'jvygc',840423,236450.86,'kfpjk')

statement ok
INSERT INTO tab0 VALUES(970,598358,502563.40,'xzrmi',681579,554687.42,'convs')

statement ok
INSERT INTO tab0 VALUES(971,218109,684478.2,'sislz',811706,881500.83,'ctvyd')

statement ok
INSERT INTO tab0 VALUES(972,186340,899537.81,'rlxjd',955810,948150.17,'iqiat')

statement ok
INSERT INTO tab0 VALUES(973,518127,8880.45,'yqqvm',75195,776856.66,'hgmmr')

statement ok
INSERT INTO tab0 VALUES(974,777313,227081.60,'trwrm',992584,805908.27,'ghkti')

statement ok
INSERT INTO tab0 VALUES(975,701599,247344.45,'pmlhh',16906,14587.34,'jyzup')

statement ok
INSERT INTO tab0 VALUES(976,827514,366302.39,'nrzoe',568511,48187.21,'skfst')

statement ok
INSERT INTO tab0 VALUES(977,115447,609161.63,'abdgk',804016,342987.86,'nlzjw')

statement ok
INSERT INTO tab0 VALUES(978,574554,854553.82,'iqssm',241455,251342.51,'idnas')

statement ok
INSERT INTO tab0 VALUES(979,887847,959747.65,'mtvph',385070,166564.27,'ynfbz')

statement ok
INSERT INTO tab0 VALUES(980,37200,885437.54,'lcvib',350524,648072.73,'sacli')

statement ok
INSERT INTO tab0 VALUES(981,928222,820861.20,'fdsvt',489776,546173.63,'qhqlr')

statement ok
INSERT INTO tab0 VALUES(982,15472,308776.28,'zwcdx',16082,127288.44,'ktaed')

statement ok
INSERT INTO tab0 VALUES(983,927276,370483.99,'hghya',629119,198791.4,'oehlf')

statement ok
INSERT INTO tab0 VALUES(984,90728,630706.75,'banjn',139770,234130.27,'tjkba')

statement ok
INSERT INTO tab0 VALUES(985,356872,442810.77,'tgbmv',95306,497741.63,'qulqf')

statement ok
INSERT INTO tab0 VALUES(986,625488,13580.72,'oygxr',404388,170074.85,'cfpii')

statement ok
INSERT INTO tab0 VALUES(987,470214,528381.31,'mrumd',961883,472564.56,'nelds')

statement ok
INSERT INTO tab0 VALUES(988,763549,276001.98,'khqzs',274078,792724.86,'rvavv')

statement ok
INSERT INTO tab0 VALUES(989,301757,773864.43,'hijom',83557,809051.2,'zmxme')

statement ok
INSERT INTO tab0 VALUES(990,429962,892822.36,'iycnh',994232,616027.2,'pdizq')

statement ok
INSERT INTO tab0 VALUES(991,667114,982269.97,'ygvws',96313,849212.24,'ogmvk')

statement ok
INSERT INTO tab0 VALUES(992,331024,995117.71,'bdhxl',591400,810150.6,'whiqh')

statement ok
INSERT INTO tab0 VALUES(993,163269,612823.80,'bviac',417388,591400.48,'shavs')

statement ok
INSERT INTO tab0 VALUES(994,954284,370269.93,'dkybq',873504,201507.75,'mrxgu')

statement ok
INSERT INTO tab0 VALUES(995,168334,780975.83,'eqhfi',245269,690093.1,'xrqsr')

statement ok
INSERT INTO tab0 VALUES(996,568542,461914.93,'blakv',429626,272735.90,'fbftm')

statement ok
INSERT INTO tab0 VALUES(997,841796,258514.98,'tqfem',559722,456115.16,'jtkel')

statement ok
INSERT INTO tab0 VALUES(998,223846,369812.66,'hjpzh',630096,162811.33,'wlmsc')

statement ok
INSERT INTO tab0 VALUES(999,124298,473358.23,'czsdc',121674,856475.28,'hernl')

statement ok
CREATE TABLE tab1(pk INTEGER PRIMARY KEY, col0 INTEGER, col1 FLOAT, col2 TEXT, col3 INTEGER, col4 FLOAT, col5 TEXT)

# Datafusion - DataFusion error: This feature is not implemented: Unsupported logical plan: CreateIndex
skipif Datafusion
statement ok
CREATE INDEX idx_tab1_0 on tab1 (col0)

# Datafusion - DataFusion error: This feature is not implemented: Unsupported logical plan: CreateIndex
skipif Datafusion
statement ok
CREATE INDEX idx_tab1_1 on tab1 (col1)

# Datafusion - DataFusion error: This feature is not implemented: Unsupported logical plan: CreateIndex
skipif Datafusion
statement ok
CREATE INDEX idx_tab1_3 on tab1 (col3)

# Datafusion - DataFusion error: This feature is not implemented: Unsupported logical plan: CreateIndex
skipif Datafusion
statement ok
CREATE INDEX idx_tab1_4 on tab1 (col4)

statement ok
INSERT INTO tab1 SELECT * FROM tab0

statement ok
CREATE TABLE tab2(pk INTEGER PRIMARY KEY, col0 INTEGER, col1 FLOAT, col2 TEXT, col3 INTEGER, col4 FLOAT, col5 TEXT)

# Datafusion - DataFusion error: This feature is not implemented: Unsupported logical plan: CreateIndex
skipif Datafusion
statement ok
CREATE INDEX idx_tab2_1 ON tab2 (col1 DESC,col4 DESC)

# Datafusion - DataFusion error: This feature is not implemented: Unsupported logical plan: CreateIndex
skipif Datafusion
statement ok
CREATE UNIQUE INDEX idx_tab2_2 ON tab2 (col0 DESC,col3 DESC,col1 DESC)

# Datafusion - DataFusion error: This feature is not implemented: Unsupported logical plan: CreateIndex
skipif Datafusion
statement ok
CREATE INDEX idx_tab2_3 ON tab2 (col3 DESC)

statement ok
INSERT INTO tab2 SELECT * FROM tab0

statement ok
CREATE TABLE tab3(pk INTEGER PRIMARY KEY, col0 INTEGER, col1 FLOAT, col2 TEXT, col3 INTEGER, col4 FLOAT, col5 TEXT)

# Datafusion - DataFusion error: This feature is not implemented: Unsupported logical plan: CreateIndex
skipif Datafusion
statement ok
CREATE INDEX idx_tab3_0 ON tab3 (col1)

# Datafusion - DataFusion error: This feature is not implemented: Unsupported logical plan: CreateIndex
skipif Datafusion
statement ok
CREATE INDEX idx_tab3_1 ON tab3 (col3 DESC)

# Datafusion - DataFusion error: This feature is not implemented: Unsupported logical plan: CreateIndex
skipif Datafusion
statement ok
CREATE INDEX idx_tab3_4 ON tab3 (col4)

statement ok
INSERT INTO tab3 SELECT * FROM tab0

statement ok
CREATE TABLE tab4(pk INTEGER PRIMARY KEY, col0 INTEGER, col1 FLOAT, col2 TEXT, col3 INTEGER, col4 FLOAT, col5 TEXT)

# Datafusion - DataFusion error: This feature is not implemented: Unsupported logical plan: CreateIndex
skipif Datafusion
statement ok
CREATE UNIQUE INDEX idx_tab4_0 ON tab4 (col4 DESC)

# Datafusion - DataFusion error: This feature is not implemented: Unsupported logical plan: CreateIndex
skipif Datafusion
statement ok
CREATE INDEX idx_tab4_1 ON tab4 (col1,col3)

# Datafusion - DataFusion error: This feature is not implemented: Unsupported logical plan: CreateIndex
skipif Datafusion
statement ok
CREATE INDEX idx_tab4_3 ON tab4 (col3)

statement ok
INSERT INTO tab4 SELECT * FROM tab0

query I rowsort label-0
SELECT DISTINCT - ( + col3 ) AS col1 FROM tab0 AS cor0 WHERE NULL IS NULL
----
1000 values hashing to 64f0516298bf99788510a889ed8e38cc

query I rowsort label-0
SELECT DISTINCT - ( + col3 ) AS col1 FROM tab1 AS cor0 WHERE NULL IS NULL
----
1000 values hashing to 64f0516298bf99788510a889ed8e38cc

query I rowsort label-0
SELECT DISTINCT - ( + col3 ) AS col1 FROM tab2 AS cor0 WHERE NULL IS NULL
----
1000 values hashing to 64f0516298bf99788510a889ed8e38cc

query I rowsort label-0
SELECT DISTINCT - ( + col3 ) AS col1 FROM tab3 AS cor0 WHERE NULL IS NULL
----
1000 values hashing to 64f0516298bf99788510a889ed8e38cc

query I rowsort label-0
SELECT DISTINCT - ( + col3 ) AS col1 FROM tab4 AS cor0 WHERE NULL IS NULL
----
1000 values hashing to 64f0516298bf99788510a889ed8e38cc
