# Licensed to the Apache Software Foundation (ASF) under one
# or more contributor license agreements.  See the NOTICE file
# distributed with this work for additional information
# regarding copyright ownership.  The ASF licenses this file
# to you under the Apache License, Version 2.0 (the
# "License"); you may not use this file except in compliance
# with the License.  You may obtain a copy of the License at

#   http://www.apache.org/licenses/LICENSE-2.0

# Unless required by applicable law or agreed to in writing,
# software distributed under the License is distributed on an
# "AS IS" BASIS, WITHOUT WARRANTIES OR CONDITIONS OF ANY
# KIND, either express or implied.  See the License for the
# specific language governing permissions and limitations
# under the License.

#############
## Tests for Binary
#############

# Basic literals encoded as hex
query ?T
SELECT X'FF01', arrow_typeof(X'FF01');
----
ff01 Binary

# Invaid hex values
query error DataFusion error: Error during planning: Invalid HexStringLiteral 'Z'
SELECT X'Z'

# Insert binary data into tables
statement ok
CREATE TABLE t
AS VALUES
  ('FF01', X'FF01'),
  ('ABC', X'ABC'),
  ('000', X'000');

query T?TT
SELECT column1, column2, arrow_typeof(column1), arrow_typeof(column2)
FROM t;
----
FF01 ff01 Utf8 Binary
ABC 0abc Utf8 Binary
000 0000 Utf8 Binary

# predicates
query T?
SELECT column1, column2
FROM t
WHERE column2 > X'123';
----
FF01 ff01
ABC 0abc

# order by
query T?
SELECT *
FROM t
ORDER BY column2;
----
000 0000
ABC 0abc
FF01 ff01

# group by
query I
SELECT count(*)
FROM t
GROUP BY column1;
----
1
1
1

statement ok
drop table t;

#############
## Tests for FixedSizeBinary
#############

# fixed_size_binary
statement ok
CREATE TABLE t_source
AS VALUES
  (X'000102', X'000102'),
  (X'003102', X'000102'),
  (NULL,      X'000102'),
  (X'FF0102', X'000102'),
  (X'000102', X'000102')
;

# Create a table with FixedSizeBinary
statement ok
CREATE TABLE t
AS SELECT
  arrow_cast(column1, 'FixedSizeBinary(3)') as "column1",
  arrow_cast(column2, 'FixedSizeBinary(3)') as "column2"
FROM t_source;

query ?T
SELECT column1, arrow_typeof(column1) FROM t;
----
000102 FixedSizeBinary(3)
003102 FixedSizeBinary(3)
NULL FixedSizeBinary(3)
ff0102 FixedSizeBinary(3)
000102 FixedSizeBinary(3)

# Comparison
# https://github.com/apache/arrow-rs/pull/4492
query error DataFusion error: Arrow error: Compute error: eq_dyn_binary_scalar only supports Binary or LargeBinary arrays
SELECT
  column1,
  column2,
  column1 = arrow_cast(X'000102', 'FixedSizeBinary(3)'),
  column1 = column2
FROM t


# Comparison to different sized field
query error DataFusion error: Error during planning: Cannot infer common argument type for comparison operation FixedSizeBinary\(3\) = FixedSizeBinary\(2\)
SELECT column1, column1 = arrow_cast(X'0102', 'FixedSizeBinary(2)') FROM t

# Comparison to different sized Binary
query error DataFusion error: Error during planning: Cannot infer common argument type for comparison operation FixedSizeBinary\(3\) = Binary
SELECT column1, column1 = X'0102' FROM t
