# Licensed to the Apache Software Foundation (ASF) under one
# or more contributor license agreements.  See the NOTICE file
# distributed with this work for additional information
# regarding copyright ownership.  The ASF licenses this file
# to you under the Apache License, Version 2.0 (the
# "License"); you may not use this file except in compliance
# with the License.  You may obtain a copy of the License at

#   http://www.apache.org/licenses/LICENSE-2.0

# Unless required by applicable law or agreed to in writing,
# software distributed under the License is distributed on an
# "AS IS" BASIS, WITHOUT WARRANTIES OR CONDITIONS OF ANY
# KIND, either express or implied.  See the License for the
# specific language governing permissions and limitations
# under the License.


# Use `interval` SQL literal syntax
# the types should be the same: https://github.com/apache/arrow-datafusion/issues/5801
query TT
select
  arrow_typeof(interval '5 months'),
  arrow_typeof(interval '5 days 3 nanoseconds')
----
Interval(MonthDayNano) Interval(MonthDayNano)


## This is incredibly confusing but document it in tests:
#
# years is parsed as a column name
# year is parsed as part of the interval type.
#
# postgres=# select interval '5' year;
#  interval
# ----------
#  5 years
# (1 row)
#
# postgres=# select interval '5' years;
#   years
# ----------
#  00:00:05
# (1 row)
query ?
select interval '5' years
----
0 years 0 mons 0 days 0 hours 0 mins 5.000000000 secs


# check all different kinds of intervals
query ?
select interval '5' year
----
0 years 60 mons 0 days 0 hours 0 mins 0.000000000 secs

query ?
select interval '5' month
----
0 years 5 mons 0 days 0 hours 0 mins 0.000000000 secs

query ?
select interval '5' months
----
0 years 0 mons 0 days 0 hours 0 mins 5.000000000 secs

query ?
select interval '5' week
----
0 years 0 mons 35 days 0 hours 0 mins 0.000000000 secs


query ?
select interval '5' day
----
0 years 0 mons 5 days 0 hours 0 mins 0.000000000 secs

query ?
select interval '5' hour
----
0 years 0 mons 0 days 5 hours 0 mins 0.000000000 secs

## This seems wrong (5 mons)
query ?
select interval '5' hours
----
0 years 0 mons 0 days 0 hours 0 mins 5.000000000 secs

query ?
select interval '5' minute
----
0 years 0 mons 0 days 0 hours 5 mins 0.000000000 secs

query ?
select interval '5' second
----
0 years 0 mons 0 days 0 hours 0 mins 5.000000000 secs

query ?
select interval '5' millisecond
----
0 years 0 mons 0 days 0 hours 0 mins 0.005000000 secs

query ?
select interval '5' milliseconds
----
0 years 0 mons 0 days 0 hours 0 mins 0.005000000 secs

query ?
select interval '5' microsecond
----
0 years 0 mons 0 days 0 hours 0 mins 0.000005000 secs

query ?
select interval '5' microseconds
----
0 years 0 mons 0 days 0 hours 0 mins 0.000005000 secs

query ?
select interval '5' nanosecond
----
0 years 0 mons 0 days 0 hours 0 mins 0.000000005 secs

query ?
select interval '5' nanoseconds
----
0 years 0 mons 0 days 0 hours 0 mins 0.000000005 secs

# Interval with string literal addition
query ?
select interval '1 month' + '1 month'
----
0 years 2 mons 0 days 0 hours 0 mins 0.000000000 secs

# Interval with string literal addition and leading field
query ?
select interval '1' + '1' month
----
0 years 2 mons 0 days 0 hours 0 mins 0.000000000 secs

# Interval with nested string literal addition
query ?
select interval '1 month' + '1 month' + '1 month'
----
0 years 3 mons 0 days 0 hours 0 mins 0.000000000 secs

# Interval with nested string literal addition and leading field
query ?
select interval '1' + '1' + '1' month
----
0 years 3 mons 0 days 0 hours 0 mins 0.000000000 secs

# Interval mega nested string literal addition
query ?
select interval '1 year' + '1 month' + '1 day' + '1 hour' + '1 minute' + '1 second' + '1 millisecond' + '1 microsecond' + '1 nanosecond'
----
0 years 13 mons 1 days 1 hours 1 mins 1.001001001 secs

# Interval with string literal subtraction
query ?
select interval '1 month' - '1 day';
----
0 years 1 mons -1 days 0 hours 0 mins 0.000000000 secs

# Interval with string literal subtraction and leading field
query ?
select interval '5' - '1' - '2' year;
----
0 years 24 mons 0 days 0 hours 0 mins 0.000000000 secs

# Interval with nested string literal subtraction
query ?
select interval '1 month' - '1 day' - '1 hour';
----
0 years 1 mons -1 days -1 hours 0 mins 0.000000000 secs

# Interval with nested string literal subtraction and leading field
query ?
select interval '10' - '1' - '1' month;
----
0 years 8 mons 0 days 0 hours 0 mins 0.000000000 secs

# Interval mega nested string literal subtraction
query ?
select interval '1 year' - '1 month' - '1 day' - '1 hour' - '1 minute' - '1 second' - '1 millisecond' - '1 microsecond' - '1 nanosecond'
----
0 years 11 mons -1 days -1 hours -1 mins -1.001001001 secs

# Interval with string literal negation and leading field
query ?
select -interval '5' - '1' - '2' year;
----
0 years -96 mons 0 days 0 hours 0 mins 0.000000000 secs

# Interval with nested string literal negation
query ?
select -interval '1 month' + '1 day' + '1 hour';
----
0 years -1 mons 1 days 1 hours 0 mins 0.000000000 secs

# Interval with nested string literal negation and leading field
query ?
select -interval '10' - '1' - '1' month;
----
0 years -12 mons 0 days 0 hours 0 mins 0.000000000 secs

# Interval mega nested string literal negation
query ?
select -interval '1 year' - '1 month' - '1 day' - '1 hour' - '1 minute' - '1 second' - '1 millisecond' - '1 microsecond' - '1 nanosecond'
----
0 years -13 mons -1 days -1 hours -1 mins -1.001001001 secs

# Interval string literal + date
query D
select interval '1 month' + '1 day' + '2012-01-01'::date;
----
2012-02-02

# Interval string literal parenthesized + date
query D
select ( interval '1 month' + '1 day' ) + '2012-01-01'::date;
----
2012-02-02

# Interval nested string literal + date
query D
select interval '1 year' + '1 month' + '1 day' + '2012-01-01'::date
----
2013-02-02

# Interval nested string literal subtraction + date
query D
select interval '1 year' - '1 month' + '1 day' + '2012-01-01'::date
----
2012-12-02




# Use interval SQL type
query TT
select
  arrow_typeof('5 months'::interval),
  arrow_typeof('5 days 3 nanoseconds'::interval)
----
Interval(MonthDayNano) Interval(MonthDayNano)

# cast with explicit cast sytax
query TT
select
  arrow_typeof(cast ('5 months' as interval)),
  arrow_typeof(cast ('5 days 3 nanoseconds' as interval))
----
Interval(MonthDayNano) Interval(MonthDayNano)


statement ok
create table t (i interval) as values (interval '5 days 3 nanoseconds');

query ?T rowsort
select
  i,
  arrow_typeof(i)
from t;
----
0 years 0 mons 5 days 0 hours 0 mins 0.000000003 secs Interval(MonthDayNano)


statement ok
drop table t;

# Create tables with interval values
statement ok
create table t (i interval) as values ('5 days 3 nanoseconds'::interval);

statement ok
insert into t values ('6 days 7 nanoseconds'::interval)

query ?T rowsort
select
  i,
  arrow_typeof(i)
from t;
----
0 years 0 mons 5 days 0 hours 0 mins 0.000000003 secs Interval(MonthDayNano)
0 years 0 mons 6 days 0 hours 0 mins 0.000000007 secs Interval(MonthDayNano)

statement ok
drop table t;


##### Tests for interval arithmetic

statement ok
create table t(i interval, d date, ts timestamp)
as
values
  ('1 month',  '1980-01-01', '2000-01-01T00:00:00'),
  ('1 day',    '1990-10-01', '2000-01-01T12:11:10'),
  ('1 minute', '1980-01-02', '2000-02-01T00:00:00')
;

### date / timestamp (scalar) + interval (scalar)
query D
select '1980-01-01'::date + interval '1 day'
----
1980-01-02


query P
select '1980-01-01'::timestamp + interval '1 day'
----
1980-01-02T00:00:00


### date / timestamp (scalar) - interval (scalar)
query D
select '1980-01-01'::date - interval '1 day'
----
1979-12-31


query P
select '1980-01-01'::timestamp - interval '1 day'
----
1979-12-31T00:00:00


### date / timestamp (array) + interval (scalar)
query D
select d + interval '1 day' from t;
----
1980-01-02
1990-10-02
1980-01-03

query P
select ts + interval '1 day' from t;
----
2000-01-02T00:00:00
2000-01-02T12:11:10
2000-02-02T00:00:00

### date / timestamp (array) - interval (scalar)
query D
select d - interval '1 day' from t;
----
1979-12-31
1990-09-30
1980-01-01

query P
select ts - interval '1 day' from t;
----
1999-12-31T00:00:00
1999-12-31T12:11:10
2000-01-31T00:00:00

### date / timestamp (scalar) + interval (array)
query D
select '1980-01-01'::date + i from t;
----
1980-02-01
1980-01-02
1980-01-01

query P
select '1980-01-01T12:00:00'::timestamp + i from t;
----
1980-02-01T12:00:00
1980-01-02T12:00:00
1980-01-01T12:01:00


query D
select '1980-01-01'::date - i from t;
----
1979-12-01
1979-12-31
1980-01-01

query P
select '1980-01-01T12:00:00'::timestamp - i from t;
----
1979-12-01T12:00:00
1979-12-31T12:00:00
1980-01-01T11:59:00

### date / timestamp (array) + interval (array)
query D
select d + i from t;
----
1980-02-01
1990-10-02
1980-01-02

query P
select ts + i from t;
----
2000-02-01T00:00:00
2000-01-02T12:11:10
2000-02-01T00:01:00


### date / timestamp (array) - interval (array)
query D
select d - i from t;
----
1979-12-01
1990-09-30
1980-01-02

query P
select ts - i from t;
----
1999-12-01T00:00:00
1999-12-31T12:11:10
2000-01-31T23:59:00


# Now reverse the argument order
# interval (scalar) + date / timestamp (scalar)
query D
select '1 month'::interval + '1980-01-01'::date;
----
1980-02-01

query P
select '1 month'::interval + '1980-01-01T12:00:00'::timestamp;
----
1980-02-01T12:00:00

# Exected error: interval (scalar) - date / timestamp (scalar)

query error DataFusion error: type_coercion\ncaused by\nError during planning: Interval\(MonthDayNano\) \- Date32 can't be evaluated because there isn't a common type to coerce the types to
select '1 month'::interval - '1980-01-01'::date;

query error DataFusion error: type_coercion\ncaused by\nError during planning: Interval\(MonthDayNano\) \- Timestamp\(Nanosecond, None\) can't be evaluated because there isn't a common type to coerce the types to
select '1 month'::interval - '1980-01-01T12:00:00'::timestamp;

# interval (array) + date / timestamp (array)
query D
select i + d from t;
----
1980-02-01
1990-10-02
1980-01-02

query P
select i + ts from t;
----
2000-02-01T00:00:00
2000-01-02T12:11:10
2000-02-01T00:01:00

# expected error interval (array) - date / timestamp (array)
query error DataFusion error: type_coercion\ncaused by\nError during planning: Interval\(MonthDayNano\) \- Date32 can't be evaluated because there isn't a common type to coerce the types to
select i - d from t;

query error DataFusion error: type_coercion\ncaused by\nError during planning: Interval\(MonthDayNano\) \- Timestamp\(Nanosecond, None\) can't be evaluated because there isn't a common type to coerce the types to
select i - ts from t;


# interval (scalar) + date / timestamp (array)
query D
select '1 month'::interval + d from t;
----
1980-02-01
1990-11-01
1980-02-02

query P
select '1 month'::interval + ts from t;
----
2000-02-01T00:00:00
2000-02-01T12:11:10
2000-03-01T00:00:00

# expected error interval (scalar) - date / timestamp (array)
query error DataFusion error: type_coercion\ncaused by\nError during planning: Interval\(MonthDayNano\) \- Date32 can't be evaluated because there isn't a common type to coerce the types to
select '1 month'::interval - d from t;

query error DataFusion error: type_coercion\ncaused by\nError during planning: Interval\(MonthDayNano\) \- Timestamp\(Nanosecond, None\) can't be evaluated because there isn't a common type to coerce the types to
select '1 month'::interval - ts from t;

# interval + date
query D
select interval '1 month' + '2012-01-01'::date;
----
2012-02-01

statement ok
drop table t
