# Licensed to the Apache Software Foundation (ASF) under one
# or more contributor license agreements.  See the NOTICE file
# distributed with this work for additional information
# regarding copyright ownership.  The ASF licenses this file
# to you under the Apache License, Version 2.0 (the
# "License"); you may not use this file except in compliance
# with the License.  You may obtain a copy of the License at

#   http://www.apache.org/licenses/LICENSE-2.0

# Unless required by applicable law or agreed to in writing,
# software distributed under the License is distributed on an
# "AS IS" BASIS, WITHOUT WARRANTIES OR CONDITIONS OF ANY
# KIND, either express or implied.  See the License for the
# specific language governing permissions and limitations
# under the License.

##########
## Join Tests
##########

statement ok
CREATE TABLE students(name TEXT, mark INT) AS VALUES
('Stuart', 28),
('Amina', 89),
('Christen', 50),
('Salma', 77),
('Samantha', 21);

statement ok
CREATE TABLE grades(grade INT, min INT, max INT) AS VALUES
(1, 0, 14),
(2, 15, 35),
(3, 36, 55),
(4, 56, 79),
(5, 80, 100);

statement ok
CREATE TABLE test1(a int, b int) as select 1 as a, 2 as b;

statement ok
CREATE TABLE test2(a int, b int) as select 1 as a, 2 as b;

# Regression test: https://github.com/apache/arrow-datafusion/issues/4844
query TII
SELECT s.*, g.grade FROM students s join grades g on s.mark between g.min and g.max WHERE grade > 2 ORDER BY s.mark DESC
----
Amina 89 5
Salma 77 4
Christen 50 3

# two tables for join
statement ok
CREATE TABLE t1(t1_id INT, t1_name TEXT, t1_int INT) AS VALUES
(11, 'a', 1),
(22, 'b', 2),
(33, 'c', 3),
(44, 'd', 4);

statement ok
CREATE TABLE t2(t2_id INT, t2_name TEXT, t2_int INT) AS VALUES
(11, 'z', 3),
(22, 'y', 1),
(44, 'x', 3),
(55, 'w', 3);

# left semi with wrong where clause
query error DataFusion error: Schema error: No field named "t2"."t2_id". Valid fields are "t1"."t1_id", "t1"."t1_name", "t1"."t1_int".
SELECT t1.t1_id,
       t1.t1_name,
       t1.t1_int
FROM   t1 LEFT SEMI
JOIN   t2
ON     (
              t1.t1_id = t2.t2_id)
WHERE  t2.t2_id > 1

# left semi join with on-filter
query ITI rowsort
SELECT t1.t1_id,
       t1.t1_name,
       t1.t1_int
FROM   t1 LEFT SEMI
JOIN   t2
ON     (
              t1.t1_id = t2.t2_id and t2.t2_int > 1)
----
11 a 1
44 d 4

# issue: https://github.com/apache/arrow-datafusion/issues/5382
query IIII rowsort
SELECT * FROM test2 FULL JOIN test1 ON true;
----
1 2 1 2
