
# Licensed to the Apache Software Foundation (ASF) under one
# or more contributor license agreements.  See the NOTICE file
# distributed with this work for additional information
# regarding copyright ownership.  The ASF licenses this file
# to you under the Apache License, Version 2.0 (the
# "License"); you may not use this file except in compliance
# with the License.  You may obtain a copy of the License at

#   http://www.apache.org/licenses/LICENSE-2.0

# Unless required by applicable law or agreed to in writing,
# software distributed under the License is distributed on an
# "AS IS" BASIS, WITHOUT WARRANTIES OR CONDITIONS OF ANY
# KIND, either express or implied.  See the License for the
# specific language governing permissions and limitations
# under the License.

##########
## SELECT Tests
##########

# all where empty
statement ok
SELECT * FROM aggregate_test_100 WHERE 1=2

# Simple values function
query I
VALUES (1)
----
1

# VALUES with a negative values
query I
VALUES (-1)
----
-1

# foo bar
query IIB
VALUES (2+1,2-1,2>1)
----
3    1    true

# multiple rows values
query I rowsort
VALUES (1),(2)
----
1
2

# multiple rows and columns from VALUES
query IT rowsort
VALUES (1,'a'),(2,'b')
----
1   a
2   b

# table foo for distinct order by
statement ok
CREATE TABLE foo AS VALUES
(1, 2),
(3, 4),
(5, 6);

# foo distinct
query T
select distinct '1' from foo;
----
1

# foo order by
query T
select '1' from foo order by column1;
----
1
1
1

# foo distinct order by
statement error DataFusion error: Error during planning: For SELECT DISTINCT, ORDER BY expressions column1 must appear in select list
select distinct '1' from foo order by column1;
