# Licensed to the Apache Software Foundation (ASF) under one
# or more contributor license agreements.  See the NOTICE file
# distributed with this work for additional information
# regarding copyright ownership.  The ASF licenses this file
# to you under the Apache License, Version 2.0 (the
# "License"); you may not use this file except in compliance
# with the License.  You may obtain a copy of the License at

#   http://www.apache.org/licenses/LICENSE-2.0

# Unless required by applicable law or agreed to in writing,
# software distributed under the License is distributed on an
# "AS IS" BASIS, WITHOUT WARRANTIES OR CONDITIONS OF ANY
# KIND, either express or implied.  See the License for the
# specific language governing permissions and limitations
# under the License.

#############
## Subquery Tests
#############

# two tables for subquery
statement ok
CREATE TABLE t1(t1_id INT, t1_name TEXT, t1_int INT) AS VALUES
(11, 'a', 1),
(22, 'b', 2),
(33, 'c', 3),
(44, 'd', 4);

statement ok
CREATE TABLE t2(t2_id INT, t2_name TEXT, t2_int INT) AS VALUES
(11, 'z', 3),
(22, 'y', 1),
(44, 'x', 3),
(55, 'w', 3);


# in_subquery_to_join_with_correlated_outer_filter
query ITI rowsort
select t1.t1_id,
       t1.t1_name,
       t1.t1_int
from t1
where t1.t1_id + 12 in (
                           select t2.t2_id + 1 from t2 where t1.t1_int > 0
                       )
----
11 a 1
33 c 3
44 d 4

# not_in_subquery_to_join_with_correlated_outer_filter
query ITI rowsort
select t1.t1_id,
       t1.t1_name,
       t1.t1_int
from t1
where t1.t1_id + 12 not in (
                               select t2.t2_id + 1 from t2 where t1.t1_int > 0
                           )
----
22 b 2

# in subquery with two parentheses, see #5529
query ITI rowsort
select t1.t1_id,
       t1.t1_name,
       t1.t1_int
from t1
where t1.t1_id in ((
                       select t2.t2_id from t2
                  ))
----
11 a 1
22 b 2
44 d 4

query ITI rowsort
select t1.t1_id,
       t1.t1_name,
       t1.t1_int
from t1
where t1.t1_id in ((
                       select t2.t2_id from t2
                  ))
and t1.t1_int < 3
----
11 a 1
22 b 2

query ITI rowsort
select t1.t1_id,
       t1.t1_name,
       t1.t1_int
from t1
where t1.t1_id not in ((
                            select t2.t2_id from t2 where t2.t2_int = 3
                      ))
----
22 b 2
33 c 3

# VALUES in subqueries, see 6017
query I
select t1_id
from t1
where t1_int = (select max(i) from (values (1)) as s(i));
----
11
