# Licensed to the Apache Software Foundation (ASF) under one
# or more contributor license agreements.  See the NOTICE file
# distributed with this work for additional information
# regarding copyright ownership.  The ASF licenses this file
# to you under the Apache License, Version 2.0 (the
# "License"); you may not use this file except in compliance
# with the License.  You may obtain a copy of the License at

#   http://www.apache.org/licenses/LICENSE-2.0

# Unless required by applicable law or agreed to in writing,
# software distributed under the License is distributed on an
# "AS IS" BASIS, WITHOUT WARRANTIES OR CONDITIONS OF ANY
# KIND, either express or implied.  See the License for the
# specific language governing permissions and limitations
# under the License.

# This file was originally created by a porting script from:
#   https://github.com/lakehq/sail/tree/43b6ed8221de5c4c4adbedbb267ae1351158b43c/crates/sail-spark-connect/tests/gold_data/function
# This file is part of the implementation of the datafusion-spark function library.
# For more information, please see:
#   https://github.com/apache/datafusion/issues/15914

## Original Query: SELECT abs(-1);
## PySpark 3.5.5 Result: {'abs(-1)': 1, 'typeof(abs(-1))': 'int', 'typeof(-1)': 'int'}

# abs: signed int and NULL
query IIIIR
SELECT abs(-127::TINYINT), abs(-32767::SMALLINT), abs(-2147483647::INT), abs(-9223372036854775807::BIGINT), abs(NULL);
----
127 32767 2147483647 9223372036854775807 NULL


# abs: signed int minimal values
query IIII
select abs((-128)::TINYINT), abs((-32768)::SMALLINT), abs((-2147483648)::INT), abs((-9223372036854775808)::BIGINT)
----
-128 -32768 -2147483648 -9223372036854775808

# abs: floats, NULL and NaN
query RRRR
SELECT abs(-1.0::FLOAT), abs(0.::FLOAT), abs(NULL::FLOAT), abs('NaN'::FLOAT)
----
1 0 NULL NaN

# abs: doubles, NULL and NaN
query RRRR
SELECT abs(-1.0::DOUBLE), abs(0.::DOUBLE), abs(NULL::DOUBLE), abs('NaN'::DOUBLE)
----
1 0 NULL NaN

# abs: decimal128 and decimal256
statement ok
CREATE TABLE test_nullable_decimal(
    c1 DECIMAL(10, 2),    /* Decimal128 */
    c2 DECIMAL(38, 10),   /* Decimal128 with max precision */
    c3 DECIMAL(40, 2),    /* Decimal256 */
    c4 DECIMAL(76, 10)    /* Decimal256 with max precision */
 ) AS VALUES
    (0, 0, 0, 0),
    (NULL, NULL, NULL, NULL);

query I
INSERT into test_nullable_decimal values
    (
        -99999999.99,
        '-9999999999999999999999999999.9999999999',
        '-99999999999999999999999999999999999999.99',
        '-999999999999999999999999999999999999999999999999999999999999999999.9999999999'
    ),
    (
        99999999.99,
        '9999999999999999999999999999.9999999999',
        '99999999999999999999999999999999999999.99',
        '999999999999999999999999999999999999999999999999999999999999999999.9999999999'
    )
----
2

query RRRR rowsort
SELECT abs(c1), abs(c2), abs(c3), abs(c4) FROM test_nullable_decimal
----
0 0 0 0
99999999.99 9999999999999999999999999999.9999999999 99999999999999999999999999999999999999.99 999999999999999999999999999999999999999999999999999999999999999999.9999999999
99999999.99 9999999999999999999999999999.9999999999 99999999999999999999999999999999999999.99 999999999999999999999999999999999999999999999999999999999999999999.9999999999
NULL NULL NULL NULL


statement ok
drop table test_nullable_decimal

## Original Query: SELECT abs(INTERVAL -'1-1' YEAR TO MONTH);
## PySpark 3.5.5 Result: {"abs(INTERVAL '-1-1' YEAR TO MONTH)": 13, "typeof(abs(INTERVAL '-1-1' YEAR TO MONTH))": 'interval year to month', "typeof(INTERVAL '-1-1' YEAR TO MONTH)": 'interval year to month'}
query error DataFusion error: This feature is not implemented: Unsupported SQL type INTERVAL YEAR TO MONTH
SELECT abs(INTERVAL '-1-1' YEAR TO MONTH::interval year to month);
