# Licensed to the Apache Software Foundation (ASF) under one
# or more contributor license agreements.  See the NOTICE file
# distributed with this work for additional information
# regarding copyright ownership.  The ASF licenses this file
# to you under the Apache License, Version 2.0 (the
# "License"); you may not use this file except in compliance
# with the License.  You may obtain a copy of the License at

#   http://www.apache.org/licenses/LICENSE-2.0

# Unless required by applicable law or agreed to in writing,
# software distributed under the License is distributed on an
# "AS IS" BASIS, WITHOUT WARRANTIES OR CONDITIONS OF ANY
# KIND, either express or implied.  See the License for the
# specific language governing permissions and limitations
# under the License.

query T
SELECT hex('Spark SQL');
----
537061726B2053514C

query T
SELECT hex(1234::INT);
----
4D2

query T
SELECT hex(a) from VALUES (1234::INT), (NULL), (456::INT) AS t(a);
----
4D2
NULL
1C8

query T
SELECT hex(a) from VALUES ('foo'), (NULL), ('foobarbaz') AS t(a);
----
666F6F
NULL
666F6F62617262617A

statement ok
CREATE TABLE t_utf8view as VALUES (arrow_cast('foo', 'Utf8View')), (NULL), (arrow_cast('foobarbaz', 'Utf8View'));

query T
SELECT hex(column1) FROM t_utf8view;
----
666F6F
NULL
666F6F62617262617A

query T
SELECT hex(column1) FROM VALUES (arrow_cast('hello', 'LargeBinary')), (NULL), (arrow_cast('world', 'LargeBinary'));
----
68656C6C6F
NULL
776F726C64

statement error Function 'hex' expects 1 arguments but received 2
SELECT hex(1, 2);

query T
SELECT hex(arrow_cast('test', 'LargeBinary')) as lar_b;
----
74657374

statement ok
CREATE TABLE t_dict_binary AS
SELECT arrow_cast(column1, 'Dictionary(Int32, Binary)') as dict_col
FROM VALUES ('foo'), ('bar'), ('foo'), (NULL), ('baz'), ('bar');

query T
SELECT hex(dict_col) FROM t_dict_binary;
----
666F6F
626172
666F6F
NULL
62617A
626172

query T
SELECT arrow_typeof(hex(dict_col)) FROM t_dict_binary LIMIT 1;
----
Dictionary(Int32, Utf8)

query TT
WITH values AS (
	SELECT arrow_cast(column1, 'Dictionary(Int32, Utf8)') AS column1
	FROM VALUES ('hi'), ('bye'), (NULL), ('rust')
) SELECT hex(column1), arrow_typeof(hex(column1)) FROM values
----
6869 Utf8
627965 Utf8
NULL Utf8
72757374 Utf8

query TT
WITH values AS (
	SELECT arrow_cast(column1, 'Dictionary(Int32, Int64)') AS column1
	FROM VALUES (1), (2), (NULL), (3)
) SELECT hex(column1), arrow_typeof(hex(column1)) FROM values
----
1 Utf8
2 Utf8
NULL Utf8
3 Utf8
