# Licensed to the Apache Software Foundation (ASF) under one
# or more contributor license agreements.  See the NOTICE file
# distributed with this work for additional information
# regarding copyright ownership.  The ASF licenses this file
# to you under the Apache License, Version 2.0 (the
# "License"); you may not use this file except in compliance
# with the License.  You may obtain a copy of the License at
#
#   http://www.apache.org/licenses/LICENSE-2.0
#
# Unless required by applicable law or agreed to in writing,
# software distributed under the License is distributed on an
# "AS IS" BASIS, WITHOUT WARRANTIES OR CONDITIONS OF ANY
# KIND, either express or implied.  See the License for the
# specific language governing permissions and limitations
# under the License.

# This file is intended to be run with tables already defined
# with standard values, but different types in string columns
# (String, StringView, etc.)

# select
query TTTT
SELECT ascii_1, ascii_2, unicode_1, unicode_2 FROM test_basic_operator
----
Andrew X datafusion📊🔥 🔥
Xiangpeng Xiangpeng datafusion数据融合 datafusion数据融合
Raphael R datafusionДатаФусион аФус
under_score un_____core un iść core chrząszcz na łące w 東京都
percent p%t pan Tadeusz ma iść w kąt Pan Tadeusz ma frunąć stąd w kąt
(empty) % (empty) (empty)
NULL % NULL NULL
NULL R NULL 🔥

# --------------------------------------
# column comparison as filters
# --------------------------------------

query TT
select ascii_1, ascii_2 from test_basic_operator where ascii_1 = ascii_2
----
Xiangpeng Xiangpeng

query TT
select ascii_1, ascii_2 from test_basic_operator where ascii_1 <> ascii_2
----
Andrew X
Raphael R
under_score un_____core
percent p%t
(empty) %

query TT
select unicode_1, unicode_2 from test_basic_operator where unicode_1 = unicode_2
----
datafusion数据融合 datafusion数据融合
(empty) (empty)

query TT
select unicode_1, unicode_2 from test_basic_operator where unicode_1 <> unicode_2
----
datafusion📊🔥 🔥
datafusionДатаФусион аФус
un iść core chrząszcz na łące w 東京都
pan Tadeusz ma iść w kąt Pan Tadeusz ma frunąć stąd w kąt

query TT
select ascii_1, unicode_1 from test_basic_operator where ascii_1 = unicode_1
----
(empty) (empty)

query TT
select ascii_1, unicode_1 from test_basic_operator where ascii_1 <> unicode_1
----
Andrew datafusion📊🔥
Xiangpeng datafusion数据融合
Raphael datafusionДатаФусион
under_score un iść core
percent pan Tadeusz ma iść w kąt

# --------------------------------------
# column comparison
# --------------------------------------
query TTTTBBBBBB
select
    ascii_1, ascii_2, unicode_1, unicode_2,
    ascii_1 = ascii_2,
    ascii_1 <> ascii_2,
    unicode_1 = unicode_2,
    unicode_1 <> unicode_2,
    ascii_1 = unicode_1,
    ascii_1 <> unicode_1
from test_basic_operator;
----
Andrew X datafusion📊🔥 🔥 false true false true false true
Xiangpeng Xiangpeng datafusion数据融合 datafusion数据融合 true false true false false true
Raphael R datafusionДатаФусион аФус false true false true false true
under_score un_____core un iść core chrząszcz na łące w 東京都 false true false true false true
percent p%t pan Tadeusz ma iść w kąt Pan Tadeusz ma frunąć stąd w kąt false true false true false true
(empty) % (empty) (empty) false true true false true false
NULL % NULL NULL NULL NULL NULL NULL NULL NULL
NULL R NULL 🔥 NULL NULL NULL NULL NULL NULL

# --------------------------------------
# column to StringView scalar comparison
# --------------------------------------
query TTBBBB
select
    ascii_1, unicode_1,
    ascii_1 = arrow_cast('Andrew', 'Utf8View'),
    ascii_1 <> arrow_cast('Andrew', 'Utf8View'),
    unicode_1 = arrow_cast('datafusion数据融合', 'Utf8View'),
    unicode_1 <> arrow_cast('datafusion数据融合', 'Utf8View')
from test_basic_operator;
----
Andrew datafusion📊🔥 true false false true
Xiangpeng datafusion数据融合 false true true false
Raphael datafusionДатаФусион false true false true
under_score un iść core false true false true
percent pan Tadeusz ma iść w kąt false true false true
(empty) (empty) false true false true
NULL NULL NULL NULL NULL NULL
NULL NULL NULL NULL NULL NULL

# --------------------------------------
# column to String scalar
# --------------------------------------
query TTBBBB
select
    ascii_1, unicode_1,
    ascii_1 = arrow_cast('Andrew', 'Utf8'),
    ascii_1 <> arrow_cast('Andrew', 'Utf8'),
    unicode_1 = arrow_cast('datafusion数据融合', 'Utf8'),
    unicode_1 <> arrow_cast('datafusion数据融合', 'Utf8')
from test_basic_operator;
----
Andrew datafusion📊🔥 true false false true
Xiangpeng datafusion数据融合 false true true false
Raphael datafusionДатаФусион false true false true
under_score un iść core false true false true
percent pan Tadeusz ma iść w kąt false true false true
(empty) (empty) false true false true
NULL NULL NULL NULL NULL NULL
NULL NULL NULL NULL NULL NULL

# --------------------------------------
# column to LargeString scalar
# --------------------------------------
query TTBBBB
select
    ascii_1, unicode_1,
    ascii_1 = arrow_cast('Andrew', 'LargeUtf8'),
    ascii_1 <> arrow_cast('Andrew', 'LargeUtf8'),
    unicode_1 = arrow_cast('datafusion数据融合', 'LargeUtf8'),
    unicode_1 <> arrow_cast('datafusion数据融合', 'LargeUtf8')
from test_basic_operator;
----
Andrew datafusion📊🔥 true false false true
Xiangpeng datafusion数据融合 false true true false
Raphael datafusionДатаФусион false true false true
under_score un iść core false true false true
percent pan Tadeusz ma iść w kąt false true false true
(empty) (empty) false true false true
NULL NULL NULL NULL NULL NULL
NULL NULL NULL NULL NULL NULL

# --------------------------------------
# substr function
# --------------------------------------

query TTTTTTTTTTTTTT
select
    substr(c1, 1),
    substr(c1, 3),
    substr(c1, 100),
    substr(c1, -1),
    substr(c1, 0, 0),
    substr(c1, -1, 2),
    substr(c1, -2, 10),
    substr(c1, -100, 200),
    substr(c1, -10, 10),
    substr(c1, -100, 10),
    substr(c1, 1, 100),
    substr(c1, 5, 3),
    substr(c1, 100, 200),
    substr(c1, 8, 0)
from test_substr;
----
foo o (empty) foo (empty) (empty) foo foo (empty) (empty) foo (empty) (empty) (empty)
hello🌏世界 llo🌏世界 (empty) hello🌏世界 (empty) (empty) hello🌏世 hello🌏世界 (empty) (empty) hello🌏世界 o🌏世 (empty) (empty)
💩 (empty) (empty) 💩 (empty) (empty) 💩 💩 (empty) (empty) 💩 (empty) (empty) (empty)
ThisIsAVeryLongASCIIString isIsAVeryLongASCIIString (empty) ThisIsAVeryLongASCIIString (empty) (empty) ThisIsA ThisIsAVeryLongASCIIString (empty) (empty) ThisIsAVeryLongASCIIString IsA (empty) (empty)
(empty) (empty) (empty) (empty) (empty) (empty) (empty) (empty) (empty) (empty) (empty) (empty) (empty) (empty)
NULL NULL NULL NULL NULL NULL NULL NULL NULL NULL NULL NULL NULL NULL

query TTTT
SELECT
  SUBSTR(ascii_1, 1, 3) as c1,
  SUBSTR(ascii_2, 1, 3) as c2,
  SUBSTR(unicode_1, 1, 3) as c3,
  SUBSTR(unicode_2, 1, 3) as c4
FROM test_basic_operator;
----
And X dat 🔥
Xia Xia dat dat
Rap R dat аФу
und un_ un  chr
per p%t pan Pan
(empty) % (empty) (empty)
NULL % NULL NULL
NULL R NULL 🔥

# --------------------------------------
# test distinct aggregate
# --------------------------------------
query II
SELECT
    COUNT(DISTINCT ascii_1),
    COUNT(DISTINCT unicode_1)
FROM
    test_basic_operator
----
6 6

query II
SELECT
    COUNT(DISTINCT ascii_1),
    COUNT(DISTINCT unicode_1)
FROM
    test_basic_operator
GROUP BY ascii_2;
----
1 1
1 1
1 1
1 1
1 1
1 1

query II rowsort
SELECT
    COUNT(DISTINCT ascii_1),
    COUNT(DISTINCT unicode_1)
FROM
    test_basic_operator
GROUP BY unicode_2;
----
0 0
1 1
1 1
1 1
1 1
1 1
1 1

# --------------------------------------
# STARTS_WITH function
# --------------------------------------

query BBBB
SELECT
    STARTS_WITH(ascii_1, ascii_2),
    STARTS_WITH(unicode_1, unicode_2),
    STARTS_WITH(ascii_1, unicode_2),
    STARTS_WITH(unicode_1, ascii_2)
FROM test_basic_operator
----
false false false false
true true false false
true false false false
false false false false
false false false false
false true true false
NULL NULL NULL NULL
NULL NULL NULL NULL

query BBBB
SELECT
    STARTS_WITH(ascii_1, 'And'),
    STARTS_WITH(ascii_2, 'And'),
    STARTS_WITH(unicode_1, 'data'),
    STARTS_WITH(unicode_2, 'data')
FROM test_basic_operator
----
true false true false
false false true true
false false true false
false false false false
false false false false
false false false false
NULL false NULL NULL
NULL false NULL false

# --------------------------------------
# Test TRANSLATE
# --------------------------------------

query T
SELECT
  TRANSLATE(ascii_1, 'foo', 'bar') as c
FROM test_basic_operator;
----
Andrew
Xiangpeng
Raphael
under_scrre
percent
(empty)
NULL
NULL

query T
SELECT
  TRANSLATE(unicode_1, 'foo', 'bar') as c
FROM test_basic_operator;
----
databusirn📊🔥
databusirn数据融合
databusirnДатаФусион
un iść crre
pan Tadeusz ma iść w kąt
(empty)
NULL
NULL

# --------------------------------------
# Test REGEXP_REPLACE
# --------------------------------------

# Should run REGEXP_REPLACE with Scalar value for string
query T
SELECT
  REGEXP_REPLACE(ascii_1, 'e', 'f') AS k
FROM test_basic_operator;
----
Andrfw
Xiangpfng
Raphafl
undfr_score
pfrcent
(empty)
NULL
NULL

# Should run REGEXP_REPLACE with Scalar value for string with flag
query T
SELECT
  REGEXP_REPLACE(ascii_1, 'e', 'f', 'i') AS k
FROM test_basic_operator;
----
Andrfw
Xiangpfng
Raphafl
undfr_score
pfrcent
(empty)
NULL
NULL

# Should run REGEXP_REPLACE with ScalarArray value for string
query T
SELECT
  REGEXP_REPLACE(ascii_1, lower(ascii_1), 'bar') AS k
FROM test_basic_operator;
----
Andrew
Xiangpeng
Raphael
bar
bar
bar
NULL
NULL

# Should run REGEXP_REPLACE with ScalarArray value for string with flag
query T
SELECT
  REGEXP_REPLACE(ascii_1, lower(ascii_1), 'bar', 'g') AS k
FROM test_basic_operator;
----
Andrew
Xiangpeng
Raphael
bar
bar
bar
NULL
NULL

# --------------------------------------
# Test Initcap
# --------------------------------------
statement ok
CREATE TABLE test_lowercase AS SELECT
  lower(ascii_1) as ascii_1_lower,
  lower(unicode_1) as unicode_1_lower
FROM test_basic_operator;

query TT
SELECT
  INITCAP(ascii_1_lower) as c1,
  INITCAP(unicode_1_lower) as c2
FROM test_lowercase;
----
Andrew Datafusion📊🔥
Xiangpeng Datafusion数据融合
Raphael Datafusionдатафусион
Under_Score Un Iść Core
Percent Pan Tadeusz Ma Iść W KąT
(empty) (empty)
NULL NULL
NULL NULL

statement ok
drop table test_lowercase;

# --------------------------------------
# Test ASCII
# --------------------------------------

query IIII
SELECT
  ASCII(ascii_1) as c1,
  ASCII(ascii_2) as c2,
  ASCII(unicode_1) as c3,
  ASCII(unicode_2) as c4
FROM test_basic_operator;
----
65 88 100 128293
88 88 100 100
82 82 100 1072
117 117 117 99
112 112 112 80
0 37 0 0
NULL 37 NULL NULL
NULL 82 NULL 128293

# --------------------------------------
# Test BTRIM
# --------------------------------------

# Test BTRIM outputs
query TTTTTT
SELECT
  BTRIM(ascii_1, 'foo'),
  BTRIM(ascii_1, 'A'),
  BTRIM(ascii_1, NULL),
  BTRIM(unicode_1),
  BTRIM(unicode_1, '🔥'),
  BTRIM(unicode_1, NULL)
FROM test_basic_operator;
----
Andrew ndrew NULL datafusion📊🔥 datafusion📊 NULL
Xiangpeng Xiangpeng NULL datafusion数据融合 datafusion数据融合 NULL
Raphael Raphael NULL datafusionДатаФусион datafusionДатаФусион NULL
under_score under_score NULL un iść core un iść core NULL
percent percent NULL pan Tadeusz ma iść w kąt pan Tadeusz ma iść w kąt NULL
(empty) (empty) NULL (empty) (empty) NULL
NULL NULL NULL NULL NULL NULL
NULL NULL NULL NULL NULL NULL

# --------------------------------------
# Test LTRIM
# --------------------------------------

# Test LTRIM outputs
query TTTTTT
SELECT
  LTRIM(ascii_1, 'foo'),
  LTRIM(ascii_1, ascii_2),
  LTRIM(ascii_1, NULL),
  LTRIM(unicode_1),
  LTRIM(unicode_1, NULL),
  LTRIM(unicode_1, '🔥')
FROM test_basic_operator;
----
Andrew Andrew NULL datafusion📊🔥 NULL datafusion📊🔥
Xiangpeng (empty) NULL datafusion数据融合 NULL datafusion数据融合
Raphael aphael NULL datafusionДатаФусион NULL datafusionДатаФусион
under_score der_score NULL un iść core NULL un iść core
percent ercent NULL pan Tadeusz ma iść w kąt NULL pan Tadeusz ma iść w kąt
(empty) (empty) NULL (empty) NULL (empty)
NULL NULL NULL NULL NULL NULL
NULL NULL NULL NULL NULL NULL

# --------------------------------------
# Test RTRIM
# --------------------------------------

# Test RTRIM outputs
query TTTTT
SELECT
  RTRIM(ascii_1, 'rew'),
  RTRIM(ascii_1, ascii_2),
  RTRIM(ascii_1),
  RTRIM(unicode_1, NULL),
  RTRIM(unicode_1, '🔥')
FROM test_basic_operator;
----
And Andrew Andrew NULL datafusion📊
Xiangpeng (empty) Xiangpeng NULL datafusion数据融合
Raphael Raphael Raphael NULL datafusionДатаФусион
under_sco under_s under_score NULL un iść core
percent percen percent NULL pan Tadeusz ma iść w kąt
(empty) (empty) (empty) NULL (empty)
NULL NULL NULL NULL NULL
NULL NULL NULL NULL NULL

# --------------------------------------
# Test CONTAINS
# --------------------------------------

query BBBBBB
SELECT
  CONTAINS(ascii_1, 'foo') as c1,
  CONTAINS(ascii_1, ascii_2) as c2,
  CONTAINS(ascii_1, NULL) as c3,
  CONTAINS(unicode_1, unicode_2) as c4,
  CONTAINS(unicode_1, NULL) as c5,
  CONTAINS(unicode_1, '🔥') as c6
FROM test_basic_operator;
----
false false NULL true NULL true
false true NULL true NULL false
false true NULL true NULL false
false false NULL false NULL false
false false NULL false NULL false
false false NULL true NULL false
NULL NULL NULL NULL NULL NULL
NULL NULL NULL NULL NULL NULL

# --------------------------------------
# Test LOWER
# --------------------------------------

query TT
SELECT LOWER(ascii_1) as c1, LOWER(unicode_1) as c2 FROM test_basic_operator;
----
andrew datafusion📊🔥
xiangpeng datafusion数据融合
raphael datafusionдатафусион
under_score un iść core
percent pan tadeusz ma iść w kąt
(empty) (empty)
NULL NULL
NULL NULL

# --------------------------------------
# Test UPPER
# --------------------------------------

query TT
SELECT UPPER(ascii_1) as c1, UPPER(unicode_1) as c2 FROM test_basic_operator;
----
ANDREW DATAFUSION📊🔥
XIANGPENG DATAFUSION数据融合
RAPHAEL DATAFUSIONДАТАФУСИОН
UNDER_SCORE UN IŚĆ CORE
PERCENT PAN TADEUSZ MA IŚĆ W KĄT
(empty) (empty)
NULL NULL
NULL NULL

# --------------------------------------
# Test Concat
# --------------------------------------

query TTTTTTTTTTTT
SELECT
    concat(ascii_1, ':Data'),
    concat(ascii_1, ascii_2),
    concat(ascii_1, NULL),
    concat(ascii_1, unicode_1),
    concat(ascii_1, unicode_2),
    concat(unicode_1, ascii_1),
    concat(unicode_1, unicode_2),
    concat(unicode_1, NULL),
    concat(unicode_1, '🔥'),
    concat(NULL, '🔥'),
    concat(NULL, NULL),
    concat(ascii_1, ',', unicode_1)
FROM test_basic_operator;
----
Andrew:Data AndrewX Andrew Andrewdatafusion📊🔥 Andrew🔥 datafusion📊🔥Andrew datafusion📊🔥🔥 datafusion📊🔥 datafusion📊🔥🔥 🔥 (empty) Andrew,datafusion📊🔥
Xiangpeng:Data XiangpengXiangpeng Xiangpeng Xiangpengdatafusion数据融合 Xiangpengdatafusion数据融合 datafusion数据融合Xiangpeng datafusion数据融合datafusion数据融合 datafusion数据融合 datafusion数据融合🔥 🔥 (empty) Xiangpeng,datafusion数据融合
Raphael:Data RaphaelR Raphael RaphaeldatafusionДатаФусион RaphaelаФус datafusionДатаФусионRaphael datafusionДатаФусионаФус datafusionДатаФусион datafusionДатаФусион🔥 🔥 (empty) Raphael,datafusionДатаФусион
under_score:Data under_scoreun_____core under_score under_scoreun iść core under_scorechrząszcz na łące w 東京都 un iść coreunder_score un iść corechrząszcz na łące w 東京都 un iść core un iść core🔥 🔥 (empty) under_score,un iść core
percent:Data percentp%t percent percentpan Tadeusz ma iść w kąt percentPan Tadeusz ma frunąć stąd w kąt pan Tadeusz ma iść w kątpercent pan Tadeusz ma iść w kątPan Tadeusz ma frunąć stąd w kąt pan Tadeusz ma iść w kąt pan Tadeusz ma iść w kąt🔥 🔥 (empty) percent,pan Tadeusz ma iść w kąt
:Data % (empty) (empty) (empty) (empty) (empty) (empty) 🔥 🔥 (empty) ,
:Data % (empty) (empty) (empty) (empty) (empty) (empty) 🔥 🔥 (empty) ,
:Data R (empty) (empty) 🔥 (empty) 🔥 (empty) 🔥 🔥 (empty) ,

# --------------------------------------
# Test OVERLAY
# --------------------------------------

query TTTTTT
SELECT
    OVERLAY(ascii_1 PLACING 'foo' FROM 2 ),
    OVERLAY(unicode_1 PLACING 'foo' FROM 2),
    OVERLAY(ascii_1 PLACING '🔥' FROM 2),
    OVERLAY(unicode_1 PLACING '🔥' FROM 2),
    OVERLAY(ascii_1 PLACING NULL FROM 2),
    OVERLAY(unicode_1 PLACING NULL FROM 2)
FROM test_basic_operator;
----
Afooew dfoofusion📊🔥 A🔥drew d🔥tafusion📊🔥 NULL NULL
Xfoogpeng dfoofusion数据融合 X🔥angpeng d🔥tafusion数据融合 NULL NULL
Rfooael dfoofusionДатаФусион R🔥phael d🔥tafusionДатаФусион NULL NULL
ufoor_score ufoość core u🔥der_score u🔥 iść core NULL NULL
pfooent pfooTadeusz ma iść w kąt p🔥rcent p🔥n Tadeusz ma iść w kąt NULL NULL
foo foo 🔥 🔥 NULL NULL
NULL NULL NULL NULL NULL NULL
NULL NULL NULL NULL NULL NULL

# --------------------------------------
# Test REPLACE
# --------------------------------------

query TTTTTT
SELECT
  REPLACE(ascii_1, 'foo', 'bar'),
  REPLACE(ascii_1, ascii_2, 'bar'),
  REPLACE(ascii_1, NULL, 'bar'),
  REPLACE(unicode_1, unicode_2, 'bar'),
  REPLACE(unicode_1, NULL, 'bar'),
  REPLACE(unicode_1, '🔥', 'bar')
FROM test_basic_operator;
----
Andrew Andrew NULL datafusion📊bar NULL datafusion📊bar
Xiangpeng bar NULL bar NULL datafusion数据融合
Raphael baraphael NULL datafusionДатbarион NULL datafusionДатаФусион
under_score under_score NULL un iść core NULL un iść core
percent percent NULL pan Tadeusz ma iść w kąt NULL pan Tadeusz ma iść w kąt
(empty) (empty) NULL bar NULL (empty)
NULL NULL NULL NULL NULL NULL
NULL NULL NULL NULL NULL NULL

# --------------------------------------
# Test RIGHT
# --------------------------------------
# Test outputs of RIGHT
query TTTTTT
SELECT
  RIGHT(ascii_1, 3),
  RIGHT(ascii_1, 0),
  RIGHT(ascii_1, -3),
  RIGHT(unicode_1, 3),
  RIGHT(unicode_1, 0),
  RIGHT(unicode_1, -3)
FROM test_basic_operator;
----
rew (empty) rew n📊🔥 (empty) afusion📊🔥
eng (empty) ngpeng 据融合 (empty) afusion数据融合
ael (empty) hael ион (empty) afusionДатаФусион
ore (empty) er_score ore (empty) iść core
ent (empty) cent kąt (empty)  Tadeusz ma iść w kąt
(empty) (empty) (empty) (empty) (empty) (empty)
NULL NULL NULL NULL NULL NULL
NULL NULL NULL NULL NULL NULL

# --------------------------------------
# Test LEFT
# --------------------------------------

# Test outputs of LEFT
query TTTTTT
SELECT
  LEFT(ascii_1, 3),
  LEFT(ascii_1, 0),
  LEFT(ascii_1, -3),
  LEFT(unicode_1, 3),
  LEFT(unicode_1, 0),
  LEFT(unicode_1, -3)
FROM test_basic_operator;
----
And (empty) And dat (empty) datafusio
Xia (empty) Xiangp dat (empty) datafusion数
Rap (empty) Raph dat (empty) datafusionДатаФус
und (empty) under_sc un  (empty) un iść c
per (empty) perc pan (empty) pan Tadeusz ma iść w 
(empty) (empty) (empty) (empty) (empty) (empty)
NULL NULL NULL NULL NULL NULL
NULL NULL NULL NULL NULL NULL

# --------------------------------------
# Test SUBSTR_INDEX
# --------------------------------------

query TTTT
SELECT
  SUBSTR_INDEX(ascii_1, 'a', 1),
  SUBSTR_INDEX(ascii_1, 'a', 2),
  SUBSTR_INDEX(unicode_1, 'а', 1),
  SUBSTR_INDEX(unicode_1, 'а', 2)
FROM test_basic_operator;
----
Andrew Andrew datafusion📊🔥 datafusion📊🔥
Xi Xiangpeng datafusion数据融合 datafusion数据融合
R Raph datafusionД datafusionДат
under_score under_score un iść core un iść core
percent percent pan Tadeusz ma iść w kąt pan Tadeusz ma iść w kąt
(empty) (empty) (empty) (empty)
NULL NULL NULL NULL
NULL NULL NULL NULL

# --------------------------------------
# Test FIND_IN_SET
# --------------------------------------

query IIII
SELECT
  FIND_IN_SET(ascii_1, 'a,b,c,d'),
  FIND_IN_SET(ascii_1, 'Andrew,Xiangpeng,Raphael'),
  FIND_IN_SET(unicode_1, 'a,b,c,d'),
  FIND_IN_SET(unicode_1, 'datafusion📊🔥,datafusion数据融合,datafusionДатаФусион')
FROM test_basic_operator;
----
0 1 0 1
0 2 0 2
0 3 0 3
0 0 0 0
0 0 0 0
0 0 0 0
NULL NULL NULL NULL
NULL NULL NULL NULL

# --------------------------------------
# Test || operator
# --------------------------------------

# || constants
# expect all results to be the same for each row as they all have the same values
query TTTT
SELECT
    ascii_1 || 'foo',
    ascii_1 || '🔥',
    unicode_1 || 'foo',
    unicode_1 || '🔥'
FROM test_basic_operator;
----
Andrewfoo Andrew🔥 datafusion📊🔥foo datafusion📊🔥🔥
Xiangpengfoo Xiangpeng🔥 datafusion数据融合foo datafusion数据融合🔥
Raphaelfoo Raphael🔥 datafusionДатаФусионfoo datafusionДатаФусион🔥
under_scorefoo under_score🔥 un iść corefoo un iść core🔥
percentfoo percent🔥 pan Tadeusz ma iść w kątfoo pan Tadeusz ma iść w kąt🔥
foo 🔥 foo 🔥
NULL NULL NULL NULL
NULL NULL NULL NULL

# || same type (column1 has null, so also tests NULL || NULL)
# expect all results to be the same for each row as they all have the same values
query TTTT
SELECT
    ascii_1 || ascii_2,
    ascii_1 || unicode_2,
    unicode_1 || ascii_2,
    unicode_1 || unicode_2
FROM test_basic_operator;
----
AndrewX Andrew🔥 datafusion📊🔥X datafusion📊🔥🔥
XiangpengXiangpeng Xiangpengdatafusion数据融合 datafusion数据融合Xiangpeng datafusion数据融合datafusion数据融合
RaphaelR RaphaelаФус datafusionДатаФусионR datafusionДатаФусионаФус
under_scoreun_____core under_scorechrząszcz na łące w 東京都 un iść coreun_____core un iść corechrząszcz na łące w 東京都
percentp%t percentPan Tadeusz ma frunąć stąd w kąt pan Tadeusz ma iść w kątp%t pan Tadeusz ma iść w kątPan Tadeusz ma frunąć stąd w kąt
% (empty) % (empty)
NULL NULL NULL NULL
NULL NULL NULL NULL

# --------------------------------------
# Test ~ operator
# --------------------------------------

query BB
SELECT
  ascii_1 ~ 'an',
  unicode_1 ~ 'таФ'
FROM test_basic_operator;
----
false false
true false
false true
false false
false false
false false
NULL NULL
NULL NULL

query BB
SELECT
  ascii_1 ~* '^a.{3}e',
  unicode_1 ~* '^d.*Фу'
FROM test_basic_operator;
----
true false
false false
false true
false false
false false
false false
NULL NULL
NULL NULL

query BB
SELECT
  ascii_1 !~~ 'xia_g%g',
  unicode_1 !~~ 'datafusion数据融合'
FROM test_basic_operator;
----
true true
true false
true true
true true
true true
true true
NULL NULL
NULL NULL

query BB
SELECT
  ascii_1 !~~* 'xia_g%g',
  unicode_1 !~~* 'datafusion数据融合'
FROM test_basic_operator;
----
true true
false false
true true
true true
true true
true true
NULL NULL
NULL NULL

# --------------------------------------
# Test || operator
# --------------------------------------

query TTTTT
select
    ascii_1 || ' nice',
    ascii_1 || ' and ' || ascii_2,
    unicode_1 || ' cool',
    unicode_1 || ' and ' || unicode_2,
    ascii_1 || ' 🔥 ' || unicode_1
from test_basic_operator;
----
Andrew nice Andrew and X datafusion📊🔥 cool datafusion📊🔥 and 🔥 Andrew 🔥 datafusion📊🔥
Xiangpeng nice Xiangpeng and Xiangpeng datafusion数据融合 cool datafusion数据融合 and datafusion数据融合 Xiangpeng 🔥 datafusion数据融合
Raphael nice Raphael and R datafusionДатаФусион cool datafusionДатаФусион and аФус Raphael 🔥 datafusionДатаФусион
under_score nice under_score and un_____core un iść core cool un iść core and chrząszcz na łące w 東京都 under_score 🔥 un iść core
percent nice percent and p%t pan Tadeusz ma iść w kąt cool pan Tadeusz ma iść w kąt and Pan Tadeusz ma frunąć stąd w kąt percent 🔥 pan Tadeusz ma iść w kąt
 nice  and %  cool  and   🔥 
NULL NULL NULL NULL NULL
NULL NULL NULL NULL NULL

# --------------------------------------
# Test LIKE / ILIKE
# --------------------------------------

# TODO: StringView has wrong behavior for LIKE/ILIKE. Enable this after fixing the issue
# see issue: https://github.com/apache/datafusion/issues/12637
# Test pattern with wildcard characters
#query TTBBBB
#select ascii_1, unicode_1,
#       ascii_1 like 'An%' as ascii_like,
#       unicode_1 like '%ion数据%' as unicode_like,
#       ascii_1 ilike 'An%' as ascii_ilike,
#       unicode_1 ilike '%ion数据%' as unicode_ilik
#from test_basic_operator;
#----
#Andrew datafusion📊🔥 true false true false
#Xiangpeng datafusion数据融合 false true false true
#Raphael datafusionДатаФусион false false false false
#NULL NULL NULL NULL NULL NULL

# Test pattern without wildcard characters
query TTBBBB
select ascii_1, unicode_1,
       ascii_1 like 'An' as ascii_like,
       unicode_1 like 'ion数据' as unicode_like,
       ascii_1 ilike 'An' as ascii_ilike,
       unicode_1 ilike 'ion数据' as unicode_ilik
from test_basic_operator;
----
Andrew datafusion📊🔥 false false false false
Xiangpeng datafusion数据融合 false false false false
Raphael datafusionДатаФусион false false false false
under_score un iść core false false false false
percent pan Tadeusz ma iść w kąt false false false false
(empty) (empty) false false false false
NULL NULL NULL NULL NULL NULL
NULL NULL NULL NULL NULL NULL

# --------------------------------------
# Test CHARACTER_LENGTH
# --------------------------------------

query II
SELECT
  CHARACTER_LENGTH(ascii_1),
  CHARACTER_LENGTH(unicode_1)
FROM
    test_basic_operator
----
6 12
9 14
7 20
11 11
7 24
0 0
NULL NULL
NULL NULL

# --------------------------------------
# Test Start_With
# --------------------------------------

query BBBB
SELECT
  STARTS_WITH(ascii_1, 'And'),
  STARTS_WITH(unicode_1, 'data'),
  STARTS_WITH(ascii_1, NULL),
  STARTS_WITH(unicode_1, NULL)
FROM test_basic_operator;
----
true true NULL NULL
false true NULL NULL
false true NULL NULL
false false NULL NULL
false false NULL NULL
false false NULL NULL
NULL NULL NULL NULL
NULL NULL NULL NULL

# --------------------------------------
# Test ENDS_WITH
# --------------------------------------

query BBBB
SELECT
  ENDS_WITH(ascii_1, 'w'),
  ENDS_WITH(unicode_1, 'ион'),
  ENDS_WITH(ascii_1, NULL),
  ENDS_WITH(unicode_1, NULL)
FROM test_basic_operator;
----
true false NULL NULL
false false NULL NULL
false true NULL NULL
false false NULL NULL
false false NULL NULL
false false NULL NULL
NULL NULL NULL NULL
NULL NULL NULL NULL

# --------------------------------------
# Test LEVENSHTEIN
# --------------------------------------

query IIII
SELECT
  LEVENSHTEIN(ascii_1, 'Andrew'),
  LEVENSHTEIN(unicode_1, 'datafusion数据融合'),
  LEVENSHTEIN(ascii_1, NULL),
  LEVENSHTEIN(unicode_1, NULL)
FROM test_basic_operator;
----
0 4 NULL NULL
7 0 NULL NULL
6 10 NULL NULL
8 13 NULL NULL
6 19 NULL NULL
6 14 NULL NULL
NULL NULL NULL NULL
NULL NULL NULL NULL

# --------------------------------------
# Test LPAD
# --------------------------------------

query TTTT
SELECT
  LPAD(ascii_1, 20, 'x'),
  LPAD(ascii_1, 20, NULL),
  LPAD(unicode_1, 20, '🔥'),
  LPAD(unicode_1, 20, NULL)
FROM test_basic_operator;
----
xxxxxxxxxxxxxxAndrew NULL 🔥🔥🔥🔥🔥🔥🔥🔥datafusion📊🔥 NULL
xxxxxxxxxxxXiangpeng NULL 🔥🔥🔥🔥🔥🔥datafusion数据融合 NULL
xxxxxxxxxxxxxRaphael NULL datafusionДатаФусион NULL
xxxxxxxxxunder_score NULL 🔥🔥🔥🔥🔥🔥🔥🔥🔥un iść core NULL
xxxxxxxxxxxxxpercent NULL pan Tadeusz ma iść w NULL
xxxxxxxxxxxxxxxxxxxx NULL 🔥🔥🔥🔥🔥🔥🔥🔥🔥🔥🔥🔥🔥🔥🔥🔥🔥🔥🔥🔥 NULL
NULL NULL NULL NULL
NULL NULL NULL NULL

query TTT
SELECT
  LPAD(ascii_1, 20),
  LPAD(unicode_1, 20),
  '|'
FROM test_basic_operator;
----
              Andrew         datafusion📊🔥 |
           Xiangpeng       datafusion数据融合 |
             Raphael datafusionДатаФусион |
         under_score          un iść core |
             percent pan Tadeusz ma iść w |
                                          |
NULL NULL |
NULL NULL |

# --------------------------------------
# Test RPAD
# --------------------------------------

query TTTT
SELECT
  RPAD(ascii_1, 20, 'x'),
  RPAD(ascii_1, 20, NULL),
  RPAD(unicode_1, 20, '🔥'),
  RPAD(unicode_1, 20, NULL)
FROM test_basic_operator;
----
Andrewxxxxxxxxxxxxxx NULL datafusion📊🔥🔥🔥🔥🔥🔥🔥🔥🔥 NULL
Xiangpengxxxxxxxxxxx NULL datafusion数据融合🔥🔥🔥🔥🔥🔥 NULL
Raphaelxxxxxxxxxxxxx NULL datafusionДатаФусион NULL
under_scorexxxxxxxxx NULL un iść core🔥🔥🔥🔥🔥🔥🔥🔥🔥 NULL
percentxxxxxxxxxxxxx NULL pan Tadeusz ma iść w NULL
xxxxxxxxxxxxxxxxxxxx NULL 🔥🔥🔥🔥🔥🔥🔥🔥🔥🔥🔥🔥🔥🔥🔥🔥🔥🔥🔥🔥 NULL
NULL NULL NULL NULL
NULL NULL NULL NULL

query TT
SELECT
  RPAD(ascii_1, 20),
  RPAD(unicode_1, 20)
FROM test_basic_operator;
----
Andrew               datafusion📊🔥        
Xiangpeng            datafusion数据融合      
Raphael              datafusionДатаФусион
under_score          un iść core         
percent              pan Tadeusz ma iść w
                                         
NULL NULL
NULL NULL

# --------------------------------------
# Test REGEXP_LIKE
# --------------------------------------

query BBBBBBBB
SELECT
  -- without flags
  REGEXP_LIKE(ascii_1, 'an'),
  REGEXP_LIKE(unicode_1, 'таФ'),
  REGEXP_LIKE(ascii_1, NULL),
  REGEXP_LIKE(unicode_1, NULL),
  -- with flags
  REGEXP_LIKE(ascii_1, 'AN', 'i'),
  REGEXP_LIKE(unicode_1, 'ТаФ', 'i'),
  REGEXP_LIKE(ascii_1, NULL, 'i'),
  REGEXP_LIKE(unicode_1, NULL, 'i')
  FROM test_basic_operator;
----
false false NULL NULL true false NULL NULL
true false NULL NULL true false NULL NULL
false true NULL NULL false true NULL NULL
false false NULL NULL false false NULL NULL
false false NULL NULL false false NULL NULL
false false NULL NULL false false NULL NULL
NULL NULL NULL NULL NULL NULL NULL NULL
NULL NULL NULL NULL NULL NULL NULL NULL

# --------------------------------------
# Test REGEXP_MATCH
# --------------------------------------

query ????????
SELECT
  -- without flags
  REGEXP_MATCH(ascii_1, 'an'),
  REGEXP_MATCH(unicode_1, 'ТаФ'),
  REGEXP_MATCH(ascii_1, NULL),
  REGEXP_MATCH(unicode_1, NULL),
  -- with flags
  REGEXP_MATCH(ascii_1, 'AN', 'i'),
  REGEXP_MATCH(unicode_1, 'таФ', 'i'),
  REGEXP_MATCH(ascii_1, NULL, 'i'),
  REGEXP_MATCH(unicode_1, NULL, 'i')
FROM test_basic_operator;
----
NULL NULL NULL NULL [An] NULL NULL NULL
[an] NULL NULL NULL [an] NULL NULL NULL
NULL NULL NULL NULL NULL [таФ] NULL NULL
NULL NULL NULL NULL NULL NULL NULL NULL
NULL NULL NULL NULL NULL NULL NULL NULL
NULL NULL NULL NULL NULL NULL NULL NULL
NULL NULL NULL NULL NULL NULL NULL NULL
NULL NULL NULL NULL NULL NULL NULL NULL

# --------------------------------------
# Test REPEAT
# --------------------------------------

query TT
SELECT
  REPEAT(ascii_1, 3),
  REPEAT(unicode_1, 3)
FROM test_basic_operator;
----
AndrewAndrewAndrew datafusion📊🔥datafusion📊🔥datafusion📊🔥
XiangpengXiangpengXiangpeng datafusion数据融合datafusion数据融合datafusion数据融合
RaphaelRaphaelRaphael datafusionДатаФусионdatafusionДатаФусионdatafusionДатаФусион
under_scoreunder_scoreunder_score un iść coreun iść coreun iść core
percentpercentpercent pan Tadeusz ma iść w kątpan Tadeusz ma iść w kątpan Tadeusz ma iść w kąt
(empty) (empty)
NULL NULL
NULL NULL

# --------------------------------------
# Test SPLIT_PART
# --------------------------------------

query TTTTTT
SELECT
  SPLIT_PART(ascii_1, 'e', 1),
  SPLIT_PART(ascii_1, 'e', 2),
  SPLIT_PART(ascii_1, NULL, 1),
  SPLIT_PART(unicode_1, 'и', 1),
  SPLIT_PART(unicode_1, 'и', 2),
  SPLIT_PART(unicode_1, NULL, 1)
FROM test_basic_operator;
----
Andr w NULL datafusion📊🔥 (empty) NULL
Xiangp ng NULL datafusion数据融合 (empty) NULL
Rapha l NULL datafusionДатаФус он NULL
und r_scor NULL un iść core (empty) NULL
p rc NULL pan Tadeusz ma iść w kąt (empty) NULL
(empty) (empty) NULL (empty) (empty) NULL
NULL NULL NULL NULL NULL NULL
NULL NULL NULL NULL NULL NULL

# --------------------------------------
# Test REVERSE
# --------------------------------------

query TT
SELECT
  REVERSE(ascii_1),
  REVERSE(unicode_1)
FROM test_basic_operator;
----
werdnA 🔥📊noisufatad
gnepgnaiX 合融据数noisufatad
leahpaR ноисуФатаДnoisufatad
erocs_rednu eroc ćśi nu
tnecrep tąk w ćśi am zsuedaT nap
(empty) (empty)
NULL NULL
NULL NULL

# --------------------------------------
# Test STRPOS
# --------------------------------------

query IIIIII
SELECT
  STRPOS(ascii_1, 'e'),
  STRPOS(ascii_1, 'ang'),
  STRPOS(ascii_1, NULL),
  STRPOS(unicode_1, 'и'),
  STRPOS(unicode_1, 'ион'),
  STRPOS(unicode_1, NULL)
FROM test_basic_operator;
----
5 0 NULL 0 0 NULL
7 3 NULL 0 0 NULL
6 0 NULL 18 18 NULL
4 0 NULL 0 0 NULL
2 0 NULL 0 0 NULL
0 0 NULL 0 0 NULL
NULL NULL NULL NULL NULL NULL
NULL NULL NULL NULL NULL NULL

# --------------------------------------
# Test SUBSTR_INDEX
# --------------------------------------

query TTTTTT
SELECT
  SUBSTR_INDEX(ascii_1, 'e', 1),
  SUBSTR_INDEX(ascii_1, 'ang', 1),
  SUBSTR_INDEX(ascii_1, NULL, 1),
  SUBSTR_INDEX(unicode_1, 'и', 1),
  SUBSTR_INDEX(unicode_1, '据融', 1),
  SUBSTR_INDEX(unicode_1, NULL, 1)
FROM test_basic_operator;
----
Andr Andrew NULL datafusion📊🔥 datafusion📊🔥 NULL
Xiangp Xi NULL datafusion数据融合 datafusion数 NULL
Rapha Raphael NULL datafusionДатаФус datafusionДатаФусион NULL
und under_score NULL un iść core un iść core NULL
p percent NULL pan Tadeusz ma iść w kąt pan Tadeusz ma iść w kąt NULL
(empty) (empty) NULL (empty) (empty) NULL
NULL NULL NULL NULL NULL NULL
NULL NULL NULL NULL NULL NULL
