# Licensed to the Apache Software Foundation (ASF) under one
# or more contributor license agreements.  See the NOTICE file
# distributed with this work for additional information
# regarding copyright ownership.  The ASF licenses this file
# to you under the Apache License, Version 2.0 (the
# "License"); you may not use this file except in compliance
# with the License.  You may obtain a copy of the License at

#   http://www.apache.org/licenses/LICENSE-2.0

# Unless required by applicable law or agreed to in writing,
# software distributed under the License is distributed on an
# "AS IS" BASIS, WITHOUT WARRANTIES OR CONDITIONS OF ANY
# KIND, either express or implied.  See the License for the
# specific language governing permissions and limitations
# under the License.

# This file was originally created by a porting script from:
#   https://github.com/lakehq/sail/tree/43b6ed8221de5c4c4adbedbb267ae1351158b43c/crates/sail-spark-connect/tests/gold_data/function
# This file is part of the implementation of the datafusion-spark function library.
# For more information, please see:
#   https://github.com/apache/datafusion/issues/15914

## Original Query: SELECT date_sub('2016-07-30', 1);
## PySpark 3.5.5 Result: {'date_sub(2016-07-30, 1)': datetime.date(2016, 7, 29), 'typeof(date_sub(2016-07-30, 1))': 'date', 'typeof(2016-07-30)': 'string', 'typeof(1)': 'int'}

# Basic date_sub tests
query D
SELECT date_sub('2016-07-30'::date, 1::int);
----
2016-07-29

query D
SELECT date_sub('2016-07-30'::date, arrow_cast(1, 'Int8'));
----
2016-07-29

query D
SELECT date_sub('2016-07-30'::date, arrow_cast(1, 'Int16'));
----
2016-07-29

query D
SELECT date_sub('2016-07-30'::date, 0::int);
----
2016-07-30

query I
SELECT date_sub('1969-01-01'::date, 2147483647::int)::int;
----
2147483284

query D
SELECT date_sub('2016-07-30'::date, 100000::int);
----
1742-10-15

# Test with negative day values (should add days)
query D
SELECT date_sub('2016-07-30'::date, -1::int);
----
2016-07-31

query D
SELECT date_sub('2016-07-30'::date, -5::int);
----
2016-08-04

# Test with NULL values
query D
SELECT date_sub(NULL::date, 1::int);
----
NULL

query D
SELECT date_sub('2016-07-30'::date, NULL::int);
----
NULL

query D
SELECT date_sub(NULL::date, NULL::int);
----
NULL
