# Licensed to the Apache Software Foundation (ASF) under one
# or more contributor license agreements.  See the NOTICE file
# distributed with this work for additional information
# regarding copyright ownership.  The ASF licenses this file
# to you under the Apache License, Version 2.0 (the
# "License"); you may not use this file except in compliance
# with the License.  You may obtain a copy of the License at

#   http://www.apache.org/licenses/LICENSE-2.0

# Unless required by applicable law or agreed to in writing,
# software distributed under the License is distributed on an
# "AS IS" BASIS, WITHOUT WARRANTIES OR CONDITIONS OF ANY
# KIND, either express or implied.  See the License for the
# specific language governing permissions and limitations
# under the License.

# This file was originally created by a porting script from:
#   https://github.com/lakehq/sail/tree/43b6ed8221de5c4c4adbedbb267ae1351158b43c/crates/sail-spark-connect/tests/gold_data/function
# This file is part of the implementation of the datafusion-spark function library.
# For more information, please see:
#   https://github.com/apache/datafusion/issues/15914

query D
SELECT next_day('2015-01-14'::DATE, 'TU'::string);
----
2015-01-20

query D
SELECT next_day('2015-07-27'::DATE, 'Sun'::string);
----
2015-08-02

query D
SELECT next_day('2015-07-27'::DATE, 'Sat'::string);
----
2015-08-01

query error Failed to coerce arguments to satisfy a call to 'next_day' function
SELECT next_day('2015-07-27'::DATE);

query error Failed to coerce arguments to satisfy a call to 'next_day' function
SELECT next_day('Sun'::string);

query error 'next_day' does not support zero arguments
SELECT next_day();

query error Failed to coerce arguments to satisfy a call to 'next_day' function
SELECT next_day(1::int, 'Sun'::string);

query error Failed to coerce arguments to satisfy a call to 'next_day' function
SELECT next_day('2015-07-27'::DATE, 'Sat'::string, 'Sun'::string);

query error Failed to coerce arguments to satisfy a call to 'next_day' function
SELECT next_day('invalid_date'::string, 'Mon'::string);

query D
SELECT next_day('2000-01-01'::DATE, 2.0::float);
----
NULL

query D
SELECT next_day('2020-01-01'::DATE, 'invalid_day'::string);
----
NULL

query error Cast error: Cannot cast string '2015-13-32' to value of Date32 type
SELECT next_day('2015-13-32'::DATE, 'Sun'::string);

query D
SELECT next_day(a, b)
FROM VALUES
    ('2000-01-01'::DATE, 'Mon'::string),
    (NULL::DATE, NULL::string),
    (NULL::DATE, 'Mon'::string),
    ('2015-01-14'::DATE, NULL::string) as t(a, b);
----
2000-01-03
NULL
NULL
NULL
