# Licensed to the Apache Software Foundation (ASF) under one
# or more contributor license agreements.  See the NOTICE file
# distributed with this work for additional information
# regarding copyright ownership.  The ASF licenses this file
# to you under the Apache License, Version 2.0 (the
# "License"); you may not use this file except in compliance
# with the License.  You may obtain a copy of the License at

#   http://www.apache.org/licenses/LICENSE-2.0

# Unless required by applicable law or agreed to in writing,
# software distributed under the License is distributed on an
# "AS IS" BASIS, WITHOUT WARRANTIES OR CONDITIONS OF ANY
# KIND, either express or implied.  See the License for the
# specific language governing permissions and limitations
# under the License.

# HOUR - zero out minute and second with fraction
query D
SELECT time_trunc('HOUR', '09:32:05.123456'::time);
----
09:00:00

# MINUTE - zero out second with fraction
query D
SELECT time_trunc('MINUTE', '09:32:05.123456'::time);
----
09:32:00

# SECOND - zero out fraction
query D
SELECT time_trunc('SECOND', '09:32:05.123456'::time);
----
09:32:05

# MILLISECOND - zero out microseconds
query D
SELECT time_trunc('MILLISECOND', '09:32:05.123456'::time);
----
09:32:05.123

# MICROSECOND - everything remains
query D
SELECT time_trunc('MICROSECOND', '09:32:05.123456'::time);
----
09:32:05.123456

query D
SELECT time_trunc('HOUR', column1)
FROM VALUES
('09:32:05.123456'::time),
('22:45:30.654321'::time),
('14:20:10.000001'::time),
(NULL::time);
----
09:00:00
22:00:00
14:00:00
NULL


# Null handling
query error DataFusion error: Optimizer rule 'simplify_expressions' failed\ncaused by\nError during planning: First argument of `TIME_TRUNC` must be non-null scalar Utf8
SELECT time_trunc(NULL, '09:32:05.123456'::time);

query D
SELECT time_trunc('HOUR', NULL::time);
----
NULL

# incorrect format
query error DataFusion error: Optimizer rule 'simplify_expressions' failed\ncaused by\nError during planning: The format argument of `TIME_TRUNC` must be one of: hour, minute, second, millisecond, microsecond
SELECT time_trunc('test', '09:32:05.123456'::time);
